datetime,price
2017-10-18 00:00:00 UTC,0.0227531830361496
2017-10-19 00:00:00 UTC,0.0226399439314463
2017-10-20 00:00:00 UTC,0.0257200328339097
2017-10-21 00:00:00 UTC,0.0242567433594015
2017-10-22 00:00:00 UTC,0.0236515656929645
2017-10-23 00:00:00 UTC,0.0221603390905297
2017-10-24 00:00:00 UTC,0.0233108792400874
2017-10-25 00:00:00 UTC,0.023071983407365
2017-10-26 00:00:00 UTC,0.0228154215378885
2017-10-27 00:00:00 UTC,0.0228354144643471
2017-10-28 00:00:00 UTC,0.022376107933512
2017-10-29 00:00:00 UTC,0.0244269796548713
2017-10-30 00:00:00 UTC,0.0243706322319125
2017-10-31 00:00:00 UTC,0.0259668746783744
2017-11-01 00:00:00 UTC,0.0198625449822412
2017-11-02 00:00:00 UTC,0.0182913284929255
2017-11-03 00:00:00 UTC,0.019633363888859
2017-11-04 00:00:00 UTC,0.0187830360400416
2017-11-05 00:00:00 UTC,0.0189661336793736
2017-11-06 00:00:00 UTC,0.0192062686656764
2017-11-07 00:00:00 UTC,0.0192063244971055
2017-11-08 00:00:00 UTC,0.0216916424245304
2017-11-09 00:00:00 UTC,0.0281428028171882
2017-11-10 00:00:00 UTC,0.0233953778952816
2017-11-11 00:00:00 UTC,0.0235715102595003
2017-11-12 00:00:00 UTC,0.0210259914828691
2017-11-13 00:00:00 UTC,0.0215325630598325
2017-11-14 00:00:00 UTC,0.0222337868458992
2017-11-15 00:00:00 UTC,0.0220860695734029
2017-11-16 00:00:00 UTC,0.0230348557489959
2017-11-17 00:00:00 UTC,0.0219801279447607
2017-11-18 00:00:00 UTC,0.0224982921762321
2017-11-19 00:00:00 UTC,0.0236000648330617
2017-11-20 00:00:00 UTC,0.0255656912968391
2017-11-21 00:00:00 UTC,0.0243651362660322
2017-11-22 00:00:00 UTC,0.024305712643783
2017-11-23 00:00:00 UTC,0.0235815593490092
2017-11-24 00:00:00 UTC,0.0238965675718392
2017-11-25 00:00:00 UTC,0.0256581004127398
2017-11-26 00:00:00 UTC,0.0323130634532174
2017-11-27 00:00:00 UTC,0.0424091830795381
2017-11-28 00:00:00 UTC,0.101876058179236
2017-11-29 00:00:00 UTC,0.078173094670349
2017-11-30 00:00:00 UTC,0.104281476239363
2017-12-01 00:00:00 UTC,0.110021988247611
2017-12-02 00:00:00 UTC,0.113756064477216
2017-12-03 00:00:00 UTC,0.111163256238932
2017-12-04 00:00:00 UTC,0.11487073747849
2017-12-05 00:00:00 UTC,0.110974436405241
2017-12-06 00:00:00 UTC,0.109377409102095
2017-12-07 00:00:00 UTC,0.0964079579581261
2017-12-08 00:00:00 UTC,0.101811552232724
2017-12-09 00:00:00 UTC,0.103676220826965
2017-12-10 00:00:00 UTC,0.0941227038302295
2017-12-11 00:00:00 UTC,0.102040795881574
2017-12-12 00:00:00 UTC,0.113753672385777
2017-12-13 00:00:00 UTC,0.113490765210945
2017-12-14 00:00:00 UTC,0.184288650442301
2017-12-15 00:00:00 UTC,0.185123093221277
2017-12-16 00:00:00 UTC,0.347224826622224
2017-12-17 00:00:00 UTC,0.405079537137534
2017-12-18 00:00:00 UTC,0.430181396288563
2017-12-19 00:00:00 UTC,0.462710322903466
2017-12-20 00:00:00 UTC,0.414374538530281
2017-12-21 00:00:00 UTC,0.419822661070254
2017-12-22 00:00:00 UTC,0.349652006313311
2017-12-23 00:00:00 UTC,0.367863096835734
2017-12-24 00:00:00 UTC,0.342970554341615
2017-12-25 00:00:00 UTC,0.357687585405883
2017-12-26 00:00:00 UTC,0.379274580232386
2017-12-27 00:00:00 UTC,0.361829849611094
2017-12-28 00:00:00 UTC,0.35967899080707
2017-12-29 00:00:00 UTC,0.454462192821883
2017-12-30 00:00:00 UTC,0.565263335162379
2017-12-31 00:00:00 UTC,0.639581637366671
2018-01-01 00:00:00 UTC,0.621843480311752
2018-01-02 00:00:00 UTC,0.6692611714769
2018-01-03 00:00:00 UTC,0.895428425296352
2018-01-04 00:00:00 UTC,0.977149148659334
2018-01-05 00:00:00 UTC,0.896018617564375
2018-01-06 00:00:00 UTC,0.909285708106993
2018-01-07 00:00:00 UTC,0.874583442479049
2018-01-08 00:00:00 UTC,0.786925368209646
2018-01-09 00:00:00 UTC,0.725979102013557
2018-01-10 00:00:00 UTC,0.682726515950275
2018-01-11 00:00:00 UTC,0.604185337190425
2018-01-12 00:00:00 UTC,0.789570441700608
2018-01-13 00:00:00 UTC,0.768806271633699
2018-01-14 00:00:00 UTC,0.69021723514306
2018-01-15 00:00:00 UTC,0.670582525504604
2018-01-16 00:00:00 UTC,0.520224681762088
2018-01-17 00:00:00 UTC,0.532956215047004
2018-01-18 00:00:00 UTC,0.548726217017153
2018-01-19 00:00:00 UTC,0.54476044516596
2018-01-20 00:00:00 UTC,0.600606540858591
2018-01-21 00:00:00 UTC,0.513197268792417
2018-01-22 00:00:00 UTC,0.474204660422987
2018-01-23 00:00:00 UTC,0.45892437966174
2018-01-24 00:00:00 UTC,0.504284373434666
2018-01-25 00:00:00 UTC,0.516310300994754
2018-01-26 00:00:00 UTC,0.499289039784416
2018-01-27 00:00:00 UTC,0.503201200724868
2018-01-28 00:00:00 UTC,0.507535783551425
2018-01-29 00:00:00 UTC,0.478628654192193
2018-01-30 00:05:21 UTC,0.47480132225415
2018-01-31 00:00:00 UTC,0.404551630037582
2018-02-01 00:00:00 UTC,0.402136263083182
2018-02-02 00:00:00 UTC,0.329330081223593
2018-02-03 00:00:00 UTC,0.321012013250987
2018-02-04 00:00:00 UTC,0.359511722570915
2018-02-05 00:00:00 UTC,0.317768636738287
2018-02-06 00:00:00 UTC,0.250492487469405
2018-02-07 00:00:00 UTC,0.290677957456069
2018-02-08 00:05:18 UTC,0.269311946824155
2018-02-09 00:00:00 UTC,0.279208547789941
2018-02-10 00:00:00 UTC,0.307930825888619
2018-02-11 00:00:00 UTC,0.313957378500025
2018-02-12 00:00:00 UTC,0.290007565174449
2018-02-13 00:00:00 UTC,0.30246127114407
2018-02-14 00:00:00 UTC,0.287188920947076
2018-02-15 00:00:00 UTC,0.309722352551814
2018-02-16 00:00:00 UTC,0.312690432878001
2018-02-17 00:00:00 UTC,0.314940215780628
2018-02-18 00:00:00 UTC,0.334278317318147
2018-02-19 00:00:00 UTC,0.296931943964918
2018-02-20 00:00:00 UTC,0.30130700116089
2018-02-21 00:00:00 UTC,0.2887212658775
2018-02-22 00:00:00 UTC,0.255898558725871
2018-02-23 00:00:00 UTC,0.25728921521928
2018-02-24 00:00:00 UTC,0.264714649403789
2018-02-25 00:00:00 UTC,0.246299487625765
2018-02-26 00:00:00 UTC,0.270235001250148
2018-02-27 00:00:00 UTC,0.266896777196482
2018-02-28 00:00:00 UTC,0.269748363622653
2018-03-01 00:00:00 UTC,0.250789552130186
2018-03-02 00:00:00 UTC,0.244389699926439
2018-03-03 00:00:00 UTC,0.236571930026432
2018-03-04 00:00:00 UTC,0.235207980091546
2018-03-05 00:00:00 UTC,0.24001083547632
2018-03-06 00:00:00 UTC,0.239227084913102
2018-03-07 00:00:00 UTC,0.224218219896541
2018-03-08 00:00:00 UTC,0.197009985064947
2018-03-09 00:00:00 UTC,0.175294757011806
2018-03-10 00:00:00 UTC,0.171643194339259
2018-03-11 00:00:00 UTC,0.166580537907831
2018-03-12 00:00:00 UTC,0.178678242541195
2018-03-13 00:00:00 UTC,0.181985821082657
2018-03-14 00:00:00 UTC,0.178795556462582
2018-03-15 00:00:00 UTC,0.161914634493109
2018-03-16 00:00:00 UTC,0.152247679826247
2018-03-17 00:00:00 UTC,0.148067635543905
2018-03-18 00:00:00 UTC,0.128526919166569
2018-03-19 00:00:00 UTC,0.12707050380748
2018-03-20 00:00:00 UTC,0.157723988103293
2018-03-21 00:00:00 UTC,0.166379289007455
2018-03-22 00:00:00 UTC,0.174855105116783
2018-03-23 00:00:00 UTC,0.165314757944476
2018-03-24 00:00:00 UTC,0.153151622772553
2018-03-25 00:00:00 UTC,0.153052297611429
2018-03-26 00:00:00 UTC,0.149602249283474
2018-03-27 00:00:00 UTC,0.134712610191079
2018-03-28 00:00:00 UTC,0.125477916060265
2018-03-29 00:00:00 UTC,0.129934385685092
2018-03-30 00:00:00 UTC,0.118885623720847
2018-03-31 00:00:00 UTC,0.118999453651362
2018-04-01 00:00:00 UTC,0.126151818204156
2018-04-02 00:00:00 UTC,0.12314692364648
2018-04-03 00:00:00 UTC,0.127303589914317
2018-04-04 00:00:00 UTC,0.140790996756605
2018-04-05 00:00:00 UTC,0.126735639175517
2018-04-06 00:00:00 UTC,0.122615237933586
2018-04-07 00:00:00 UTC,0.117505014787909
2018-04-08 00:00:00 UTC,0.120552391017215
2018-04-09 00:00:00 UTC,0.127329541513345
2018-04-10 00:00:00 UTC,0.124333931336091
2018-04-11 00:00:00 UTC,0.126545606555015
2018-04-12 00:00:00 UTC,0.134018319848663
2018-04-13 00:00:00 UTC,0.172645421695974
2018-04-14 00:00:00 UTC,0.161214864313918
2018-04-15 00:00:00 UTC,0.161712546286694
2018-04-16 00:00:00 UTC,0.179260001663902
2018-04-17 00:00:00 UTC,0.206900949904309
2018-04-18 00:00:00 UTC,0.196770889006759
2018-04-19 00:00:00 UTC,0.210452855930444
2018-04-20 00:00:00 UTC,0.220756754758873
2018-04-21 00:00:00 UTC,0.239087075886685
2018-04-22 00:00:00 UTC,0.236801515439239
2018-04-23 00:00:00 UTC,0.231562858386514
2018-04-24 00:00:00 UTC,0.235547121191084
2018-04-25 00:00:00 UTC,0.256004001373248
2018-04-26 00:00:00 UTC,0.221692765250731
2018-04-27 00:00:00 UTC,0.242415550932731
2018-04-28 00:00:00 UTC,0.23817778476887
2018-04-29 00:00:00 UTC,0.29294221217903
2018-04-30 00:00:00 UTC,0.299502963282282
2018-05-01 00:00:00 UTC,0.282388128308464
2018-05-02 00:00:00 UTC,0.297180631211124
2018-05-03 00:00:00 UTC,0.309199650809845
2018-05-04 00:00:00 UTC,0.310253327600492
2018-05-05 00:00:00 UTC,0.299749922636369
2018-05-06 00:00:00 UTC,0.305152318848235
2018-05-07 00:00:00 UTC,0.291893206563449
2018-05-08 00:00:00 UTC,0.280121742863554
2018-05-09 00:00:00 UTC,0.271176990034268
2018-05-10 00:00:00 UTC,0.266755083550253
2018-05-11 00:00:00 UTC,0.247831615090041
2018-05-12 00:00:00 UTC,0.21850938343107
2018-05-13 00:00:00 UTC,0.226747041768085
2018-05-14 00:00:00 UTC,0.238897745113355
2018-05-15 00:00:00 UTC,0.229592374274287
2018-05-16 00:00:00 UTC,0.219150087110859
2018-05-17 00:00:00 UTC,0.216621939330661
2018-05-18 00:00:00 UTC,0.20651865618258
2018-05-19 00:00:00 UTC,0.205485260552909
2018-05-20 00:00:00 UTC,0.203368176170255
2018-05-21 00:00:00 UTC,0.21622234269108
2018-05-22 00:00:00 UTC,0.210410012490227
2018-05-23 00:00:00 UTC,0.190398561805554
2018-05-24 00:00:00 UTC,0.171441522007768
2018-05-25 00:00:00 UTC,0.17752444827236
2018-05-26 00:00:00 UTC,0.172322443571037
2018-05-27 00:00:00 UTC,0.168506801316972
2018-05-28 00:00:00 UTC,0.165493116173368
2018-05-29 00:00:00 UTC,0.150324414696459
2018-05-30 00:00:00 UTC,0.176140675887143
2018-05-31 00:00:00 UTC,0.181714057205738
2018-06-01 00:00:00 UTC,0.191826238095659
2018-06-02 00:00:00 UTC,0.190264331597338
2018-06-03 00:00:00 UTC,0.194222304667524
2018-06-04 00:00:00 UTC,0.194106498607053
2018-06-05 00:00:00 UTC,0.182677563271923
2018-06-06 00:00:00 UTC,0.187027027559396
2018-06-07 00:00:00 UTC,0.182706856043953
2018-06-08 00:00:00 UTC,0.17741188111107
2018-06-09 00:00:00 UTC,0.173460845836488
2018-06-10 00:00:00 UTC,0.169932978176513
2018-06-11 00:00:00 UTC,0.150187628540424
2018-06-12 00:00:00 UTC,0.153732684135335
2018-06-13 00:00:00 UTC,0.141439268012039
2018-06-14 00:00:00 UTC,0.136053483452565
2018-06-15 00:00:00 UTC,0.148482106663691
2018-06-16 00:00:00 UTC,0.139545138501401
2018-06-17 00:00:00 UTC,0.139718290212312
2018-06-18 00:00:00 UTC,0.138223612037318
2018-06-19 00:00:00 UTC,0.140515988398587
2018-06-20 00:00:00 UTC,0.143768087312419
2018-06-21 00:00:00 UTC,0.139642364203786
2018-06-22 00:00:00 UTC,0.136398161112276
2018-06-23 00:00:00 UTC,0.12041732066043
2018-06-24 00:00:00 UTC,0.11895867792165
2018-06-25 00:00:00 UTC,0.113305806655577
2018-06-26 00:00:00 UTC,0.115493256696876
2018-06-27 00:00:00 UTC,0.108199014833767
2018-06-28 00:00:00 UTC,0.109848144128057
2018-06-29 00:00:00 UTC,0.103350107583259
2018-06-30 00:00:00 UTC,0.106928676921015
2018-07-01 00:00:00 UTC,0.117773256364059
2018-07-02 00:00:00 UTC,0.12119267685746
2018-07-03 00:00:00 UTC,0.131934249581352
2018-07-04 00:00:00 UTC,0.128536230645615
2018-07-05 00:00:00 UTC,0.12929950211034
2018-07-06 00:00:00 UTC,0.126071556237544
2018-07-07 00:00:00 UTC,0.12374522751114
2018-07-08 00:00:00 UTC,0.125952442164839
2018-07-09 00:00:00 UTC,0.12366267164087
2018-07-10 00:00:00 UTC,0.118806224226663
2018-07-11 00:00:00 UTC,0.109723216116077
2018-07-12 00:00:00 UTC,0.112425486380675
2018-07-13 00:00:00 UTC,0.108736738733734
2018-07-14 00:00:00 UTC,0.117267025898718
2018-07-15 00:00:00 UTC,0.116949306565579
2018-07-16 00:00:00 UTC,0.121711561659118
2018-07-17 00:00:00 UTC,0.136250678053679
2018-07-18 00:00:00 UTC,0.146709819835096
2018-07-19 00:00:00 UTC,0.153940933284077
2018-07-20 00:00:00 UTC,0.15532473366038
2018-07-21 00:00:00 UTC,0.138337524102717
2018-07-22 00:00:00 UTC,0.139086810855493
2018-07-23 00:00:00 UTC,0.144514300788841
2018-07-24 00:00:00 UTC,0.140640679084509
2018-07-25 00:00:00 UTC,0.1479345879881
2018-07-26 00:00:00 UTC,0.146649631067926
2018-07-27 00:00:00 UTC,0.141462168501536
2018-07-28 00:00:00 UTC,0.141472194681846
2018-07-29 00:00:00 UTC,0.140091155720271
2018-07-30 00:00:00 UTC,0.140106289611826
2018-07-31 00:00:00 UTC,0.131418716398293
2018-08-01 00:00:00 UTC,0.122391392087407
2018-08-02 00:00:00 UTC,0.12082901926266
2018-08-03 00:00:00 UTC,0.113692004595988
2018-08-04 00:00:00 UTC,0.112358448851056
2018-08-05 00:00:00 UTC,0.109610237755848
2018-08-06 00:00:00 UTC,0.11329190324812
2018-08-07 00:00:00 UTC,0.112688695155924
2018-08-08 00:00:00 UTC,0.107868552890756
2018-08-09 00:00:00 UTC,0.0986001320273427
2018-08-10 00:00:00 UTC,0.106922808208166
2018-08-11 00:00:00 UTC,0.101273256026124
2018-08-12 00:00:00 UTC,0.0973021889852522
2018-08-13 00:00:00 UTC,0.0985542228038924
2018-08-14 00:00:00 UTC,0.0911444311039555
2018-08-15 00:00:00 UTC,0.0833644073905115
2018-08-16 00:00:00 UTC,0.0834013732380654
2018-08-17 00:00:00 UTC,0.0836720767318374
2018-08-18 00:00:00 UTC,0.0959895743632898
2018-08-19 00:00:00 UTC,0.087032553142027
2018-08-20 00:00:00 UTC,0.0895601488253232
2018-08-21 00:00:00 UTC,0.0816671700048168
2018-08-22 00:00:00 UTC,0.0819863508966985
2018-08-23 00:00:00 UTC,0.0776188551432655
2018-08-24 00:00:00 UTC,0.0800078042060934
2018-08-25 00:00:00 UTC,0.0810779983703645
2018-08-26 00:00:00 UTC,0.0812513467806543
2018-08-27 00:00:00 UTC,0.0801937941469071
2018-08-28 00:00:00 UTC,0.086388726734873
2018-08-29 00:00:00 UTC,0.0904172664787861
2018-08-30 00:00:00 UTC,0.0899673086561182
2018-08-31 00:00:00 UTC,0.0865088670290581
2018-09-01 00:00:00 UTC,0.0880400667725995
2018-09-02 00:00:00 UTC,0.0925132530289038
2018-09-03 00:00:00 UTC,0.0910186908294312
2018-09-04 00:00:00 UTC,0.0892112620545266
2018-09-05 00:00:00 UTC,0.0908790602419156
2018-09-06 00:00:00 UTC,0.076147422978355
2018-09-07 00:00:00 UTC,0.0761071158361777
2018-09-08 00:00:00 UTC,0.0720486193937981
2018-09-09 00:00:00 UTC,0.0673313304414358
2018-09-10 00:00:00 UTC,0.0660875856651124
2018-09-11 00:00:00 UTC,0.0633246531484779
2018-09-12 00:00:00 UTC,0.0605722890565191
2018-09-13 00:00:00 UTC,0.0573183882043097
2018-09-14 00:00:00 UTC,0.0597838415603198
2018-09-15 00:00:00 UTC,0.0585674582647462
2018-09-16 00:00:00 UTC,0.0596200667097291
2018-09-17 00:00:00 UTC,0.0601491197078193
2018-09-18 00:00:00 UTC,0.0545945922647891
2018-09-19 00:00:00 UTC,0.0592983424250073
2018-09-20 00:00:00 UTC,0.0617546302048579
2018-09-21 00:00:00 UTC,0.06892803752755
2018-09-22 00:00:00 UTC,0.0747912902199859
2018-09-23 00:00:00 UTC,0.0711720678650319
2018-09-24 00:00:00 UTC,0.0765227463939567
2018-09-25 00:00:00 UTC,0.070427850520229
2018-09-26 00:00:00 UTC,0.0688372626550769
2018-09-27 00:00:00 UTC,0.0673734088653995
2018-09-28 00:00:00 UTC,0.0741759390046104
2018-09-29 00:00:00 UTC,0.0723620385272317
2018-09-30 00:00:00 UTC,0.0728425390653694
2018-10-01 00:00:00 UTC,0.0733873266396433
2018-10-02 00:00:00 UTC,0.0730560806232746
2018-10-03 00:00:00 UTC,0.0712675176568544
2018-10-04 00:00:00 UTC,0.07048798205956
2018-10-05 00:00:00 UTC,0.0707312477210917
2018-10-06 00:00:00 UTC,0.0721742732534561
2018-10-07 00:00:00 UTC,0.070696883660668
2018-10-08 00:00:00 UTC,0.0734292520489923
2018-10-09 00:00:00 UTC,0.0755955774896013
2018-10-10 00:00:00 UTC,0.0751135524937962
2018-10-11 00:00:00 UTC,0.0735907159492723
2018-10-12 00:00:00 UTC,0.0612593009267637
2018-10-13 00:00:00 UTC,0.0635857306679779
2018-10-14 00:00:00 UTC,0.0637799784958954
2018-10-15 00:00:00 UTC,0.0620452192769218
2018-10-16 00:00:00 UTC,0.065360369530801
2018-10-17 00:00:00 UTC,0.0665328601765481
2018-10-18 00:00:00 UTC,0.0684965836531535
2018-10-19 00:00:00 UTC,0.0661560839562921
2018-10-20 00:00:00 UTC,0.0662826994414211
2018-10-21 00:00:00 UTC,0.0670246452851986
2018-10-22 00:00:00 UTC,0.0665016229732063
2018-10-23 00:00:00 UTC,0.0667523340381129
2018-10-24 00:00:00 UTC,0.0653755250310838
2018-10-25 00:00:00 UTC,0.0655359074583816
2018-10-26 00:00:00 UTC,0.0653427405250205
2018-10-27 00:00:00 UTC,0.0650061637956722
2018-10-28 00:00:00 UTC,0.0639313790224846
2018-10-29 00:00:00 UTC,0.0644687250366584
2018-10-30 00:00:00 UTC,0.0612624269247776
2018-10-31 00:00:00 UTC,0.0616999660359914
2018-11-01 00:00:00 UTC,0.0622560031188273
2018-11-02 00:00:00 UTC,0.0622945579570135
2018-11-03 00:00:00 UTC,0.0642592386055697
2018-11-04 00:00:00 UTC,0.0629962956096244
2018-11-05 00:00:00 UTC,0.0664372781256244
2018-11-06 00:00:00 UTC,0.0668345116063331
2018-11-07 00:00:00 UTC,0.0707325525759265
2018-11-08 00:00:00 UTC,0.0690671202509626
2018-11-09 00:00:00 UTC,0.0677275430438444
2018-11-10 00:00:00 UTC,0.06585686630986
2018-11-11 00:00:00 UTC,0.0664878195533649
2018-11-12 00:00:00 UTC,0.0678404202913879
2018-11-13 00:00:00 UTC,0.0680570937528755
2018-11-14 00:00:00 UTC,0.0655283571307842
2018-11-15 00:00:00 UTC,0.0579506430393408
2018-11-16 00:00:00 UTC,0.0564725335508999
2018-11-17 00:00:00 UTC,0.0537610108774925
2018-11-18 00:00:00 UTC,0.053497923099878
2018-11-19 00:00:00 UTC,0.0543871962584344
2018-11-20 00:00:00 UTC,0.0462180333453737
2018-11-21 00:00:00 UTC,0.0398979974306563
2018-11-22 00:00:00 UTC,0.0422563321918271
2018-11-23 00:00:00 UTC,0.0384866979562285
2018-11-24 00:00:00 UTC,0.0390259413832699
2018-11-25 00:00:00 UTC,0.0341481774665088
2018-11-26 00:00:00 UTC,0.0336537371807879
2018-11-27 00:00:00 UTC,0.0318563058572095
2018-11-28 00:00:00 UTC,0.0324816810853572
2018-11-29 00:00:00 UTC,0.0369817782471099
2018-11-30 00:00:00 UTC,0.0367327018729054
2018-12-01 00:00:00 UTC,0.0345098110825965
2018-12-02 00:00:00 UTC,0.0366044051251186
2018-12-03 00:00:00 UTC,0.0365967749565968
2018-12-04 00:00:00 UTC,0.0342298028964044
2018-12-05 00:00:00 UTC,0.0331387509529769
2018-12-06 00:00:00 UTC,0.0303721622556837
2018-12-07 00:00:00 UTC,0.026820228547483
2018-12-08 00:00:00 UTC,0.0261163234605775
2018-12-09 00:00:00 UTC,0.0266923871926191
2018-12-10 00:00:00 UTC,0.0274733733626392
2018-12-11 00:00:00 UTC,0.0262082228059851
2018-12-12 00:00:00 UTC,0.0259113957976008
2018-12-13 00:00:00 UTC,0.0266187910032255
2018-12-14 00:00:00 UTC,0.0255832613430141
2018-12-15 00:00:00 UTC,0.0250209922544951
2018-12-16 00:00:00 UTC,0.0244860176601863
2018-12-17 00:00:00 UTC,0.0255426219985922
2018-12-18 00:00:00 UTC,0.0284102401381917
2018-12-19 00:00:00 UTC,0.0303802432537676
2018-12-20 00:00:00 UTC,0.0306460423476351
2018-12-21 00:00:00 UTC,0.0339372946404935
2018-12-22 00:00:00 UTC,0.0355684142242313
2018-12-23 00:00:00 UTC,0.0366012476015829
2018-12-24 00:00:00 UTC,0.038505866734031
2018-12-25 00:00:00 UTC,0.0397406061365829
2018-12-26 00:00:00 UTC,0.0357084913453675
2018-12-27 00:00:00 UTC,0.0356315626518944
2018-12-28 00:00:00 UTC,0.0325762417226973
2018-12-29 00:00:00 UTC,0.0357169318470365
2018-12-30 00:00:00 UTC,0.0355185109397028
2018-12-31 00:00:00 UTC,0.0373609448990846
2019-01-01 00:00:00 UTC,0.0352757780987098
2019-01-02 00:00:00 UTC,0.0365632891440658
2019-01-03 00:00:00 UTC,0.0394810781901978
2019-01-04 00:00:00 UTC,0.0368722984845366
2019-01-05 00:00:00 UTC,0.0379566451378384
2019-01-06 00:00:00 UTC,0.0387904031437105
2019-01-07 00:00:00 UTC,0.0424633053807099
2019-01-08 00:00:00 UTC,0.0412808160324381
2019-01-09 00:00:00 UTC,0.0417606390505352
2019-01-10 00:00:00 UTC,0.044480175765173
2019-01-11 00:00:00 UTC,0.03820547835156
2019-01-12 00:00:00 UTC,0.0377963331647315
2019-01-13 00:00:00 UTC,0.0375499134936994
2019-01-14 00:00:00 UTC,0.0345278744637967
2019-01-15 00:00:00 UTC,0.0378454598157453
2019-01-16 00:00:00 UTC,0.0369818300365097
2019-01-17 00:00:00 UTC,0.0387098850101111
2019-01-18 00:00:00 UTC,0.0392619826505485
2019-01-19 00:00:00 UTC,0.0384730432205079
2019-01-20 00:00:00 UTC,0.0396807836387573
2019-01-21 00:00:00 UTC,0.037759295518786
2019-01-22 00:00:00 UTC,0.037411595268444
2019-01-23 00:00:00 UTC,0.0380683694303374
2019-01-24 00:00:00 UTC,0.037433535081447
2019-01-25 00:00:00 UTC,0.0377522408015197
2019-01-26 00:00:00 UTC,0.0371632243170543
2019-01-27 00:00:00 UTC,0.0371722558154686
2019-01-28 00:00:00 UTC,0.0358500913090596
2019-01-29 00:00:00 UTC,0.0336404750998907
2019-01-30 00:00:00 UTC,0.0332035545628265
2019-01-31 00:00:00 UTC,0.0343187895221734
2019-02-01 00:00:00 UTC,0.0333327891487418
2019-02-02 00:00:00 UTC,0.0337359774127049
2019-02-03 00:00:00 UTC,0.0340584192782127
2019-02-04 00:00:00 UTC,0.0332340003670752
2019-02-05 00:00:00 UTC,0.0331886032869405
2019-02-06 00:00:00 UTC,0.0332800307880785
2019-02-07 00:00:00 UTC,0.032309492028834
2019-02-08 00:00:00 UTC,0.0321070954431674
2019-02-09 00:00:00 UTC,0.0359583524274492
2019-02-10 00:00:00 UTC,0.0363501780314453
2019-02-11 00:00:00 UTC,0.037706886538079
2019-02-12 00:00:00 UTC,0.0369243597792629
2019-02-13 00:00:00 UTC,0.0368209625071679
2019-02-14 00:00:00 UTC,0.0364366532997239
2019-02-15 00:00:00 UTC,0.03573828250264
2019-02-16 00:00:00 UTC,0.0357980624570032
2019-02-17 00:00:00 UTC,0.0362981287312008
2019-02-18 00:00:00 UTC,0.0367726917857426
2019-02-19 00:00:00 UTC,0.0401013382866424
2019-02-20 00:00:00 UTC,0.0404781155944503
2019-02-21 00:00:00 UTC,0.0417082445808128
2019-02-22 00:00:00 UTC,0.0395322625826596
2019-02-23 00:00:00 UTC,0.0404266818616009
2019-02-24 00:00:00 UTC,0.0425489489432102
2019-02-25 00:00:00 UTC,0.0370156628984102
2019-02-26 00:00:00 UTC,0.0382989686639439
2019-02-27 00:00:00 UTC,0.0376230286368292
2019-02-28 00:00:00 UTC,0.0378092006240268
2019-03-01 00:00:00 UTC,0.0376265849327205
2019-03-02 00:00:00 UTC,0.0377447542800867
2019-03-03 00:00:00 UTC,0.0372191111645451
2019-03-04 00:00:00 UTC,0.0369311630695213
2019-03-05 00:00:00 UTC,0.0354430968216277
2019-03-06 00:00:00 UTC,0.0378558449786144
2019-03-07 00:00:00 UTC,0.0375740503379744
2019-03-08 00:00:00 UTC,0.0380855638896434
2019-03-09 00:00:00 UTC,0.0377191127204093
2019-03-10 00:00:00 UTC,0.0415220355748745
2019-03-11 00:00:00 UTC,0.0405271306156629
2019-03-12 00:00:00 UTC,0.042065835417502
2019-03-13 00:00:00 UTC,0.0418316890383107
2019-03-14 00:00:00 UTC,0.0407649027933897
2019-03-15 00:00:00 UTC,0.0421072593636088
2019-03-16 00:00:00 UTC,0.0439490159413884
2019-03-17 00:00:00 UTC,0.0452031065050722
2019-03-18 00:00:00 UTC,0.0438927617828093
2019-03-19 00:00:00 UTC,0.0441384371109374
2019-03-20 00:00:00 UTC,0.0457505550907434
2019-03-21 00:00:00 UTC,0.0466335197488351
2019-03-22 00:00:00 UTC,0.0462835146518966
2019-03-23 00:00:00 UTC,0.051092979771677
2019-03-24 00:00:00 UTC,0.0561505004461199
2019-03-25 00:00:00 UTC,0.0541030795545888
2019-03-26 00:00:00 UTC,0.0518232577966556
2019-03-27 00:00:00 UTC,0.0545032020901935
2019-03-28 00:00:00 UTC,0.0595360907413059
2019-03-29 00:00:00 UTC,0.0584074243153358
2019-03-30 00:00:00 UTC,0.0640783251809582
2019-03-31 00:00:00 UTC,0.0639927290297338
2019-04-01 00:00:00 UTC,0.0623490734134234
2019-04-02 00:00:00 UTC,0.0645455062034318
2019-04-03 00:00:00 UTC,0.0755432865080052
2019-04-04 00:00:00 UTC,0.0806193634431825
2019-04-05 00:00:00 UTC,0.077682148723642
2019-04-06 00:00:00 UTC,0.0804760218669586
2019-04-07 00:00:00 UTC,0.0800824656139444
2019-04-08 00:00:00 UTC,0.0802994532053419
2019-04-09 00:00:00 UTC,0.076987274694832
2019-04-10 00:00:00 UTC,0.0739959001506451
2019-04-11 00:00:00 UTC,0.0794913970573844
2019-04-12 00:00:00 UTC,0.0737813050860447
2019-04-13 00:00:00 UTC,0.0735162585692506
2019-04-14 00:00:00 UTC,0.0737541703574999
2019-04-15 00:00:00 UTC,0.0745605447623845
2019-04-16 00:00:00 UTC,0.0727226737229641
2019-04-17 00:00:00 UTC,0.0738176486017016
2019-04-18 00:00:00 UTC,0.0732334399422056
2019-04-19 00:00:00 UTC,0.0725463262294677
2019-04-20 00:00:00 UTC,0.0705005961910266
2019-04-21 00:00:00 UTC,0.0677639274218508
2019-04-22 00:00:00 UTC,0.0658121879878841
2019-04-23 00:00:00 UTC,0.0690329436462504
2019-04-24 00:00:00 UTC,0.0661815775550839
2019-04-25 00:00:00 UTC,0.0646069456476976
2019-04-26 00:00:00 UTC,0.0622404695442872
2019-04-27 00:00:00 UTC,0.0623829583927026
2019-04-28 00:00:00 UTC,0.062927908746149
2019-04-29 00:00:00 UTC,0.0614412106037649
2019-04-30 00:00:00 UTC,0.0574545114304446
2019-05-01 00:00:00 UTC,0.0621045436991194
2019-05-02 00:00:00 UTC,0.061109296554044
2019-05-03 00:00:00 UTC,0.0608909753609316
2019-05-04 00:00:00 UTC,0.0618915996996505
2019-05-05 00:00:00 UTC,0.0594564441780242
2019-05-06 00:00:00 UTC,0.0586883919644261
2019-05-07 00:00:00 UTC,0.0593293920769578
2019-05-08 00:00:00 UTC,0.0570901875217521
2019-05-09 00:00:00 UTC,0.0573557560509936
2019-05-10 00:00:00 UTC,0.0549796874302084
2019-05-11 00:00:00 UTC,0.0562985413353004
2019-05-12 00:00:00 UTC,0.068214379671521
2019-05-13 00:00:00 UTC,0.0622863583590543
2019-05-14 00:00:00 UTC,0.0649351041868699
2019-05-15 00:00:00 UTC,0.0752286517195024
2019-05-16 00:00:00 UTC,0.0846893487118053
2019-05-17 00:00:00 UTC,0.0789095798878448
2019-05-18 00:00:00 UTC,0.0744857480158406
2019-05-19 00:00:00 UTC,0.0710130604634672
2019-05-20 00:00:00 UTC,0.0776303329187821
2019-05-21 00:00:00 UTC,0.075889900518084
2019-05-22 00:00:00 UTC,0.0756972995241924
2019-05-23 00:00:00 UTC,0.0700292883865837
2019-05-24 00:00:00 UTC,0.0716479520057529
2019-05-25 00:00:00 UTC,0.0718335851921308
2019-05-26 00:00:00 UTC,0.0715693978565075
2019-05-27 00:00:00 UTC,0.0764490937413662
2019-05-28 00:00:00 UTC,0.0820945050444058
2019-05-29 00:00:00 UTC,0.0832197961796467
2019-05-30 00:00:00 UTC,0.0816450622138836
2019-05-31 00:00:00 UTC,0.0762792526543932
2019-06-01 00:00:00 UTC,0.0802192217913114
2019-06-02 00:00:00 UTC,0.0809927771740554
2019-06-03 00:00:00 UTC,0.0862566874107699
2019-06-04 00:00:00 UTC,0.0789896523982489
2019-06-05 00:00:00 UTC,0.0731933521648626
2019-06-06 00:00:00 UTC,0.0741227850538904
2019-06-07 00:00:00 UTC,0.0743628991512413
2019-06-08 00:00:00 UTC,0.0756550686964963
2019-06-09 00:00:00 UTC,0.0743572813271827
2019-06-10 00:00:00 UTC,0.0700019234751532
2019-06-11 00:00:00 UTC,0.0755081259536116
2019-06-12 00:00:00 UTC,0.0775619702770665
2019-06-13 00:00:00 UTC,0.0851816942008201
2019-06-14 00:00:00 UTC,0.0796372967351478
2019-06-15 00:00:00 UTC,0.0803891760610241
2019-06-16 00:00:00 UTC,0.0814943569774045
2019-06-17 00:00:00 UTC,0.0822629700741034
2019-06-18 00:00:00 UTC,0.0829924177142398
2019-06-19 00:00:00 UTC,0.080008841139899
2019-06-20 00:00:00 UTC,0.0802391844112762
2019-06-21 00:00:00 UTC,0.0782323387005929
2019-06-22 00:00:00 UTC,0.0785886265900269
2019-06-23 00:00:00 UTC,0.0828992343944825
2019-06-24 00:00:00 UTC,0.084801515270295
2019-06-25 00:00:00 UTC,0.0856922797018061
2019-06-26 00:00:00 UTC,0.0851095636532661
2019-06-27 00:00:00 UTC,0.086046236953023
2019-06-28 00:00:00 UTC,0.0759617036223729
2019-06-29 00:00:00 UTC,0.0782537389719777
2019-06-30 00:00:00 UTC,0.0794960032011854
2019-07-01 00:00:00 UTC,0.0732969611604672
2019-07-02 00:00:00 UTC,0.0741372723613809
2019-07-03 00:00:00 UTC,0.0716397147965808
2019-07-04 00:00:00 UTC,0.0732967105952974
2019-07-05 00:00:00 UTC,0.069917004244564
2019-07-06 00:00:00 UTC,0.0679589384981357
2019-07-07 00:00:00 UTC,0.0689777164248346
2019-07-08 00:00:00 UTC,0.0709848346940866
2019-07-09 00:00:00 UTC,0.0715877533520182
2019-07-10 00:00:00 UTC,0.0695672428614799
2019-07-11 00:00:00 UTC,0.0638569812215618
2019-07-12 00:00:00 UTC,0.0578839256086513
2019-07-13 00:00:00 UTC,0.0616453957237976
2019-07-14 00:00:00 UTC,0.0595504391702203
2019-07-15 00:00:00 UTC,0.0527557768525134
2019-07-16 00:00:00 UTC,0.0520730153343421
2019-07-17 00:00:00 UTC,0.0464739533324667
2019-07-18 00:00:00 UTC,0.0489289952799172
2019-07-19 00:00:00 UTC,0.0521481858957883
2019-07-20 00:00:00 UTC,0.0532957893272717
2019-07-21 00:00:00 UTC,0.0561335469446805
2019-07-22 00:00:00 UTC,0.0546532379638956
2019-07-23 00:00:00 UTC,0.0535293074078988
2019-07-24 00:00:00 UTC,0.0499390022636421
2019-07-25 00:00:00 UTC,0.0506157115541543
2019-07-26 00:00:00 UTC,0.0523502450097932
2019-07-27 00:00:00 UTC,0.0562234923230018
2019-07-28 00:00:00 UTC,0.0537469592054938
2019-07-29 00:00:00 UTC,0.0534060975242706
2019-07-30 00:00:00 UTC,0.0541439182261642
2019-07-31 00:00:00 UTC,0.053621133344243
2019-08-01 00:00:00 UTC,0.0577955673094283
2019-08-02 00:00:00 UTC,0.0528834767748512
2019-08-03 00:00:00 UTC,0.051779874327105
2019-08-04 00:00:00 UTC,0.0517610852231178
2019-08-05 00:00:00 UTC,0.0505981152152859
2019-08-06 00:00:00 UTC,0.0502515870964473
2019-08-07 00:00:00 UTC,0.0479828690381874
2019-08-08 00:00:00 UTC,0.0462888474730069
2019-08-09 00:00:00 UTC,0.0469367502738343
2019-08-10 00:00:00 UTC,0.0422042206829274
2019-08-11 00:00:00 UTC,0.046077320323129
2019-08-12 00:00:00 UTC,0.0492012989031256
2019-08-13 00:00:00 UTC,0.0472200210665952
2019-08-14 00:00:00 UTC,0.0473145429581338
2019-08-15 00:00:00 UTC,0.0420589916634732
2019-08-16 00:00:00 UTC,0.0427938584567491
2019-08-17 00:00:00 UTC,0.0420654193441624
2019-08-18 00:00:00 UTC,0.0426949985267689
2019-08-19 00:00:00 UTC,0.0456785577088064
2019-08-20 00:00:00 UTC,0.0452958078682768
2019-08-21 00:00:00 UTC,0.0443160556494477
2019-08-22 00:00:00 UTC,0.042523975327103
2019-08-23 00:00:00 UTC,0.0445658002662623
2019-08-24 00:00:00 UTC,0.0442749427863508
2019-08-25 00:00:00 UTC,0.0446431047666237
2019-08-26 00:00:00 UTC,0.0443689033504493
2019-08-27 00:00:00 UTC,0.04468231111474
2019-08-28 00:00:00 UTC,0.0449899819665614
2019-08-29 00:00:00 UTC,0.041467225292841
2019-08-30 00:00:00 UTC,0.0403329254619214
2019-08-31 00:00:00 UTC,0.040691352092499
2019-09-01 00:00:00 UTC,0.0407605141041863
2019-09-02 00:00:00 UTC,0.0404782710164692
2019-09-03 00:00:00 UTC,0.0413606537956004
2019-09-04 00:00:00 UTC,0.0424663924074163
2019-09-05 00:00:00 UTC,0.0411581995099629
2019-09-06 00:00:00 UTC,0.0402646898894836
2019-09-07 00:00:00 UTC,0.0398125329706969
2019-09-08 00:00:00 UTC,0.0411817099964571
2019-09-09 00:00:00 UTC,0.0422073369455373
2019-09-10 00:00:00 UTC,0.0423753476544915
2019-09-11 00:00:00 UTC,0.0421355168828234
2019-09-12 00:00:00 UTC,0.0407670217605277
2019-09-13 00:00:00 UTC,0.0409838333632686
2019-09-14 00:00:00 UTC,0.0411132787368628
2019-09-15 00:00:00 UTC,0.0417382566513313
2019-09-16 00:00:00 UTC,0.0420731983939069
2019-09-17 00:00:00 UTC,0.0428052414182688
2019-09-18 00:00:00 UTC,0.0442453452627885
2019-09-19 00:00:00 UTC,0.0478656946934383
2019-09-20 00:00:00 UTC,0.0475414094811936
2019-09-21 00:00:00 UTC,0.0471721678718089
2019-09-22 00:00:00 UTC,0.0469760080422925
2019-09-23 00:00:00 UTC,0.044678065385547
2019-09-24 00:00:00 UTC,0.0422136889773271
2019-09-25 00:00:00 UTC,0.0351764317873063
2019-09-26 00:00:00 UTC,0.03572454984512
2019-09-27 00:00:00 UTC,0.0347688399637688
2019-09-28 00:00:00 UTC,0.0357717094004871
2019-09-29 00:00:00 UTC,0.0353662260691613
2019-09-30 00:00:00 UTC,0.0341058292393507
2019-10-01 00:00:00 UTC,0.0355893606657973
2019-10-02 00:00:00 UTC,0.0358993270367695
2019-10-03 00:00:00 UTC,0.0358813186294896
2019-10-04 00:00:00 UTC,0.0361125762464376
2019-10-05 00:00:00 UTC,0.0358294917740626
2019-10-06 00:00:00 UTC,0.0361313420470372
2019-10-07 00:00:00 UTC,0.0353968757931826
2019-10-08 00:00:00 UTC,0.0376553359797833
2019-10-09 00:00:00 UTC,0.0375822196700766
2019-10-10 00:00:00 UTC,0.0386648075634873
2019-10-11 00:00:00 UTC,0.0378072517770341
2019-10-12 00:00:00 UTC,0.0364486304612325
2019-10-13 00:00:00 UTC,0.0366277738349805
2019-10-14 00:00:00 UTC,0.0373536642826688
2019-10-15 00:00:00 UTC,0.0377702619180019
2019-10-16 00:00:00 UTC,0.0359442169072387
2019-10-17 00:00:00 UTC,0.0348318207844716
2019-10-18 00:00:00 UTC,0.0353348333940549
2019-10-19 00:00:00 UTC,0.0340653044221617
2019-10-20 00:00:00 UTC,0.0348910008005175
2019-10-21 00:00:00 UTC,0.0353909747759415
2019-10-22 00:00:00 UTC,0.0351597621557298
2019-10-23 00:00:00 UTC,0.0347663181556853
2019-10-24 00:00:00 UTC,0.0326775370903776
2019-10-25 00:00:00 UTC,0.0336366517387799
2019-10-26 00:00:00 UTC,0.0370908755714567
2019-10-27 00:00:00 UTC,0.0366531200832284
2019-10-28 00:00:00 UTC,0.0379648909155763
2019-10-29 00:00:00 UTC,0.0380642354129214
2019-10-30 00:00:00 UTC,0.0389746040569398
2019-10-31 00:00:00 UTC,0.0374291438471506
2019-11-01 00:00:00 UTC,0.037076408019791
2019-11-02 00:00:00 UTC,0.0377649580874149
2019-11-03 00:00:00 UTC,0.0380181901795335
2019-11-04 00:00:00 UTC,0.0374022701655888
2019-11-05 00:00:00 UTC,0.0387187841471793
2019-11-06 00:00:00 UTC,0.0398800309763532
2019-11-07 00:00:00 UTC,0.0404553584080688
2019-11-08 00:00:00 UTC,0.0393326193285877
2019-11-09 00:00:00 UTC,0.0382996270591101
2019-11-10 00:00:00 UTC,0.0384783265258295
2019-11-11 00:00:00 UTC,0.0397799899407329
2019-11-12 00:00:00 UTC,0.0391049474495716
2019-11-13 00:00:00 UTC,0.0396698070153639
2019-11-14 00:00:00 UTC,0.0393557463874645
2019-11-15 00:00:00 UTC,0.0388793406513236
2019-11-16 00:00:00 UTC,0.0397711109262457
2019-11-17 00:00:00 UTC,0.039732417352018
2019-11-18 00:00:00 UTC,0.0407376492400822
2019-11-19 00:00:00 UTC,0.0390849784659608
2019-11-20 00:00:00 UTC,0.0380395832300718
2019-11-21 00:00:00 UTC,0.0369657971808391
2019-11-22 00:00:00 UTC,0.0347516741346393
2019-11-23 00:00:00 UTC,0.0336667680319789
2019-11-24 00:00:00 UTC,0.0343890944114587
2019-11-25 00:00:00 UTC,0.0318807101963379
2019-11-26 00:00:00 UTC,0.0326567970802854
2019-11-27 00:00:00 UTC,0.0332731752676891
2019-11-28 00:00:00 UTC,0.0352765862068317
2019-11-29 00:00:00 UTC,0.0354959714077151
2019-11-30 00:00:00 UTC,0.0373759027184433
2019-12-01 00:00:00 UTC,0.036650950691642
2019-12-02 00:00:00 UTC,0.0358735602896122
2019-12-03 00:00:00 UTC,0.034362397543637
2019-12-04 00:00:00 UTC,0.0340588489958377
2019-12-05 00:00:00 UTC,0.0335437135797495
2019-12-06 00:00:00 UTC,0.0337887470548313
2019-12-07 00:00:00 UTC,0.0344992730891011
2019-12-08 00:00:00 UTC,0.0347516237858171
2019-12-09 00:00:00 UTC,0.0349643017625593
2019-12-10 00:00:00 UTC,0.0337763170885249
2019-12-11 00:00:00 UTC,0.0328185551909407
2019-12-12 00:00:00 UTC,0.0328210008970903
2019-12-13 00:00:00 UTC,0.0325775926648798
2019-12-14 00:00:00 UTC,0.0332557684957907
2019-12-15 00:00:00 UTC,0.0326417874736046
2019-12-16 00:00:00 UTC,0.0327144624917438
2019-12-17 00:00:00 UTC,0.0306666817239924
2019-12-18 00:00:00 UTC,0.028501398081448
2019-12-19 00:00:00 UTC,0.0308473056398077
2019-12-20 00:00:00 UTC,0.0296528208521772
2019-12-21 00:00:00 UTC,0.0305970760763383
2019-12-22 00:00:00 UTC,0.0298345098451163
2019-12-23 00:00:00 UTC,0.0309462911547095
2019-12-24 00:00:00 UTC,0.0298600349393133
2019-12-25 00:00:00 UTC,0.0305171154496494
2019-12-26 00:00:00 UTC,0.0300651668978173
2019-12-27 00:00:00 UTC,0.0307319687007214
2019-12-28 00:00:00 UTC,0.0295152984148679
2019-12-29 00:00:00 UTC,0.0301298782444019
2019-12-30 00:00:00 UTC,0.030507735087305
2019-12-31 00:00:00 UTC,0.0298162735407479
2020-01-01 00:00:00 UTC,0.0293335136557009
2020-01-02 00:00:00 UTC,0.0297386849999873
2020-01-03 00:00:00 UTC,0.0291999929861234
2020-01-04 00:00:00 UTC,0.0304380932658781
2020-01-05 00:00:00 UTC,0.0307346474877645
2020-01-06 00:00:00 UTC,0.0308441932432051
2020-01-07 00:00:00 UTC,0.0330484212014209
2020-01-08 00:00:00 UTC,0.0331875064633537
2020-01-09 00:00:00 UTC,0.0325953033630848
2020-01-10 00:00:00 UTC,0.032469399531749
2020-01-11 00:00:00 UTC,0.0333105208547387
2020-01-12 00:00:00 UTC,0.0327659681705478
2020-01-13 00:00:00 UTC,0.0336176119872479
2020-01-14 00:00:00 UTC,0.0331760126587767
2020-01-15 00:00:00 UTC,0.0371030551866123
2020-01-16 00:00:00 UTC,0.0380309682698659
2020-01-17 00:00:00 UTC,0.0372577829628394
2020-01-18 00:00:00 UTC,0.0399890066951943
2020-01-19 00:00:00 UTC,0.0404052567574336
2020-01-20 00:00:00 UTC,0.0382772707350306
2020-01-21 00:00:00 UTC,0.0389345769554946
2020-01-22 00:00:00 UTC,0.0411757140009201
2020-01-23 00:00:00 UTC,0.0408715516144509
2020-01-24 00:00:00 UTC,0.0392458271096257
2020-01-25 00:00:00 UTC,0.0403201198869101
2020-01-26 00:00:00 UTC,0.0394934792139263
2020-01-27 00:00:00 UTC,0.0402454044738674
2020-01-28 00:00:00 UTC,0.0429294661728193
2020-01-29 00:00:00 UTC,0.047372560206096
2020-01-30 00:00:00 UTC,0.0482882088798323
2020-01-31 00:00:00 UTC,0.0506551526127977
2020-02-01 00:00:00 UTC,0.0485338376840693
2020-02-02 00:00:00 UTC,0.0499856349469102
2020-02-03 00:00:00 UTC,0.0502878692689281
2020-02-04 00:00:00 UTC,0.0513074348811609
2020-02-05 00:00:00 UTC,0.0506992739598107
2020-02-06 00:00:00 UTC,0.0536012018288572
2020-02-07 00:00:00 UTC,0.0544519017283923
2020-02-08 00:00:00 UTC,0.0546106974536795
2020-02-09 00:00:00 UTC,0.0549560411293077
2020-02-10 00:00:00 UTC,0.056192186050261
2020-02-11 00:00:00 UTC,0.0552234092047362
2020-02-12 00:00:00 UTC,0.0575993103588564
2020-02-13 00:00:00 UTC,0.06188158703911
2020-02-14 00:00:00 UTC,0.0630543416704984
2020-02-15 00:00:00 UTC,0.0649356286329041
2020-02-16 00:00:00 UTC,0.0597609206517361
2020-02-17 00:00:00 UTC,0.0579797745612237
2020-02-18 00:00:00 UTC,0.055785308494308
2020-02-19 00:00:00 UTC,0.0579343387034395
2020-02-20 00:00:00 UTC,0.0538216320364082
2020-02-21 00:00:00 UTC,0.0535537004352082
2020-02-22 00:00:00 UTC,0.0540803057029769
2020-02-23 00:00:00 UTC,0.0538339418035128
2020-02-24 00:00:00 UTC,0.0560414815486485
2020-02-25 00:00:00 UTC,0.0547074956524227
2020-02-26 00:00:00 UTC,0.0520474569851859
2020-02-27 00:00:00 UTC,0.0465293725029828
2020-02-28 00:00:00 UTC,0.0450993466655675
2020-02-29 00:00:00 UTC,0.0443680740296845
2020-03-01 00:00:00 UTC,0.0429497861515997
2020-03-02 00:00:00 UTC,0.0417806991369468
2020-03-03 00:00:00 UTC,0.043787978503191
2020-03-04 00:00:00 UTC,0.0435263437771506
2020-03-05 00:00:00 UTC,0.0439004016852726
2020-03-06 00:00:00 UTC,0.0453269429570268
2020-03-07 00:00:00 UTC,0.0455239906760092
2020-03-08 00:00:00 UTC,0.0436272980552884
2020-03-09 00:00:00 UTC,0.0380072017314303
2020-03-10 00:00:00 UTC,0.0365195413418029
2020-03-11 00:00:00 UTC,0.0365637838128451
2020-03-12 00:00:00 UTC,0.0355752096786451
2020-03-13 00:00:00 UTC,0.021206934833991
2020-03-14 00:00:00 UTC,0.0254359890300318
2020-03-15 00:00:00 UTC,0.0233727038204128
2020-03-16 00:00:00 UTC,0.0239699866490318
2020-03-17 00:00:00 UTC,0.0218148284813535
2020-03-18 00:00:00 UTC,0.0233396362076232
2020-03-19 00:00:00 UTC,0.0235613931784484
2020-03-20 00:00:00 UTC,0.0281612042517017
2020-03-21 00:00:00 UTC,0.0274686663262733
2020-03-22 00:00:00 UTC,0.0271377081094135
2020-03-23 00:00:00 UTC,0.0255098672779947
2020-03-24 00:00:00 UTC,0.0272711668140885
2020-03-25 00:00:00 UTC,0.0280265159079413
2020-03-26 00:00:00 UTC,0.0271459347154451
2020-03-27 00:00:00 UTC,0.0273987733670422
2020-03-28 00:00:00 UTC,0.0260153072213453
2020-03-29 00:00:00 UTC,0.0261977542400447
2020-03-30 00:00:00 UTC,0.0252576850719445
2020-03-31 00:00:00 UTC,0.0271276970211057
2020-04-01 00:00:00 UTC,0.0273052337324235
2020-04-02 00:00:00 UTC,0.0284243237284363
2020-04-03 00:00:00 UTC,0.0294396782721622
2020-04-04 00:00:00 UTC,0.0295255200378123
2020-04-05 00:00:00 UTC,0.0301341658090035
2020-04-06 00:00:00 UTC,0.0295198303101377
2020-04-07 00:00:00 UTC,0.032550501396136
2020-04-08 00:00:00 UTC,0.0322865339924325
2020-04-09 00:00:00 UTC,0.0332733327024079
2020-04-10 00:00:00 UTC,0.0331682038590405
2020-04-11 00:00:00 UTC,0.0306778974896752
2020-04-12 00:00:00 UTC,0.0304857743362809
2020-04-13 00:00:00 UTC,0.0306473790723177
2020-04-14 00:00:00 UTC,0.030363336484362
2020-04-15 00:00:00 UTC,0.0301196798416129
2020-04-16 00:00:00 UTC,0.0292160196834217
2020-04-17 00:00:00 UTC,0.0315061881866155
2020-04-18 00:00:00 UTC,0.0314729118062188
2020-04-19 00:00:00 UTC,0.033261003871798
2020-04-20 00:00:00 UTC,0.0329113939119633
2020-04-21 00:00:00 UTC,0.0313261593682506
2020-04-22 00:00:00 UTC,0.0316128820778742
2020-04-23 00:00:00 UTC,0.0335358076942392
2020-04-24 00:00:00 UTC,0.0369948673166991
2020-04-25 00:00:00 UTC,0.0382229400498431
2020-04-26 00:00:00 UTC,0.0390841221315569
2020-04-27 00:00:00 UTC,0.0418830998038043
2020-04-28 00:00:00 UTC,0.0427360204701722
2020-04-29 00:00:00 UTC,0.0432428498022869
2020-04-30 00:00:00 UTC,0.0473233414141669
2020-05-01 00:00:00 UTC,0.0438732902001911
2020-05-02 00:00:00 UTC,0.0451316991131466
2020-05-03 00:00:00 UTC,0.0459183365650454
2020-05-04 00:00:00 UTC,0.0452740865418221
2020-05-05 00:00:00 UTC,0.045241207304434
2020-05-06 00:00:00 UTC,0.0456050152867631
2020-05-07 00:00:00 UTC,0.0461612014719943
2020-05-08 00:00:00 UTC,0.0476816935099039
2020-05-09 00:00:00 UTC,0.0467609437613969
2020-05-10 00:00:00 UTC,0.0465892156592334
2020-05-11 00:00:00 UTC,0.0439503454394547
2020-05-12 00:00:00 UTC,0.0442093671512496
2020-05-13 00:00:00 UTC,0.0459603790449134
2020-05-14 00:00:00 UTC,0.0479695441209922
2020-05-15 00:00:00 UTC,0.048424764712903
2020-05-16 00:00:00 UTC,0.0458859397630992
2020-05-17 00:00:00 UTC,0.0469335103163403
2020-05-18 00:00:00 UTC,0.0479360679814196
2020-05-19 00:00:00 UTC,0.0488267116202465
2020-05-20 00:00:00 UTC,0.0512085495472622
2020-05-21 00:00:00 UTC,0.0512715064549638
2020-05-22 00:00:00 UTC,0.0479964451475869
2020-05-23 00:00:00 UTC,0.0500719968289506
2020-05-24 00:00:00 UTC,0.0504829788981507
2020-05-25 00:00:00 UTC,0.0473575946512892
2020-05-26 00:00:00 UTC,0.0490373045330149
2020-05-27 00:00:00 UTC,0.0487173548211611
2020-05-28 00:00:00 UTC,0.0500477997433302
2020-05-29 00:00:00 UTC,0.0570395576892125
2020-05-30 00:00:00 UTC,0.0579975249184858
2020-05-31 00:00:00 UTC,0.0676737653175649
2020-06-01 00:00:00 UTC,0.0669558549080035
2020-06-02 00:00:00 UTC,0.0725868963675839
2020-06-03 00:00:00 UTC,0.0701459797875498
2020-06-04 00:00:00 UTC,0.0753009779348194
2020-06-05 00:00:00 UTC,0.0771566292467174
2020-06-06 00:00:00 UTC,0.0754754680996026
2020-06-07 00:00:00 UTC,0.0763196747813017
2020-06-08 00:00:00 UTC,0.0763441058341928
2020-06-09 00:00:00 UTC,0.0764850560389624
2020-06-10 00:00:00 UTC,0.0733398567643804
2020-06-11 00:00:00 UTC,0.0735011186191334
2020-06-12 00:00:00 UTC,0.0668391230037081
2020-06-13 00:00:00 UTC,0.0705565930933545
2020-06-14 00:00:00 UTC,0.0701546639911548
2020-06-15 00:00:00 UTC,0.0679718871255089
2020-06-16 00:00:00 UTC,0.0690372367783989
2020-06-17 00:00:00 UTC,0.0700806091419138
2020-06-18 00:00:00 UTC,0.0741535757043197
2020-06-19 00:00:00 UTC,0.0732154595101886
2020-06-20 00:00:00 UTC,0.071351446196659
2020-06-21 00:00:00 UTC,0.070994973949207
2020-06-22 00:00:00 UTC,0.0701132516718202
2020-06-23 00:00:00 UTC,0.0741279613447978
2020-06-24 00:00:00 UTC,0.073166130483165
2020-06-25 00:00:00 UTC,0.0733334074613396
2020-06-26 00:00:00 UTC,0.0727513815559782
2020-06-27 00:00:00 UTC,0.0718778627343978
2020-06-28 00:00:00 UTC,0.0690448106729739
2020-06-29 00:00:00 UTC,0.0715454771326854
2020-06-30 00:00:00 UTC,0.0744688833887236
2020-07-01 00:00:00 UTC,0.0739688424909509
2020-07-02 00:00:00 UTC,0.0854036992065763
2020-07-03 00:00:00 UTC,0.0829769503830567
2020-07-04 00:00:00 UTC,0.0855984881198064
2020-07-05 00:00:00 UTC,0.088656101177416
2020-07-06 00:00:00 UTC,0.0874114862119538
2020-07-07 00:00:00 UTC,0.0930935665679635
2020-07-08 00:00:00 UTC,0.104293526454059
2020-07-09 00:00:00 UTC,0.114548158409369
2020-07-10 00:00:00 UTC,0.109769169904011
2020-07-11 00:00:00 UTC,0.104809364651983
2020-07-12 00:00:00 UTC,0.11099590507751
2020-07-13 00:00:00 UTC,0.112162639056336
2020-07-14 00:00:00 UTC,0.109509835121412
2020-07-15 00:00:00 UTC,0.115782450656185
2020-07-16 00:00:00 UTC,0.114261977592809
2020-07-17 00:00:00 UTC,0.110615012891557
2020-07-18 00:00:00 UTC,0.107298174200384
2020-07-19 00:00:00 UTC,0.107296942576724
2020-07-20 00:00:00 UTC,0.108355639324622
2020-07-21 00:00:00 UTC,0.102870350395978
2020-07-22 00:00:00 UTC,0.106550756985464
2020-07-23 00:00:00 UTC,0.107018874597869
2020-07-24 00:00:00 UTC,0.106976482872408
2020-07-25 00:00:00 UTC,0.104631394136262
2020-07-26 00:00:00 UTC,0.122999176214258
2020-07-27 00:00:00 UTC,0.12729414935535
2020-07-28 00:00:00 UTC,0.117195761917811
2020-07-29 00:00:00 UTC,0.126515216029165
2020-07-30 00:00:00 UTC,0.118482019733791
2020-07-31 00:00:00 UTC,0.118672214868414
2020-08-01 00:00:00 UTC,0.118132013716152
2020-08-02 00:00:00 UTC,0.122941448410869
2020-08-03 00:00:00 UTC,0.113530991729309
2020-08-04 00:00:00 UTC,0.116502739608228
2020-08-05 00:00:00 UTC,0.120937042813774
2020-08-06 00:00:00 UTC,0.120057569667354
2020-08-07 00:00:00 UTC,0.121105092717638
2020-08-08 00:00:00 UTC,0.11760689285993
2020-08-09 00:00:00 UTC,0.123648172512568
2020-08-10 00:00:00 UTC,0.122984418663251
2020-08-11 00:00:00 UTC,0.122030074821979
2020-08-12 00:00:00 UTC,0.116777994173929
2020-08-13 00:00:00 UTC,0.115752265753682
2020-08-14 00:00:00 UTC,0.117931959296196
2020-08-15 00:00:00 UTC,0.116749076058763
2020-08-16 00:00:00 UTC,0.11673068463802
2020-08-17 00:00:00 UTC,0.117093121734357
2020-08-18 00:00:00 UTC,0.118441428686375
2020-08-19 00:00:00 UTC,0.114699099354562
2020-08-20 00:00:00 UTC,0.109290821059453
2020-08-21 00:00:00 UTC,0.113082027975892
2020-08-22 00:00:00 UTC,0.103952531142583
2020-08-23 00:00:00 UTC,0.106244659469955
2020-08-24 00:00:00 UTC,0.103035192270547
2020-08-25 00:00:00 UTC,0.104891279821729
2020-08-26 00:00:00 UTC,0.0951477108410596
2020-08-27 00:00:00 UTC,0.096676868439658
2020-08-28 00:00:00 UTC,0.0903742505301071
2020-08-29 00:00:00 UTC,0.0917252055129304
2020-08-30 00:00:00 UTC,0.0979332055544923
2020-08-31 00:00:00 UTC,0.0983687273572888
2020-09-01 00:00:00 UTC,0.102320676906072
2020-09-02 00:00:00 UTC,0.104340763059303
2020-09-03 00:00:00 UTC,0.0974504831046353
2020-09-04 00:00:00 UTC,0.0802911265857671
2020-09-05 00:00:00 UTC,0.0871216797432751
2020-09-06 00:00:00 UTC,0.0763964605975013
2020-09-07 00:00:00 UTC,0.0785438895132774
2020-09-08 00:00:00 UTC,0.0788290116621761
2020-09-09 00:00:00 UTC,0.0775413491929448
2020-09-10 00:00:00 UTC,0.0789845292665512
2020-09-11 00:00:00 UTC,0.0820754813795663
2020-09-12 00:00:00 UTC,0.0818168896571709
2020-09-13 00:00:00 UTC,0.0824317465180936
2020-09-14 00:00:00 UTC,0.0802493257898895
2020-09-15 00:00:00 UTC,0.0816223415776191
2020-09-16 00:00:00 UTC,0.0788595149689905
2020-09-17 00:00:00 UTC,0.0773127438563626
2020-09-18 00:00:00 UTC,0.079341822567689
2020-09-19 00:00:00 UTC,0.0767427081530671
2020-09-20 00:00:00 UTC,0.0773395968843403
2020-09-21 00:00:00 UTC,0.0753162539375961
2020-09-22 00:00:00 UTC,0.0683061211301881
2020-09-23 00:00:00 UTC,0.0695535454832352
2020-09-24 00:00:00 UTC,0.0657258161337119
2020-09-25 00:00:00 UTC,0.0707513101722903
2020-09-26 00:00:00 UTC,0.083218593294103
2020-09-27 00:00:00 UTC,0.0823067175573493
2020-09-28 00:00:00 UTC,0.0871119825049666
2020-09-29 00:00:00 UTC,0.085752766419834
2020-09-30 00:00:00 UTC,0.086249223899114
2020-10-01 00:00:00 UTC,0.0861764716531984
2020-10-02 00:00:00 UTC,0.0835038081499919
2020-10-03 00:00:00 UTC,0.0792358034195812
2020-10-04 00:00:00 UTC,0.0796345098975748
2020-10-05 00:00:00 UTC,0.0829434894205918
2020-10-06 00:00:00 UTC,0.0826299604080606
2020-10-07 00:00:00 UTC,0.0791093605449624
2020-10-08 00:00:00 UTC,0.0795180354420551
2020-10-09 00:00:00 UTC,0.0817886086512146
2020-10-10 00:00:00 UTC,0.0861335835675333
2020-10-11 00:00:00 UTC,0.0887243641659455
2020-10-12 00:00:00 UTC,0.0899227958458895
2020-10-13 00:00:00 UTC,0.0929294062637593
2020-10-14 00:00:00 UTC,0.0928595280958789
2020-10-15 00:00:00 UTC,0.091544694403098
2020-10-16 00:00:00 UTC,0.0909296051647737
2020-10-17 00:00:00 UTC,0.0888285810396002
2020-10-18 00:00:00 UTC,0.0905211625660214
2020-10-19 00:00:00 UTC,0.0917333259132255
2020-10-20 00:00:00 UTC,0.0924679818064571
2020-10-21 00:00:00 UTC,0.0864768391741869
2020-10-22 00:00:00 UTC,0.0892467454676446
2020-10-23 00:00:00 UTC,0.0933863000294732
2020-10-24 00:00:00 UTC,0.0910047048605127
2020-10-25 00:00:00 UTC,0.091018899104478
2020-10-26 00:00:00 UTC,0.0897066650650421
2020-10-27 00:00:00 UTC,0.0874410893148026
2020-10-28 00:00:00 UTC,0.0871557542987397
2020-10-29 00:00:00 UTC,0.0842214762245994
2020-10-30 00:00:00 UTC,0.0815960951615869
2020-10-31 00:00:00 UTC,0.0798034632564652
2020-11-01 00:00:00 UTC,0.0795286899145614
2020-11-02 00:00:00 UTC,0.0839709201423445
2020-11-03 00:00:00 UTC,0.0794175368919444
2020-11-04 00:00:00 UTC,0.0796469979408686
2020-11-05 00:00:00 UTC,0.0812795078022723
2020-11-06 00:00:00 UTC,0.0823521502198576
2020-11-07 00:00:00 UTC,0.0917038687508511
2020-11-08 00:00:00 UTC,0.0853566574993782
2020-11-09 00:00:00 UTC,0.0894551029070129
2020-11-10 00:00:00 UTC,0.089086798013698
2020-11-11 00:00:00 UTC,0.0893835903102505
2020-11-12 00:00:00 UTC,0.0898283521262297
2020-11-13 00:00:00 UTC,0.088430663389519
2020-11-14 00:00:00 UTC,0.0898132751233498
2020-11-15 00:00:00 UTC,0.0881281968812192
2020-11-16 00:00:00 UTC,0.0850431857667678
2020-11-17 00:00:00 UTC,0.0876123546982713
2020-11-18 00:00:00 UTC,0.092291354880221
2020-11-19 00:00:00 UTC,0.0900688261507517
2020-11-20 00:00:00 UTC,0.08915751091789
2020-11-21 00:00:00 UTC,0.0992136848062133
2020-11-22 00:00:00 UTC,0.111946791458216
2020-11-23 00:00:00 UTC,0.122453605027526
2020-11-24 00:00:00 UTC,0.12968633465083
2020-11-25 00:00:00 UTC,0.140199887117921
2020-11-26 00:00:00 UTC,0.130649421759622
2020-11-27 00:00:00 UTC,0.11541011858751
2020-11-28 00:00:00 UTC,0.117562084405475
2020-11-29 00:00:00 UTC,0.137680591480777
2020-11-30 00:00:00 UTC,0.139016215074003
2020-12-01 00:00:00 UTC,0.142819481787773
2020-12-02 00:00:00 UTC,0.129396662482137
2020-12-03 00:00:00 UTC,0.131214914684622
2020-12-04 00:00:00 UTC,0.135054785312506
2020-12-05 00:00:00 UTC,0.122951638442338
2020-12-06 00:00:00 UTC,0.131612169131975
2020-12-07 00:00:00 UTC,0.130868984431829
2020-12-08 00:00:00 UTC,0.127274425817157
2020-12-09 00:00:00 UTC,0.116737935255978
2020-12-10 00:00:00 UTC,0.122750827590566
2020-12-11 00:00:00 UTC,0.117080028874159
2020-12-12 00:00:00 UTC,0.115345192133764
2020-12-13 00:00:00 UTC,0.119086527024279
2020-12-14 00:00:00 UTC,0.126789290375156
2020-12-15 00:00:00 UTC,0.129813329005175
2020-12-16 00:00:00 UTC,0.12679780922905
2020-12-17 00:00:00 UTC,0.137450659267938
2020-12-18 00:00:00 UTC,0.133204182578018
2020-12-19 00:00:00 UTC,0.134587058486304
2020-12-20 00:00:00 UTC,0.134387813639594
2020-12-21 00:00:00 UTC,0.132641186647316
2020-12-22 00:00:00 UTC,0.125595692679011
2020-12-23 00:00:00 UTC,0.128904540219383
2020-12-24 00:00:00 UTC,0.113574359681109
2020-12-25 00:00:00 UTC,0.125476795786617
2020-12-26 00:00:00 UTC,0.129056099214736
2020-12-27 00:00:00 UTC,0.129862991377188
2020-12-28 00:00:00 UTC,0.126973840891307
2020-12-29 00:00:00 UTC,0.145415106061772
2020-12-30 00:00:00 UTC,0.157405828569001
2020-12-31 00:00:00 UTC,0.149998557349582
2021-01-01 00:00:00 UTC,0.149049255668398
2021-01-02 00:00:00 UTC,0.144284817184249
2021-01-03 00:00:00 UTC,0.146835626543438
2021-01-04 00:00:00 UTC,0.167373334420856
2021-01-05 00:00:00 UTC,0.178694873923494
2021-01-06 00:00:00 UTC,0.210756274071443
2021-01-07 00:00:00 UTC,0.268923593080563
2021-01-08 00:00:00 UTC,0.244926796081271
2021-01-09 00:00:00 UTC,0.252008100502489
2021-01-10 00:00:00 UTC,0.272449922532314
2021-01-11 00:00:00 UTC,0.25125323584596
2021-01-12 00:00:00 UTC,0.227412192290442
2021-01-13 00:00:00 UTC,0.23580270182793
2021-01-14 00:00:00 UTC,0.256009646800495
2021-01-15 00:00:00 UTC,0.255215472375461
2021-01-16 00:00:00 UTC,0.250573819800835
2021-01-17 00:00:00 UTC,0.291610137375385
2021-01-18 00:00:00 UTC,0.314653867351789
2021-01-19 00:00:00 UTC,0.306088766306661
2021-01-20 00:00:00 UTC,0.304235627870149
2021-01-21 00:00:00 UTC,0.310603433717207
2021-01-22 00:00:00 UTC,0.25583507292432
2021-01-23 00:00:00 UTC,0.28844008153575
2021-01-24 00:00:00 UTC,0.284574715263139
2021-01-25 00:00:00 UTC,0.289361540564494
2021-01-26 00:00:00 UTC,0.283595955460311
2021-01-27 00:00:00 UTC,0.28272939420123
2021-01-28 00:00:00 UTC,0.258037137023708
2021-01-29 00:00:00 UTC,0.284252616782771
2021-01-30 00:00:00 UTC,0.286314191054363
2021-01-31 00:00:00 UTC,0.296997502872248
2021-02-01 00:00:00 UTC,0.2851048471017
2021-02-02 00:00:00 UTC,0.332628121038739
2021-02-03 00:00:00 UTC,0.353262996345322
2021-02-04 00:00:00 UTC,0.366488856956561
2021-02-05 00:00:00 UTC,0.369029100123336
2021-02-06 00:00:00 UTC,0.446976500845873
2021-02-07 00:00:00 UTC,0.519839333342533
2021-02-08 00:00:00 UTC,0.547279935210766
2021-02-09 00:00:00 UTC,0.570267417778756
2021-02-10 00:00:00 UTC,0.582549818349804
2021-02-11 00:00:00 UTC,0.762470945154329
2021-02-12 00:00:00 UTC,0.764668596937589
2021-02-13 00:00:00 UTC,0.761768519410572
2021-02-14 00:00:00 UTC,0.74584056304245
2021-02-15 00:00:00 UTC,0.701488238733233
2021-02-16 00:00:00 UTC,0.708934317008597
2021-02-17 00:00:00 UTC,0.722924137432457
2021-02-18 00:00:00 UTC,0.737849364145637
2021-02-19 00:00:00 UTC,0.754747021273329
2021-02-20 00:00:00 UTC,0.770063726355658
2021-02-21 00:00:00 UTC,0.928913016805935
2021-02-22 00:00:00 UTC,0.910920536779234
2021-02-23 00:00:00 UTC,0.906756689996231
2021-02-24 00:00:00 UTC,0.786486785256894
2021-02-25 00:00:00 UTC,0.870037433010766
2021-02-26 00:00:00 UTC,0.885688634102907
2021-02-27 00:00:00 UTC,1.03135681032166
2021-02-28 00:00:00 UTC,1.11232362188933
2021-03-01 00:00:00 UTC,1.07813809665016
2021-03-02 00:00:00 UTC,1.08146668107487
2021-03-03 00:00:00 UTC,1.01683294711311
2021-03-04 00:00:00 UTC,1.01212527556509
2021-03-05 00:00:00 UTC,0.934158909420797
2021-03-06 00:00:00 UTC,0.9774692168616
2021-03-07 00:00:00 UTC,0.950803032034227
2021-03-08 00:00:00 UTC,0.953390365148483
2021-03-09 00:00:00 UTC,0.947800690129995
2021-03-10 00:00:00 UTC,0.999016572256403
2021-03-11 00:00:00 UTC,0.952194785598319
2021-03-12 00:00:00 UTC,0.941605651001456
2021-03-13 00:00:00 UTC,0.867226028717169
2021-03-14 00:00:00 UTC,0.92210190928405
2021-03-15 00:00:00 UTC,0.891143868217988
2021-03-16 00:00:00 UTC,0.86476644062589
2021-03-17 00:00:00 UTC,1.04661636239334
2021-03-18 00:00:00 UTC,1.15439339961708
2021-03-19 00:00:00 UTC,1.03767737421612
2021-03-20 00:00:00 UTC,1.08982016925248
2021-03-21 00:00:00 UTC,1.0106934614726
2021-03-22 00:00:00 UTC,1.0007028220984
2021-03-23 00:00:00 UTC,0.927774152752695
2021-03-24 00:00:00 UTC,0.95181248975836
2021-03-25 00:00:00 UTC,0.89853122482691
2021-03-26 00:00:00 UTC,0.93151276024205
2021-03-27 00:00:00 UTC,1.02812146595861
2021-03-28 00:00:00 UTC,0.998670270530875
2021-03-29 00:00:00 UTC,1.01050359712602
2021-03-30 00:00:00 UTC,1.0204864264625
2021-03-31 00:00:00 UTC,1.03319680560829
2021-04-01 00:00:00 UTC,1.01653959766879
2021-04-02 00:00:00 UTC,1.00492720790083
2021-04-03 00:00:00 UTC,1.01217216218494
2021-04-04 00:00:00 UTC,0.991331671212548
2021-04-05 00:00:00 UTC,1.00575274474257
2021-04-06 00:00:00 UTC,1.027167116437
2021-04-07 00:00:00 UTC,1.05725542230045
2021-04-08 00:00:00 UTC,0.991501612252407
2021-04-09 00:00:00 UTC,1.03210660228906
2021-04-10 00:00:00 UTC,1.01202410304796
2021-04-11 00:00:00 UTC,1.02321166002699
2021-04-12 00:00:00 UTC,1.06256536312003
2021-04-13 00:00:00 UTC,1.10781096974069
2021-04-14 00:00:00 UTC,1.18980447253976
2021-04-15 00:00:00 UTC,1.2150921259146
2021-04-16 00:00:00 UTC,1.23491674377033
2021-04-17 00:00:00 UTC,1.17875451084255
2021-04-18 00:00:00 UTC,1.14659305478314
2021-04-19 00:00:00 UTC,1.06781383066743
2021-04-20 00:00:00 UTC,0.992283092840156
2021-04-21 00:00:00 UTC,1.04671161837822
2021-04-22 00:00:00 UTC,1.00449641953788
2021-04-23 00:00:00 UTC,0.956514845247712
2021-04-24 00:00:00 UTC,0.956010288545652
2021-04-25 00:00:00 UTC,0.91846496070148
2021-04-26 00:00:00 UTC,0.896991536377219
2021-04-27 00:00:00 UTC,1.0220156951658
2021-04-28 00:00:00 UTC,1.0794891151189
2021-04-29 00:00:00 UTC,1.0989064467012
2021-04-30 00:00:00 UTC,1.08475011891263
2021-05-01 00:00:00 UTC,1.12627777573579
2021-05-02 00:00:00 UTC,1.12623468327451
2021-05-03 00:00:00 UTC,1.10393531871988
2021-05-04 00:00:00 UTC,1.12700107122174
2021-05-05 00:00:00 UTC,1.06365108570261
2021-05-06 00:00:00 UTC,1.2327534954962
2021-05-07 00:00:00 UTC,1.3743122468968
2021-05-08 00:00:00 UTC,1.35809476588166
2021-05-09 00:00:00 UTC,1.32865908940158
2021-05-10 00:00:00 UTC,1.45690803499699
2021-05-11 00:00:00 UTC,1.35988151215086
2021-05-12 00:00:00 UTC,1.45491120338038
2021-05-13 00:00:00 UTC,1.29830683179713
2021-05-14 00:00:00 UTC,1.60856011430638
2021-05-15 00:00:00 UTC,1.65384272280901
2021-05-16 00:00:00 UTC,1.78740297292921
2021-05-17 00:00:00 UTC,1.8815748069855
2021-05-18 00:00:00 UTC,1.67040292483664
2021-05-19 00:00:00 UTC,1.64640251980138
2021-05-20 00:00:00 UTC,1.24661610137353
2021-05-21 00:00:00 UTC,1.46685313305136
2021-05-22 00:00:00 UTC,1.27021630442038
2021-05-23 00:00:00 UTC,1.20602216463622
2021-05-24 00:00:00 UTC,1.09066995374837
2021-05-25 00:00:00 UTC,1.26332749639666
2021-05-26 00:00:00 UTC,1.26259701224908
2021-05-27 00:00:00 UTC,1.45785859569868
2021-05-28 00:00:00 UTC,1.35359244033336
2021-05-29 00:00:00 UTC,1.24288088127519
2021-05-30 00:00:00 UTC,1.16110640634098
2021-05-31 00:00:00 UTC,1.29344151915728
2021-06-01 00:00:00 UTC,1.42540138021463
2021-06-02 00:00:00 UTC,1.42281646335795
2021-06-03 00:00:00 UTC,1.43979628790313
2021-06-04 00:00:00 UTC,1.51760269260804
2021-06-05 00:00:00 UTC,1.40553928046107
2021-06-06 00:00:00 UTC,1.3636228284594
2021-06-07 00:00:00 UTC,1.38145376782667
2021-06-08 00:00:00 UTC,1.27402494270945
2021-06-09 00:00:00 UTC,1.29927260374937
2021-06-10 00:00:00 UTC,1.33167469210819
2021-06-11 00:00:00 UTC,1.25851188189024
2021-06-12 00:00:00 UTC,1.1870367013404
2021-06-13 00:00:00 UTC,1.22468149859272
2021-06-14 00:00:00 UTC,1.29387989807218
2021-06-15 00:00:00 UTC,1.29867043657163
2021-06-16 00:00:00 UTC,1.29207751433299
2021-06-17 00:00:00 UTC,1.23375387548974
2021-06-18 00:00:00 UTC,1.24846687203708
2021-06-19 00:00:00 UTC,1.1962243002384
2021-06-20 00:00:00 UTC,1.17176816366177
2021-06-21 00:00:00 UTC,1.20870157587452
2021-06-22 00:00:00 UTC,0.993213806302277
2021-06-23 00:00:00 UTC,0.961495566637585
2021-06-24 00:00:00 UTC,1.0463758118941
2021-06-25 00:00:00 UTC,1.13725837144604
2021-06-26 00:00:00 UTC,1.06967292355442
2021-06-27 00:00:00 UTC,1.04563573427039
2021-06-28 00:00:00 UTC,1.12422992222568
2021-06-29 00:00:00 UTC,1.11650234681914
2021-06-30 00:00:00 UTC,1.15234569973166
2021-07-01 00:00:00 UTC,1.16826018652127
2021-07-02 00:00:00 UTC,1.12915328843092
2021-07-03 00:00:00 UTC,1.17581957222837
2021-07-04 00:00:00 UTC,1.188060646032
2021-07-05 00:00:00 UTC,1.22839025941031
2021-07-06 00:00:00 UTC,1.19265696219607
2021-07-07 00:00:00 UTC,1.19572609220369
2021-07-08 00:00:00 UTC,1.18854756217041
2021-07-09 00:00:00 UTC,1.13694494465576
2021-07-10 00:00:00 UTC,1.14191743515753
2021-07-11 00:00:00 UTC,1.12942051120339
2021-07-12 00:00:00 UTC,1.13606271735578
2021-07-13 00:00:00 UTC,1.11260484296247
2021-07-14 00:00:00 UTC,1.07407182140664
2021-07-15 00:00:00 UTC,1.06831369479035
2021-07-16 00:00:00 UTC,1.03780687239307
2021-07-17 00:00:00 UTC,0.992404249039284
2021-07-18 00:00:00 UTC,0.996110627484594
2021-07-19 00:00:00 UTC,1.00745952317387
2021-07-20 00:00:00 UTC,0.956514793709928
2021-07-21 00:00:00 UTC,0.899854539716339
2021-07-22 00:00:00 UTC,0.997583688689534
2021-07-23 00:00:00 UTC,1.00903748641126
2021-07-24 00:00:00 UTC,1.02216305630561
2021-07-25 00:00:00 UTC,1.04555180895647
2021-07-26 00:00:00 UTC,1.04919278014688
2021-07-27 00:00:00 UTC,1.06311442072255
2021-07-28 00:00:00 UTC,1.07662566327565
2021-07-29 00:00:00 UTC,1.08388469993897
2021-07-30 00:00:00 UTC,1.08327281465046
2021-07-31 00:00:00 UTC,1.10056506205585
2021-08-01 00:00:00 UTC,1.11714476149861
2021-08-02 00:00:00 UTC,1.10550647591995
2021-08-03 00:00:00 UTC,1.10665095202897
2021-08-04 00:00:00 UTC,1.15393529892462
2021-08-05 00:00:00 UTC,1.16410408918697
2021-08-06 00:00:00 UTC,1.171117542107
2021-08-07 00:00:00 UTC,1.19257222695711
2021-08-08 00:00:00 UTC,1.25678959236607
2021-08-09 00:00:00 UTC,1.2135389744284
2021-08-10 00:00:00 UTC,1.25929144021001
2021-08-11 00:00:00 UTC,1.43022314226138
2021-08-12 00:00:00 UTC,1.53176613279623
2021-08-13 00:00:00 UTC,1.5403344376351
2021-08-14 00:00:00 UTC,1.81202562875302
2021-08-15 00:00:00 UTC,1.85760911575648
2021-08-16 00:00:00 UTC,1.83761684835154
2021-08-17 00:00:00 UTC,1.76523980229379
2021-08-18 00:00:00 UTC,1.64178025226842
2021-08-19 00:00:00 UTC,1.80989072364615
2021-08-20 00:00:00 UTC,1.96297517801778
2021-08-21 00:00:00 UTC,2.09881629044648
2021-08-22 00:00:00 UTC,2.08649856014433
2021-08-23 00:00:00 UTC,2.27672971884136
2021-08-24 00:00:00 UTC,2.48173666121546
2021-08-25 00:00:00 UTC,2.33547548850224
2021-08-26 00:00:00 UTC,2.32605675250953
2021-08-27 00:00:00 UTC,2.19486436802024
2021-08-28 00:00:00 UTC,2.48776791519256
2021-08-29 00:00:00 UTC,2.41946225650978
2021-08-30 00:00:00 UTC,2.42492640824038
2021-08-31 00:00:00 UTC,2.31405183662566
2021-09-01 00:00:00 UTC,2.35814663806752
2021-09-02 00:00:00 UTC,2.41818358409963
2021-09-03 00:00:00 UTC,2.49711199945182
2021-09-04 00:00:00 UTC,2.49773752082218
2021-09-05 00:00:00 UTC,2.38848565561894
2021-09-06 00:00:00 UTC,2.4493675147643
2021-09-07 00:00:00 UTC,2.39301899610059
2021-09-08 00:00:00 UTC,2.11974384575784
2021-09-09 00:00:00 UTC,2.09599587393498
2021-09-10 00:00:00 UTC,2.13036854004272
2021-09-11 00:00:00 UTC,2.01259646073144
2021-09-12 00:00:00 UTC,2.21210691252764
2021-09-13 00:00:00 UTC,2.19910760046124
2021-09-14 00:00:00 UTC,2.04541368368706
2021-09-15 00:00:00 UTC,2.03299647815875
2021-09-16 00:00:00 UTC,2.11066041019408
2021-09-17 00:00:00 UTC,2.06201874703933
2021-09-18 00:00:00 UTC,2.00331231267751
2021-09-19 00:00:00 UTC,2.02404687113615
2021-09-20 00:00:00 UTC,1.95345961643747
2021-09-21 00:00:00 UTC,1.77487233775526
2021-09-22 00:00:00 UTC,1.68232574322562
2021-09-23 00:00:00 UTC,1.91653149023499
2021-09-24 00:00:00 UTC,1.98100167509363
2021-09-25 00:00:00 UTC,1.9378367728897
2021-09-26 00:00:00 UTC,1.97262300088578
2021-09-27 00:00:00 UTC,1.88803022771567
2021-09-28 00:00:00 UTC,1.82883331534597
2021-09-29 00:00:00 UTC,1.74386999481569
2021-09-30 00:00:00 UTC,1.77434705318444
2021-10-01 00:00:00 UTC,1.82871953478972
2021-10-02 00:00:00 UTC,1.9378811747043
2021-10-03 00:00:00 UTC,1.93826910285003
2021-10-04 00:00:00 UTC,1.94551282290467
2021-10-05 00:00:00 UTC,1.88947209997365
2021-10-06 00:00:00 UTC,1.92982022282678
2021-10-07 00:00:00 UTC,1.9154535035795
2021-10-08 00:00:00 UTC,1.97239691770463
2021-10-09 00:00:00 UTC,1.92815118986283
2021-10-10 00:00:00 UTC,1.96147427645755
2021-10-11 00:00:00 UTC,1.89888862322889
2021-10-12 00:00:00 UTC,1.8817317095399
2021-10-13 00:00:00 UTC,1.83675272496645
2021-10-14 00:00:00 UTC,1.88777652555542
2021-10-15 00:00:00 UTC,1.87600848467663
2021-10-16 00:00:00 UTC,1.91871075600148
2021-10-17 00:00:00 UTC,1.88559052057552
2021-10-18 00:00:00 UTC,1.86021368188002
2021-10-19 00:00:00 UTC,1.83257461207322
2021-10-20 00:00:00 UTC,1.8190961643818
2021-10-21 00:00:00 UTC,1.88184317143551
2021-10-22 00:00:00 UTC,1.84565192355456
2021-10-23 00:00:00 UTC,1.8597629324398
2021-10-24 00:00:00 UTC,1.86750998162504
2021-10-25 00:00:00 UTC,1.82873014496384
2021-10-26 00:00:00 UTC,1.85387979636124
2021-10-27 00:00:00 UTC,1.8444523781168
2021-10-28 00:00:00 UTC,1.65856202813169
2021-10-29 00:00:00 UTC,1.70696825620739
2021-10-30 00:00:00 UTC,1.74377235270185
2021-10-31 00:00:00 UTC,1.68786465640439
2021-11-01 00:00:00 UTC,1.70161274938027
2021-11-02 00:00:00 UTC,1.68282773406823
2021-11-03 00:00:00 UTC,1.70199616996245
2021-11-04 00:00:00 UTC,1.78034165904603
2021-11-05 00:00:00 UTC,1.72394253588528
2021-11-06 00:00:00 UTC,1.71966210908183
2021-11-07 00:00:00 UTC,1.73974959720501
2021-11-08 00:00:00 UTC,1.75226685396642
2021-11-09 00:00:00 UTC,1.83624251043804
2021-11-10 00:00:00 UTC,1.96486336072041
2021-11-11 00:00:00 UTC,1.82552129647748
2021-11-12 00:00:00 UTC,1.82151369959089
2021-11-13 00:00:00 UTC,1.79728729829641
2021-11-14 00:00:00 UTC,1.79863540914719
2021-11-15 00:00:00 UTC,1.79284722613627
2021-11-16 00:00:00 UTC,1.78205445466944
2021-11-17 00:00:00 UTC,1.66503484298956
2021-11-18 00:00:00 UTC,1.66232587598334
2021-11-19 00:00:00 UTC,1.57114816226793
2021-11-20 00:00:00 UTC,1.65888870013481
2021-11-21 00:00:00 UTC,1.70819821819948
2021-11-22 00:00:00 UTC,1.64440152195957
2021-11-23 00:00:00 UTC,1.58138551202321
2021-11-24 00:00:00 UTC,1.55769401288075
2021-11-25 00:00:00 UTC,1.48943002999761
2021-11-26 00:00:00 UTC,1.49801505239667
2021-11-27 00:00:00 UTC,1.35776252425766
2021-11-28 00:00:00 UTC,1.36002646233007
2021-11-29 00:00:00 UTC,1.41072657684694
2021-11-30 00:00:00 UTC,1.41978635398722
2021-12-01 00:00:00 UTC,1.37135525402501
2021-12-02 00:00:00 UTC,1.36729648451807
2021-12-03 00:00:00 UTC,1.51596767466034
2021-12-04 00:00:00 UTC,1.38103770076234
2021-12-05 00:00:00 UTC,1.25430830102985
2021-12-06 00:00:00 UTC,1.21718098877198
2021-12-07 00:00:00 UTC,1.25640299054123
2021-12-08 00:00:00 UTC,1.22797626255592
2021-12-09 00:00:00 UTC,1.22839849625738
2021-12-10 00:00:00 UTC,1.15016565755231
2021-12-11 00:00:00 UTC,1.07334469937318
2021-12-12 00:00:00 UTC,1.1904083980668
2021-12-13 00:00:00 UTC,1.19222072329052
2021-12-14 00:00:00 UTC,1.08502158420342
2021-12-15 00:00:00 UTC,1.12465344718701
2021-12-16 00:00:00 UTC,1.16216744860194
2021-12-17 00:00:00 UTC,1.09863602223986
2021-12-18 00:00:00 UTC,1.08747865341969
2021-12-19 00:00:00 UTC,1.10660729864722
2021-12-20 00:00:00 UTC,1.10844837801212
2021-12-21 00:00:00 UTC,1.1056472900947
2021-12-22 00:00:00 UTC,1.13662525870906
2021-12-23 00:00:00 UTC,1.17629361833813
2021-12-24 00:00:00 UTC,1.3052016541513
2021-12-25 00:00:00 UTC,1.23425155173741
2021-12-26 00:00:00 UTC,1.28828769019904
2021-12-27 00:00:00 UTC,1.28735991174446
2021-12-28 00:00:00 UTC,1.34285168455393
2021-12-29 00:00:00 UTC,1.24761280426199
2021-12-30 00:00:00 UTC,1.17795221582546
2021-12-31 00:00:00 UTC,1.19921345352303
2022-01-01 00:00:00 UTC,1.15238751392761
2022-01-02 00:00:00 UTC,1.21189660762938
2022-01-03 00:00:00 UTC,1.21318206653338
2022-01-04 00:00:00 UTC,1.17176029249811
2022-01-05 00:00:00 UTC,1.16260484604903
2022-01-06 00:00:00 UTC,1.09573888948099
2022-01-07 00:00:00 UTC,1.13275978791286
2022-01-08 00:00:00 UTC,1.06889516665038
2022-01-09 00:00:00 UTC,1.04623365203025
2022-01-10 00:00:00 UTC,1.03477175527502
2022-01-11 00:00:00 UTC,0.997862587087804
2022-01-12 00:00:00 UTC,1.04399932202025
2022-01-13 00:00:00 UTC,1.14156695221403
2022-01-14 00:00:00 UTC,1.07931195058205
2022-01-15 00:00:00 UTC,1.13124536822669
2022-01-16 00:00:00 UTC,1.13548487679961
2022-01-17 00:00:00 UTC,1.23521367780851
2022-01-18 00:00:00 UTC,1.39283056566891
2022-01-19 00:00:00 UTC,1.29834642327046
2022-01-20 00:00:00 UTC,1.18374046581307
2022-01-21 00:00:00 UTC,1.11449013527714
2022-01-22 00:00:00 UTC,0.989039160685881
2022-01-23 00:00:00 UTC,0.944850608985084
2022-01-24 00:00:00 UTC,0.988597566186059
2022-01-25 00:00:00 UTC,0.944832680815243
2022-01-26 00:00:00 UTC,0.925113305970287
2022-01-27 00:00:00 UTC,0.959378611852317
2022-01-28 00:00:00 UTC,0.940346052448357
2022-01-29 00:00:00 UTC,0.944417425827224
2022-01-30 00:00:00 UTC,0.953800446779885
2022-01-31 00:00:00 UTC,0.932133634710386
2022-02-01 00:00:00 UTC,0.939200931746624
2022-02-02 00:00:00 UTC,0.967178243065089
2022-02-03 00:00:00 UTC,0.912681560782665
2022-02-04 00:00:00 UTC,0.923778151532309
2022-02-05 00:00:00 UTC,0.990333727886643
2022-02-06 00:00:00 UTC,0.986779558954913
2022-02-07 00:00:00 UTC,1.00176919541432
2022-02-08 00:00:00 UTC,1.04893060520022
2022-02-09 00:00:00 UTC,1.03446094923871
2022-02-10 00:00:00 UTC,1.04842764725005
2022-02-11 00:00:00 UTC,1.0114846272479
2022-02-12 00:00:00 UTC,0.952863246705182
2022-02-13 00:00:00 UTC,0.93130534999854
2022-02-14 00:00:00 UTC,0.921043833169449
2022-02-15 00:00:00 UTC,0.930760180313216
2022-02-16 00:00:00 UTC,0.975855587799676
2022-02-17 00:00:00 UTC,0.954340587263513
2022-02-18 00:00:00 UTC,0.898277469447205
2022-02-19 00:00:00 UTC,0.881987941680577
2022-02-20 00:00:00 UTC,0.882474080642886
2022-02-21 00:00:00 UTC,0.825420485891782
2022-02-22 00:00:00 UTC,0.760932322859318
2022-02-23 00:00:00 UTC,0.786745521903694
2022-02-24 00:00:00 UTC,0.770100839518044
2022-02-25 00:00:00 UTC,0.762974527462707
2022-02-26 00:00:00 UTC,0.796007572035066
2022-02-27 00:00:00 UTC,0.787551306275463
2022-02-28 00:00:00 UTC,0.769721166722613
2022-03-01 00:00:00 UTC,0.856138298365484
2022-03-02 00:00:00 UTC,0.865940138121808
2022-03-03 00:00:00 UTC,0.844637602895319
2022-03-04 00:00:00 UTC,0.817470737244763
2022-03-05 00:00:00 UTC,0.771986343675026
2022-03-06 00:00:00 UTC,0.793460768761598
2022-03-07 00:00:00 UTC,0.758990207124402
2022-03-08 00:00:00 UTC,0.73421170416087
2022-03-09 00:00:00 UTC,0.735971120998156
2022-03-10 00:00:00 UTC,0.767446438186554
2022-03-11 00:00:00 UTC,0.733620101104745
2022-03-12 00:00:00 UTC,0.724420280912775
2022-03-13 00:00:00 UTC,0.725207629886326
2022-03-14 00:00:00 UTC,0.7244369387212
2022-03-15 00:00:00 UTC,0.734539767025002
2022-03-16 00:00:00 UTC,0.729720871618028
2022-03-17 00:00:00 UTC,0.760575930908177
2022-03-18 00:00:00 UTC,0.754885436586507
2022-03-19 00:00:00 UTC,0.77184244142898
2022-03-20 00:00:00 UTC,0.814391707644517
2022-03-21 00:00:00 UTC,0.794319254930464
2022-03-22 00:00:00 UTC,0.831051470477147
2022-03-23 00:00:00 UTC,0.884687423491819
2022-03-24 00:00:00 UTC,1.00353367178241
2022-03-25 00:00:00 UTC,1.02481553593303
2022-03-26 00:00:00 UTC,0.999380051441148
2022-03-27 00:00:00 UTC,1.04728620543348
2022-03-28 00:00:00 UTC,1.07368887693424
2022-03-29 00:00:00 UTC,1.06244705441616
2022-03-30 00:00:00 UTC,1.0731221231839
2022-03-31 00:00:00 UTC,1.06645865142173
2022-04-01 00:00:00 UTC,1.03241046182976
2022-04-02 00:00:00 UTC,1.05427523041476
2022-04-03 00:00:00 UTC,1.04943971523496
2022-04-04 00:00:00 UTC,1.07256575829177
2022-04-05 00:00:00 UTC,1.10501013001148
2022-04-06 00:00:00 UTC,1.07334408723076
2022-04-07 00:00:00 UTC,0.967526857994799
2022-04-08 00:00:00 UTC,1.00623374093449
2022-04-09 00:00:00 UTC,0.945239453990778
2022-04-10 00:00:00 UTC,0.961765147149435
2022-04-11 00:00:00 UTC,0.949341618204684
2022-04-12 00:00:00 UTC,0.848148200364555
2022-04-13 00:00:00 UTC,0.884177510513757
2022-04-14 00:00:00 UTC,0.896018656970828
2022-04-15 00:00:00 UTC,0.862690291222657
2022-04-16 00:00:00 UTC,0.884412014053643
2022-04-17 00:00:00 UTC,0.882411754814764
2022-04-18 00:00:00 UTC,0.848244800586995
2022-04-19 00:00:00 UTC,0.869410807872595
2022-04-20 00:00:00 UTC,0.882914788170905
2022-04-21 00:00:00 UTC,0.864033920161245
2022-04-22 00:00:00 UTC,0.84048397374327
2022-04-23 00:00:00 UTC,0.841475745536164
2022-04-24 00:00:00 UTC,0.824680549949109
2022-04-25 00:00:00 UTC,0.820013346719939
2022-04-26 00:00:00 UTC,0.839200761061627
2022-04-27 00:00:00 UTC,0.777511325651715
2022-04-28 00:00:00 UTC,0.796581175504574
2022-04-29 00:00:00 UTC,0.802561624822872
2022-04-30 00:00:00 UTC,0.764648130344525
2022-05-01 00:00:00 UTC,0.718973938681785
2022-05-02 00:00:00 UTC,0.749777838353418
2022-05-03 00:00:00 UTC,0.745017984601712
2022-05-04 00:00:00 UTC,0.73428917718014
2022-05-05 00:00:00 UTC,0.843420387917731
2022-05-06 00:00:00 UTC,0.752184619710982
2022-05-07 00:00:00 UTC,0.745229028546232
2022-05-08 00:00:00 UTC,0.724379107267289
2022-05-09 00:00:00 UTC,0.703298202817049
2022-05-10 00:00:00 UTC,0.583401750133888
2022-05-11 00:00:00 UTC,0.597733314720875
2022-05-12 00:00:00 UTC,0.491180313292081
2022-05-13 00:00:00 UTC,0.457845237064506
2022-05-14 00:00:00 UTC,0.508982623155263
2022-05-15 00:00:00 UTC,0.519728164816821
2022-05-16 00:00:00 UTC,0.574604273627333
2022-05-17 00:00:00 UTC,0.533923966345897
2022-05-18 00:00:00 UTC,0.549280127052101
2022-05-19 00:00:00 UTC,0.484191814724697
2022-05-20 00:00:00 UTC,0.505510066922335
2022-05-21 00:00:00 UTC,0.490615430163152
2022-05-22 00:00:00 UTC,0.50114248710962
2022-05-23 00:00:00 UTC,0.513852176203398
2022-05-24 00:00:00 UTC,0.48078310248018
2022-05-25 00:00:00 UTC,0.485748925890509
2022-05-26 00:00:00 UTC,0.481326049904779
2022-05-27 00:00:00 UTC,0.449874802190647
2022-05-28 00:00:00 UTC,0.424738915866165
2022-05-29 00:00:00 UTC,0.434611716331218
2022-05-30 00:00:00 UTC,0.449089652137098
2022-05-31 00:00:00 UTC,0.529662624809575
2022-06-01 00:00:00 UTC,0.587522089946978
2022-06-02 00:00:00 UTC,0.519737523770835
2022-06-03 00:00:00 UTC,0.546091736931934
2022-06-04 00:00:00 UTC,0.522591266721144
2022-06-05 00:00:00 UTC,0.528847618105848
2022-06-06 00:00:00 UTC,0.529046953188706
2022-06-07 00:00:00 UTC,0.568846812549718
2022-06-08 00:00:00 UTC,0.576625545369488
2022-06-09 00:00:00 UTC,0.599650640573079
2022-06-10 00:00:00 UTC,0.595936502250777
2022-06-11 00:00:00 UTC,0.546416185919591
2022-06-12 00:00:00 UTC,0.52663009217605
2022-06-13 00:00:00 UTC,0.478956352262386
2022-06-14 00:00:00 UTC,0.443056980335855
2022-06-15 00:00:00 UTC,0.465204372499876
2022-06-16 00:00:00 UTC,0.509373004816312
2022-06-17 00:00:00 UTC,0.451054065272867
2022-06-18 00:00:00 UTC,0.465189505023773
2022-06-19 00:00:00 UTC,0.436251910587965
2022-06-20 00:00:00 UTC,0.461163408595765
2022-06-21 00:00:00 UTC,0.468398237214478
2022-06-22 00:00:00 UTC,0.455602808211271
2022-06-23 00:00:00 UTC,0.434779578031719
2022-06-24 00:00:00 UTC,0.456569568093795
2022-06-25 00:00:00 UTC,0.476175278668302
2022-06-26 00:00:00 UTC,0.472030180343145
2022-06-27 00:00:00 UTC,0.464888970811414
2022-06-28 00:00:00 UTC,0.460101634562515
2022-06-29 00:00:00 UTC,0.446792779981107
2022-06-30 00:00:00 UTC,0.44531837420164
2022-07-01 00:00:00 UTC,0.433918996114359
2022-07-02 00:00:00 UTC,0.432297155066541
2022-07-03 00:00:00 UTC,0.438633728858547
2022-07-04 00:00:00 UTC,0.438007432857049
2022-07-05 00:00:00 UTC,0.44987834044525
2022-07-06 00:00:00 UTC,0.44577169138548
2022-07-07 00:00:00 UTC,0.454143889772342
2022-07-08 00:00:00 UTC,0.470456320557581
2022-07-09 00:00:00 UTC,0.462503306268044
2022-07-10 00:00:00 UTC,0.469961840550955
2022-07-11 00:00:00 UTC,0.45565551746509
2022-07-12 00:00:00 UTC,0.433832273614311
2022-07-13 00:00:00 UTC,0.419077180653885
2022-07-14 00:00:00 UTC,0.436145248046479
2022-07-15 00:00:00 UTC,0.440196296300281
2022-07-16 00:00:00 UTC,0.438923828245236
2022-07-17 00:00:00 UTC,0.453260537304384
2022-07-18 00:00:00 UTC,0.44406106615828
2022-07-19 00:00:00 UTC,0.484395005855087
2022-07-20 00:00:00 UTC,0.50372194451377
2022-07-21 00:00:00 UTC,0.483221860787981
2022-07-22 00:00:00 UTC,0.489159002332752
2022-07-23 00:00:00 UTC,0.473895376854039
2022-07-24 00:00:00 UTC,0.507946740350592
2022-07-25 00:00:00 UTC,0.50450101885072
2022-07-26 00:00:00 UTC,0.467820457771581
2022-07-27 00:00:00 UTC,0.461790457935274
2022-07-28 00:00:00 UTC,0.49898392109875
2022-07-29 00:00:00 UTC,0.504154625744392
2022-07-30 00:00:00 UTC,0.514025157215015
2022-07-31 00:00:00 UTC,0.514828550108993
2022-08-01 00:00:00 UTC,0.507729987699355
2022-08-02 00:00:00 UTC,0.500391452965372
2022-08-03 00:00:00 UTC,0.492305195381528
2022-08-04 00:00:00 UTC,0.494865163969988
2022-08-05 00:00:00 UTC,0.490198268708175
2022-08-06 00:00:00 UTC,0.507903290921109
2022-08-07 00:00:00 UTC,0.503434403125641
2022-08-08 00:00:00 UTC,0.519966322369604
2022-08-09 00:00:00 UTC,0.527064984118527
2022-08-10 00:00:00 UTC,0.505699356055458
2022-08-11 00:00:00 UTC,0.522165421900875
2022-08-12 00:00:00 UTC,0.515218431697636
2022-08-13 00:00:00 UTC,0.527976507857549
2022-08-14 00:00:00 UTC,0.547280455290688
2022-08-15 00:00:00 UTC,0.557975251606902
2022-08-16 00:00:00 UTC,0.543632617989391
2022-08-17 00:00:00 UTC,0.550184688141792
2022-08-18 00:00:00 UTC,0.529932320036897
2022-08-19 00:00:00 UTC,0.509640414107117
2022-08-20 00:00:00 UTC,0.450923933960152
2022-08-21 00:00:00 UTC,0.450498559267921
2022-08-22 00:00:00 UTC,0.463130611870434
2022-08-23 00:00:00 UTC,0.463882438276123
2022-08-24 00:00:00 UTC,0.467836856639006
2022-08-25 00:00:00 UTC,0.459977415654392
2022-08-26 00:00:00 UTC,0.467076018767287
2022-08-27 00:00:00 UTC,0.434030305331015
2022-08-28 00:00:00 UTC,0.453433754097143
2022-08-29 00:00:00 UTC,0.434461209746415
2022-08-30 00:00:00 UTC,0.451327787657115
2022-08-31 00:00:00 UTC,0.451573603267102
2022-09-01 00:00:00 UTC,0.44506417370446
2022-09-02 00:00:00 UTC,0.460735368720255
2022-09-03 00:00:00 UTC,0.457043790731447
2022-09-04 00:00:00 UTC,0.482559479795339
2022-09-05 00:00:00 UTC,0.507056344100417
2022-09-06 00:00:00 UTC,0.502258817332501
2022-09-07 00:00:00 UTC,0.469026164548917
2022-09-08 00:00:00 UTC,0.480052477413899
2022-09-09 00:00:00 UTC,0.479595567012514
2022-09-10 00:00:00 UTC,0.494726300889924
2022-09-11 00:00:00 UTC,0.504916717079816
2022-09-12 00:00:00 UTC,0.504824583996978
2022-09-13 00:00:00 UTC,0.494228990696186
2022-09-14 00:00:00 UTC,0.466541424706337
2022-09-15 00:00:00 UTC,0.483098399366197
2022-09-16 00:00:00 UTC,0.467030830925287
2022-09-17 00:00:00 UTC,0.473511827589275
2022-09-18 00:00:00 UTC,0.486951784120353
2022-09-19 00:00:00 UTC,0.447390906061015
2022-09-20 00:00:00 UTC,0.453611603149991
2022-09-21 00:00:00 UTC,0.443396267572227
2022-09-22 00:00:00 UTC,0.449541414702921
2022-09-23 00:00:00 UTC,0.467727600898584
2022-09-24 00:00:00 UTC,0.477380972812538
2022-09-25 00:00:00 UTC,0.467358943375731
2022-09-26 00:00:00 UTC,0.461845879826363
2022-09-27 00:00:00 UTC,0.464711535366265
2022-09-28 00:00:00 UTC,0.461259912847159
2022-09-29 00:00:00 UTC,0.451577797307847
2022-09-30 00:00:00 UTC,0.445436640638824
2022-10-01 00:00:00 UTC,0.443201461866386
2022-10-02 00:00:00 UTC,0.439549351188503
2022-10-03 00:00:00 UTC,0.42928057271503
2022-10-04 00:00:00 UTC,0.435710357671648
2022-10-05 00:00:00 UTC,0.437169224601277
2022-10-06 00:00:00 UTC,0.435674967227519
2022-10-07 00:00:00 UTC,0.438325983440842
2022-10-08 00:00:00 UTC,0.436270787549063
2022-10-09 00:00:00 UTC,0.433246102854738
2022-10-10 00:00:00 UTC,0.434287259323333
2022-10-11 00:00:00 UTC,0.414074707769079
2022-10-12 00:00:00 UTC,0.402843824618486
2022-10-13 00:00:00 UTC,0.392926079045388
2022-10-14 00:00:00 UTC,0.387417762521142
2022-10-15 00:00:00 UTC,0.377797286091893
2022-10-16 00:00:00 UTC,0.3744807426922
2022-10-17 00:00:00 UTC,0.38017801064468
2022-10-18 00:00:00 UTC,0.379417874377787
2022-10-19 00:00:00 UTC,0.367563099304564
2022-10-20 00:00:00 UTC,0.358410851168375
2022-10-21 00:00:00 UTC,0.347899156973716
2022-10-22 00:00:00 UTC,0.354226151074343
2022-10-23 00:00:00 UTC,0.356642875940843
2022-10-24 00:00:00 UTC,0.366773293541357
2022-10-25 00:00:00 UTC,0.361195687201036
2022-10-26 00:00:00 UTC,0.404493598070124
2022-10-27 00:00:00 UTC,0.39954030293803
2022-10-28 00:00:00 UTC,0.390017446666994
2022-10-29 00:00:00 UTC,0.405563061688043
2022-10-30 00:00:00 UTC,0.419667736538976
2022-10-31 00:00:00 UTC,0.407154584534444
2022-11-01 00:00:00 UTC,0.410859092632214
2022-11-02 00:00:00 UTC,0.406010871514574
2022-11-03 00:00:00 UTC,0.393402989740473
2022-11-04 00:00:00 UTC,0.399308249898515
2022-11-05 00:00:00 UTC,0.422263045340532
2022-11-06 00:00:00 UTC,0.427628731944763
2022-11-07 00:00:00 UTC,0.406813897744497
2022-11-08 00:00:00 UTC,0.403440727695803
2022-11-09 00:00:00 UTC,0.369501792385886
2022-11-10 00:00:00 UTC,0.315407213007325
2022-11-11 00:00:00 UTC,0.362849904899694
2022-11-12 00:00:00 UTC,0.343570375100924
2022-11-13 00:00:00 UTC,0.328072510745571
2022-11-14 00:00:00 UTC,0.31958341075269
2022-11-15 00:00:00 UTC,0.322313439243758
2022-11-16 00:00:00 UTC,0.326292402684855
2022-11-17 00:00:00 UTC,0.320816872097834
2022-11-18 00:00:00 UTC,0.314266395047682
2022-11-19 00:00:00 UTC,0.316302741983096
2022-11-20 00:00:00 UTC,0.318141102092326
2022-11-21 00:00:00 UTC,0.303364471583567
2022-11-22 00:00:00 UTC,0.298312236425226
2022-11-23 00:00:00 UTC,0.30288256698005
2022-11-24 00:00:00 UTC,0.30663906556228
2022-11-25 00:00:00 UTC,0.304816532028646
2022-11-26 00:00:00 UTC,0.303477616951296
2022-11-27 00:00:00 UTC,0.301817834037474
2022-11-28 00:00:00 UTC,0.302583159573375
2022-11-29 00:00:00 UTC,0.296850094529627
2022-11-30 00:00:00 UTC,0.300381946421132
2022-12-01 00:00:00 UTC,0.30726435252139
2022-12-02 00:00:00 UTC,0.299564050678979
2022-12-03 00:00:00 UTC,0.303664510838134
2022-12-04 00:00:00 UTC,0.304473153329535
2022-12-05 00:00:00 UTC,0.306976884884552
2022-12-06 00:00:00 UTC,0.305122110387006
2022-12-07 00:00:00 UTC,0.304929776452867
2022-12-08 00:00:00 UTC,0.295772033213814
2022-12-09 00:00:00 UTC,0.298304651371712
2022-12-10 00:00:00 UTC,0.296212538521719
2022-12-11 00:00:00 UTC,0.297037881794978
2022-12-12 00:00:00 UTC,0.292952877749343
2022-12-13 00:00:00 UTC,0.291419004880551
2022-12-14 00:00:00 UTC,0.293829532974279
2022-12-15 00:00:00 UTC,0.288840167599568
2022-12-16 00:00:00 UTC,0.281625539727907
2022-12-17 00:00:00 UTC,0.249556506276851
2022-12-18 00:00:00 UTC,0.252442329259756
2022-12-19 00:00:00 UTC,0.251878858633526
2022-12-20 00:00:00 UTC,0.238245522766668
2022-12-21 00:00:00 UTC,0.244217874596988
2022-12-22 00:00:00 UTC,0.238751891932855
2022-12-23 00:00:00 UTC,0.242070633954326
2022-12-24 00:00:00 UTC,0.243621127958848
2022-12-25 00:00:00 UTC,0.24336029126857
2022-12-26 00:00:00 UTC,0.244589065401273
2022-12-27 00:00:00 UTC,0.249346255400766
2022-12-28 00:00:00 UTC,0.244884956708486
2022-12-29 00:00:00 UTC,0.233719792503061
2022-12-30 00:00:00 UTC,0.229183610172701
2022-12-31 00:00:00 UTC,0.229078290582896
2023-01-01 00:00:00 UTC,0.229709984149431
2023-01-02 00:00:00 UTC,0.231531060575329
2023-01-03 00:00:00 UTC,0.23794767858035
2023-01-04 00:00:00 UTC,0.240063583381144
2023-01-05 00:00:00 UTC,0.252507154202078
2023-01-06 00:00:00 UTC,0.256012078629137
2023-01-07 00:00:00 UTC,0.261517955721143
2023-01-08 00:00:00 UTC,0.260188818652862
2023-01-09 00:00:00 UTC,0.275568146155967
2023-01-10 00:00:00 UTC,0.295498509831282
2023-01-11 00:00:00 UTC,0.300472148296955
2023-01-12 00:00:00 UTC,0.300423600836864
2023-01-13 00:00:00 UTC,0.303903336317131
2023-01-14 00:00:00 UTC,0.318417289704643
2023-01-15 00:00:00 UTC,0.324537042791674
2023-01-16 00:00:00 UTC,0.323780160155405
2023-01-17 00:00:00 UTC,0.323444342922069
2023-01-18 00:00:00 UTC,0.32105725073253
2023-01-19 00:00:00 UTC,0.303654549472145
2023-01-20 00:00:00 UTC,0.31337350500044
2023-01-21 00:00:00 UTC,0.334315064328946
2023-01-22 00:00:00 UTC,0.339545814429274
2023-01-23 00:00:00 UTC,0.347508537838002
2023-01-24 00:00:00 UTC,0.346214711670435
2023-01-25 00:00:00 UTC,0.329775515950738
2023-01-26 00:00:00 UTC,0.342672272623632
2023-01-27 00:00:00 UTC,0.349449743479214
2023-01-28 00:00:00 UTC,0.3586335746062
2023-01-29 00:00:00 UTC,0.351927166989882
2023-01-30 00:00:00 UTC,0.364997684694899
2023-01-31 00:00:00 UTC,0.344049731632438
2023-02-01 00:00:00 UTC,0.361215408527175
2023-02-02 00:00:00 UTC,0.361346644670255
2023-02-03 00:00:00 UTC,0.366330793713434
2023-02-04 00:00:00 UTC,0.374751202071775
2023-02-05 00:00:00 UTC,0.369991137443806
2023-02-06 00:00:00 UTC,0.364235042029045
2023-02-07 00:00:00 UTC,0.357128361898613
2023-02-08 00:00:00 UTC,0.372355020365532
2023-02-09 00:00:00 UTC,0.368212975318096
2023-02-10 00:00:00 UTC,0.337586136232415
2023-02-11 00:00:00 UTC,0.335954773506212
2023-02-12 00:00:00 UTC,0.346279500592354
2023-02-13 00:00:00 UTC,0.341126693828186
2023-02-14 00:00:00 UTC,0.335668875738188
2023-02-15 00:00:00 UTC,0.360754955122822
2023-02-16 00:00:00 UTC,0.386441287541863
2023-02-17 00:00:00 UTC,0.366411655852576
2023-02-18 00:00:00 UTC,0.377938559889705
2023-02-19 00:00:00 UTC,0.379706038586947
2023-02-20 00:00:00 UTC,0.373755134806081
2023-02-21 00:00:00 UTC,0.377183991897115
2023-02-22 00:00:00 UTC,0.368406236941959
2023-02-23 00:00:00 UTC,0.366579537593204
2023-02-24 00:00:00 UTC,0.362008466149587
2023-02-25 00:00:00 UTC,0.345717618841659
2023-02-26 00:00:00 UTC,0.343013746149663
2023-02-27 00:00:00 UTC,0.349734499297505
2023-02-28 00:00:00 UTC,0.344408647744942
2023-03-01 00:00:00 UTC,0.333487318214983
2023-03-02 00:00:00 UTC,0.338463014873342
2023-03-03 00:00:00 UTC,0.330611319708354
2023-03-04 00:00:00 UTC,0.322968902054074
2023-03-05 00:00:00 UTC,0.316943704114908
2023-03-06 00:00:00 UTC,0.317777875374886
2023-03-07 00:00:00 UTC,0.310179839319589
2023-03-08 00:00:00 UTC,0.314073886243127
2023-03-09 00:00:00 UTC,0.301806098604212
2023-03-10 00:00:00 UTC,0.293195417748814
2023-03-11 00:00:00 UTC,0.296170513097265
2023-03-12 00:00:00 UTC,0.287353616778443
2023-03-13 00:00:00 UTC,0.309686172959587
2023-03-14 00:00:00 UTC,0.320706618848443
2023-03-15 00:00:00 UTC,0.321052463570785
2023-03-16 00:00:00 UTC,0.307542637235023
2023-03-17 00:00:00 UTC,0.307840465654236
2023-03-18 00:00:00 UTC,0.325748473196947
2023-03-19 00:00:00 UTC,0.31457272648794
2023-03-20 00:00:00 UTC,0.326332492453575
2023-03-21 00:00:00 UTC,0.312268124020702
2023-03-22 00:00:00 UTC,0.346358628278074
2023-03-23 00:00:00 UTC,0.333978431051024
2023-03-24 00:00:00 UTC,0.345127979633564
2023-03-25 00:00:00 UTC,0.336321780026648
2023-03-26 00:00:00 UTC,0.329165065083469
2023-03-27 00:00:00 UTC,0.331335800224693
2023-03-28 00:00:00 UTC,0.321027963697159
2023-03-29 00:00:00 UTC,0.340683846427176
2023-03-30 00:00:00 UTC,0.352779285003314
2023-03-31 00:00:00 UTC,0.345828681622453
2023-04-01 00:00:00 UTC,0.367577261865601
2023-04-02 00:00:00 UTC,0.36245948111054
2023-04-03 00:00:00 UTC,0.353791962580683
2023-04-04 00:00:00 UTC,0.355470727662582
2023-04-05 00:00:00 UTC,0.355834175810732
2023-04-06 00:00:00 UTC,0.360077730262988
2023-04-07 00:00:00 UTC,0.351495394139459
2023-04-08 00:00:00 UTC,0.349469430814218
2023-04-09 00:00:00 UTC,0.351510369048513
2023-04-10 00:00:00 UTC,0.35730536720053
2023-04-11 00:00:00 UTC,0.365421727683136
2023-04-12 00:00:00 UTC,0.367950786018164
2023-04-13 00:00:00 UTC,0.368532339055958
2023-04-14 00:00:00 UTC,0.385648346912677
2023-04-15 00:00:00 UTC,0.395298709577668
2023-04-16 00:00:00 UTC,0.409059259380361
2023-04-17 00:00:00 UTC,0.411260849911771
2023-04-18 00:00:00 UTC,0.397770596732106
2023-04-19 00:00:00 UTC,0.404192788793841
2023-04-20 00:00:00 UTC,0.379207276061703
2023-04-21 00:00:00 UTC,0.365365323552978
2023-04-22 00:00:00 UTC,0.345138845449763
2023-04-23 00:00:00 UTC,0.357702261522651
2023-04-24 00:00:00 UTC,0.35392076086609
2023-04-25 00:00:00 UTC,0.34733046791725
2023-04-26 00:00:00 UTC,0.35983396457167
2023-04-27 00:00:00 UTC,0.363321300937349
2023-04-28 00:00:00 UTC,0.371888629627255
2023-04-29 00:00:00 UTC,0.364179179805189
2023-04-30 00:00:00 UTC,0.361821712046097
2023-05-01 00:00:00 UTC,0.361708584450707
2023-05-02 00:00:00 UTC,0.353036839284996
2023-05-03 00:00:00 UTC,0.355575427888888
2023-05-04 00:00:00 UTC,0.355733401608326
2023-05-05 00:00:00 UTC,0.351714906119762
2023-05-06 00:00:00 UTC,0.352181299028367
2023-05-07 00:00:00 UTC,0.339196445840064
2023-05-08 00:00:00 UTC,0.343082535396307
2023-05-09 00:00:00 UTC,0.332939930554464
2023-05-10 00:00:00 UTC,0.331586015617243
2023-05-11 00:00:00 UTC,0.337449854224442
2023-05-12 00:00:00 UTC,0.330433330007779
2023-05-13 00:00:00 UTC,0.338959371503553
2023-05-14 00:00:00 UTC,0.333799289730891
2023-05-15 00:00:00 UTC,0.341732043870984
2023-05-16 00:00:00 UTC,0.338486265834346
2023-05-17 00:00:00 UTC,0.338805918818658
2023-05-18 00:00:00 UTC,0.346180833599927
2023-05-19 00:00:00 UTC,0.345945145343077
2023-05-20 00:00:00 UTC,0.340714712409633
2023-05-21 00:00:00 UTC,0.338772900634947
2023-05-22 00:00:00 UTC,0.333733174280653
2023-05-23 00:00:00 UTC,0.340641868841469
2023-05-24 00:00:00 UTC,0.344106625379231
2023-05-25 00:00:00 UTC,0.338850439402342
2023-05-26 00:00:00 UTC,0.334349738132528
2023-05-27 00:00:00 UTC,0.338260032976104
2023-05-28 00:00:00 UTC,0.342037810530587
2023-05-29 00:00:00 UTC,0.357507460617782
2023-05-30 00:00:00 UTC,0.353978610065467
2023-05-31 00:00:00 UTC,0.352240635005261
2023-06-01 00:00:00 UTC,0.350760921268898
2023-06-02 00:00:00 UTC,0.339345743749182
2023-06-03 00:00:00 UTC,0.353282548237592
2023-06-04 00:00:00 UTC,0.350910252900444
2023-06-05 00:00:00 UTC,0.354018989814984
2023-06-06 00:00:00 UTC,0.328666749859099
2023-06-07 00:00:00 UTC,0.331008615918504
2023-06-08 00:00:00 UTC,0.301103339643983
2023-06-09 00:00:00 UTC,0.299671438777233
2023-06-10 00:00:00 UTC,0.27465088946244
2023-06-11 00:00:00 UTC,0.256948905191716
2023-06-12 00:00:00 UTC,0.253872654352499
2023-06-13 00:00:00 UTC,0.256122239429956
2023-06-14 00:00:00 UTC,0.25481559718108
2023-06-15 00:00:00 UTC,0.24278908716737
2023-06-16 00:00:00 UTC,0.239080771702266
2023-06-17 00:00:00 UTC,0.240357744539345
2023-06-18 00:00:00 UTC,0.243658826838391
2023-06-19 00:00:00 UTC,0.238657508096487
2023-06-20 00:00:00 UTC,0.240789220169916
2023-06-21 00:00:00 UTC,0.246950509330345
2023-06-22 00:00:00 UTC,0.26121098968668
2023-06-23 00:00:00 UTC,0.264896153245016
2023-06-24 00:00:00 UTC,0.271032714759501
2023-06-25 00:00:00 UTC,0.265300701506843
2023-06-26 00:00:00 UTC,0.267771859231481
2023-06-27 00:00:00 UTC,0.257213181452467
2023-06-28 00:00:00 UTC,0.261353025800835
2023-06-29 00:00:00 UTC,0.244530823940034
2023-06-30 00:00:00 UTC,0.253725778675174
2023-07-01 00:00:00 UTC,0.262764887576496
2023-07-02 00:00:00 UTC,0.267606791462666
2023-07-03 00:00:00 UTC,0.267267325091241
2023-07-04 00:00:00 UTC,0.270969276140184
2023-07-05 00:00:00 UTC,0.269101347961971
2023-07-06 00:00:00 UTC,0.261768535723878
2023-07-07 00:00:00 UTC,0.25711136028793
2023-07-08 00:00:00 UTC,0.259051717724646
2023-07-09 00:00:00 UTC,0.264898216104709
2023-07-10 00:00:00 UTC,0.259356098168119
2023-07-11 00:00:00 UTC,0.261497802466317
2023-07-12 00:00:00 UTC,0.265735775969338
2023-07-13 00:00:00 UTC,0.259200821773159
2023-07-14 00:00:00 UTC,0.317951206234341
2023-07-15 00:00:00 UTC,0.29231667611408
2023-07-16 00:00:00 UTC,0.29007119904019
2023-07-17 00:00:00 UTC,0.280301233645718
2023-07-18 00:00:00 UTC,0.278145248751108
2023-07-19 00:00:00 UTC,0.273379718099163
2023-07-20 00:00:00 UTC,0.289230147303792
2023-07-21 00:00:00 UTC,0.283571750856477
2023-07-22 00:00:00 UTC,0.281305494163886
2023-07-23 00:00:00 UTC,0.276923536005399
2023-07-24 00:00:00 UTC,0.284966470097479
2023-07-25 00:00:00 UTC,0.276014351364154
2023-07-26 00:00:00 UTC,0.274999631371935
2023-07-27 00:00:00 UTC,0.276728381780573
2023-07-28 00:00:00 UTC,0.279971418530582
2023-07-29 00:00:00 UTC,0.280942323407857
2023-07-30 00:00:00 UTC,0.283382766939594
2023-07-31 00:00:00 UTC,0.286013091434143
2023-08-01 00:00:00 UTC,0.27944788351978
2023-08-02 00:00:00 UTC,0.280904691161222
2023-08-03 00:00:00 UTC,0.273212989900269
2023-08-04 00:00:00 UTC,0.267024497433429
2023-08-05 00:00:00 UTC,0.266177412032203
2023-08-06 00:00:00 UTC,0.266280391417474
2023-08-07 00:00:00 UTC,0.26513041879855
2023-08-08 00:00:00 UTC,0.263695758323099
2023-08-09 00:00:00 UTC,0.271772832913075
2023-08-10 00:00:00 UTC,0.274389721114672
2023-08-11 00:00:00 UTC,0.269529498732782
2023-08-12 00:00:00 UTC,0.267717441950213
2023-08-13 00:00:00 UTC,0.266203336126555
2023-08-14 00:00:00 UTC,0.264415495137597
2023-08-15 00:00:00 UTC,0.2662926129323
2023-08-16 00:00:00 UTC,0.258374956249112
2023-08-17 00:00:00 UTC,0.252702639072705
2023-08-18 00:00:00 UTC,0.233911193293728
2023-08-19 00:00:00 UTC,0.242148866068336
2023-08-20 00:00:00 UTC,0.246279427525912
2023-08-21 00:00:00 UTC,0.248588339287128
2023-08-22 00:00:00 UTC,0.241252682496043
2023-08-23 00:00:00 UTC,0.238186617524711
2023-08-24 00:00:00 UTC,0.246949301805057
2023-08-25 00:00:00 UTC,0.246085896167446
2023-08-26 00:00:00 UTC,0.24186359655984
2023-08-27 00:00:00 UTC,0.241585701767946
2023-08-28 00:00:00 UTC,0.243854085787208
2023-08-29 00:00:00 UTC,0.247110653173999
2023-08-30 00:00:00 UTC,0.250306024358823
2023-08-31 00:00:00 UTC,0.242987846395478
2023-09-01 00:00:00 UTC,0.235356391988416
2023-09-02 00:00:00 UTC,0.23662536567869
2023-09-03 00:00:00 UTC,0.237357329318189
2023-09-04 00:00:00 UTC,0.237046286688099
2023-09-05 00:00:00 UTC,0.237332743012702
2023-09-06 00:00:00 UTC,0.240107202761595
2023-09-07 00:00:00 UTC,0.240351601033914
2023-09-08 00:00:00 UTC,0.240746570240155
2023-09-09 00:00:00 UTC,0.237560345569739
2023-09-10 00:00:00 UTC,0.236541822815394
2023-09-11 00:00:00 UTC,0.232451238913689
2023-09-12 00:00:00 UTC,0.224729331154557
2023-09-13 00:00:00 UTC,0.228558363222003
2023-09-14 00:00:00 UTC,0.231735322033837
2023-09-15 00:00:00 UTC,0.236104617916064
2023-09-16 00:00:00 UTC,0.234846110105179
2023-09-17 00:00:00 UTC,0.234568198858722
2023-09-18 00:00:00 UTC,0.231633617021663
2023-09-19 00:00:00 UTC,0.235226343601939
2023-09-20 00:00:00 UTC,0.23872210741339
2023-09-21 00:00:00 UTC,0.236010246160734
2023-09-22 00:00:00 UTC,0.229910056292016
2023-09-23 00:00:00 UTC,0.229650550069191
2023-09-24 00:00:00 UTC,0.230662680873697
2023-09-25 00:00:00 UTC,0.227799620006233
2023-09-26 00:00:00 UTC,0.232094564708353
2023-09-27 00:00:00 UTC,0.232097159068864
2023-09-28 00:00:00 UTC,0.233030339063522
2023-09-29 00:00:00 UTC,0.235622132845372
2023-09-30 00:00:00 UTC,0.235740343333671
2023-10-01 00:00:00 UTC,0.239871981646588
2023-10-02 00:00:00 UTC,0.251724989164227
2023-10-03 00:00:00 UTC,0.247810054941441
2023-10-04 00:00:00 UTC,0.249335176973698
2023-10-05 00:00:00 UTC,0.246892436796037
2023-10-06 00:00:00 UTC,0.24671274681309
2023-10-07 00:00:00 UTC,0.250057042890338
2023-10-08 00:00:00 UTC,0.24422169631744
2023-10-09 00:00:00 UTC,0.24278173276847
2023-10-10 00:00:00 UTC,0.237838983441762
2023-10-11 00:00:00 UTC,0.234814855373757
2023-10-12 00:00:00 UTC,0.233230240721592
2023-10-13 00:00:00 UTC,0.233149441902199
2023-10-14 00:00:00 UTC,0.2338398497668
2023-10-15 00:00:00 UTC,0.234949194190608
2023-10-16 00:00:00 UTC,0.234875491270533
2023-10-17 00:00:00 UTC,0.238092244542235
2023-10-18 00:00:00 UTC,0.233136662821867
2023-10-19 00:00:00 UTC,0.230569984469054
2023-10-20 00:00:00 UTC,0.233331427101096
2023-10-21 00:00:00 UTC,0.236945175450996
2023-10-22 00:00:00 UTC,0.24389043715301
2023-10-23 00:00:00 UTC,0.249285616480019
2023-10-24 00:00:00 UTC,0.261433303122157
2023-10-25 00:00:00 UTC,0.26323802131979
2023-10-26 00:00:00 UTC,0.265351213556517
2023-10-27 00:00:00 UTC,0.272137866683272
2023-10-28 00:00:00 UTC,0.273734096417023
2023-10-29 00:00:00 UTC,0.275111214538417
2023-10-30 00:00:00 UTC,0.279371218211213
2023-10-31 00:00:00 UTC,0.285296013955153
2023-11-01 00:00:00 UTC,0.277226369272868
2023-11-02 00:00:00 UTC,0.290559593286055
2023-11-03 00:00:00 UTC,0.304548191627993
2023-11-04 00:00:00 UTC,0.306506754566534
2023-11-05 00:00:00 UTC,0.30553810108659
2023-11-06 00:00:00 UTC,0.319805374259805
2023-11-07 00:00:00 UTC,0.338917114050058
2023-11-08 00:00:00 UTC,0.328323288940039
2023-11-09 00:00:00 UTC,0.334736238347053
2023-11-10 00:00:00 UTC,0.34523256118794
2023-11-11 00:00:00 UTC,0.361118826781686
2023-11-12 00:00:00 UTC,0.359774086942141
2023-11-13 00:00:00 UTC,0.358429235619606
2023-11-14 00:00:00 UTC,0.33528682660218
2023-11-15 00:00:00 UTC,0.3287444058236
2023-11-16 00:00:00 UTC,0.349210362569605
2023-11-17 00:00:00 UTC,0.341328120311045
2023-11-18 00:00:00 UTC,0.334996466288429
2023-11-19 00:00:00 UTC,0.345887375755464
2023-11-20 00:00:00 UTC,0.351981327342671
2023-11-21 00:00:00 UTC,0.346822504343645
2023-11-22 00:00:00 UTC,0.328492931268605
2023-11-23 00:00:00 UTC,0.349266907751034
2023-11-24 00:00:00 UTC,0.354079303203202
2023-11-25 00:00:00 UTC,0.352804491156811
2023-11-26 00:00:00 UTC,0.360467648913766
2023-11-27 00:00:00 UTC,0.354557059724772
2023-11-28 00:00:00 UTC,0.345314281105973
2023-11-29 00:00:00 UTC,0.350293728828701
2023-11-30 00:00:00 UTC,0.347513526227458
2023-12-01 00:00:00 UTC,0.344757499599652
2023-12-02 00:00:00 UTC,0.352657069601164
2023-12-03 00:00:00 UTC,0.365632884804186
2023-12-04 00:00:00 UTC,0.362395047003667
2023-12-05 00:00:00 UTC,0.375463029410712
2023-12-06 00:00:00 UTC,0.394252655108871
2023-12-07 00:00:00 UTC,0.410669199528091
2023-12-08 00:00:00 UTC,0.422437423730892
2023-12-09 00:00:00 UTC,0.508099944539654
2023-12-10 00:00:00 UTC,0.537445617879305
2023-12-11 00:00:00 UTC,0.553206631461899
2023-12-12 00:00:00 UTC,0.511272793569805
2023-12-13 00:00:00 UTC,0.533551419659096
2023-12-14 00:00:00 UTC,0.607674502440936
2023-12-15 00:00:00 UTC,0.584371869770152
2023-12-16 00:00:00 UTC,0.551899404993616
2023-12-17 00:00:00 UTC,0.55598777514636
2023-12-18 00:00:00 UTC,0.532910542836082
2023-12-19 00:00:00 UTC,0.550078748555633
2023-12-20 00:00:00 UTC,0.523656147121064
2023-12-21 00:00:00 UTC,0.53877888702575
2023-12-22 00:00:00 UTC,0.578105071476642
2023-12-23 00:00:00 UTC,0.565581848645776
2023-12-24 00:00:00 UTC,0.557568753403002
2023-12-25 00:00:00 UTC,0.53834044058826
2023-12-26 00:00:00 UTC,0.567826213868502
2023-12-27 00:00:00 UTC,0.550517822906951
2023-12-28 00:00:00 UTC,0.569809196817956
2023-12-29 00:00:00 UTC,0.558141117328911
2023-12-30 00:00:00 UTC,0.550302346233387
2023-12-31 00:00:00 UTC,0.544871864326798
2024-01-01 00:00:00 UTC,0.537443838873968
2024-01-02 00:00:00 UTC,0.56475105119483
2024-01-03 00:00:00 UTC,0.553912229543133
2024-01-04 00:00:00 UTC,0.50967034596625
2024-01-05 00:00:00 UTC,0.520323863813019
2024-01-06 00:00:00 UTC,0.492364587668182
2024-01-07 00:00:00 UTC,0.47707182453268
2024-01-08 00:00:00 UTC,0.45038884446286
2024-01-09 00:00:00 UTC,0.493605174628317
2024-01-10 00:00:00 UTC,0.467258118485359
2024-01-11 00:00:00 UTC,0.517522729868142
2024-01-12 00:00:00 UTC,0.529159288160702
2024-01-13 00:00:00 UTC,0.499338435223343
2024-01-14 00:00:00 UTC,0.501240521253185
2024-01-15 00:00:00 UTC,0.480012506344769
2024-01-16 00:00:00 UTC,0.482767262565363
2024-01-17 00:00:00 UTC,0.492215963300894
2024-01-18 00:00:00 UTC,0.483775580919901
2024-01-19 00:00:00 UTC,0.461417865127771
2024-01-20 00:00:00 UTC,0.459951542830789
2024-01-21 00:00:00 UTC,0.471560417333045
2024-01-22 00:00:00 UTC,0.462370511187659
2024-01-23 00:00:00 UTC,0.438685292726123
2024-01-24 00:00:00 UTC,0.439410138915008
2024-01-25 00:00:00 UTC,0.438196896497563
2024-01-26 00:00:00 UTC,0.430152721142163
2024-01-27 00:00:00 UTC,0.446088229461794
2024-01-28 00:00:00 UTC,0.447627100884848
2024-01-29 00:00:00 UTC,0.451679913590493
2024-01-30 00:00:00 UTC,0.48498301295512
2024-01-31 00:00:00 UTC,0.474704316075587
2024-02-01 00:00:00 UTC,0.460466155445111
2024-02-02 00:00:00 UTC,0.464837471463168
2024-02-03 00:00:00 UTC,0.476140216363912
2024-02-04 00:00:00 UTC,0.474450101710294
2024-02-05 00:00:00 UTC,0.459102545432346
2024-02-06 00:00:00 UTC,0.459279819921104
2024-02-07 00:00:00 UTC,0.463392434578158
2024-02-08 00:00:00 UTC,0.465609119168504
2024-02-09 00:00:00 UTC,0.490510053067933
2024-02-10 00:00:00 UTC,0.501447112874696
2024-02-11 00:00:00 UTC,0.510629021578842
2024-02-12 00:00:00 UTC,0.50086995958325
2024-02-13 00:00:00 UTC,0.520038507389022
2024-02-14 00:00:00 UTC,0.509439251564408
2024-02-15 00:00:00 UTC,0.537068579692756
2024-02-16 00:00:00 UTC,0.564174324238323
2024-02-17 00:00:00 UTC,0.555457908702001
2024-02-18 00:00:00 UTC,0.564549081992194
2024-02-19 00:00:00 UTC,0.574135070201739
2024-02-20 00:00:00 UTC,0.585764557642701
2024-02-21 00:00:00 UTC,0.575761790565382
2024-02-22 00:00:00 UTC,0.553606727579971
2024-02-23 00:00:00 UTC,0.542316056403449
2024-02-24 00:00:00 UTC,0.539353434016803
2024-02-25 00:00:00 UTC,0.550509942714345
2024-02-26 00:00:00 UTC,0.547136416200645
2024-02-27 00:00:00 UTC,0.570065311327492
2024-02-28 00:00:00 UTC,0.57566139507215
2024-02-29 00:00:00 UTC,0.582548970227374
2024-03-01 00:00:00 UTC,0.607569710203126
2024-03-02 00:00:00 UTC,0.659230644603486
2024-03-03 00:00:00 UTC,0.683954111232191
2024-03-04 00:00:00 UTC,0.671147921840873
2024-03-05 00:00:00 UTC,0.711484199565638
2024-03-06 00:00:00 UTC,0.642250223362232
2024-03-07 00:00:00 UTC,0.673092260106763
2024-03-08 00:00:00 UTC,0.679796379371803
2024-03-09 00:00:00 UTC,0.662253559649951
2024-03-10 00:00:00 UTC,0.68074587725847
2024-03-11 00:00:00 UTC,0.654459722449041
2024-03-12 00:00:00 UTC,0.709067541470275
2024-03-13 00:00:00 UTC,0.684642553755259
2024-03-14 00:00:00 UTC,0.697591571777492
2024-03-15 00:00:00 UTC,0.689646710740139
2024-03-16 00:00:00 UTC,0.667578216162261
2024-03-17 00:00:00 UTC,0.604426240603256
2024-03-18 00:00:00 UTC,0.626512417703168
2024-03-19 00:00:00 UTC,0.609167743321071
2024-03-20 00:00:00 UTC,0.539402097557657
2024-03-21 00:00:00 UTC,0.584425746081844
2024-03-22 00:00:00 UTC,0.582482649593321
2024-03-23 00:00:00 UTC,0.563901165896664
2024-03-24 00:00:00 UTC,0.576705574783159
2024-03-25 00:00:00 UTC,0.597708596324355
2024-03-26 00:00:00 UTC,0.605457971735942
2024-03-27 00:00:00 UTC,0.61424066707758
2024-03-28 00:00:00 UTC,0.599390580636953
2024-03-29 00:00:00 UTC,0.602514568776741
2024-03-30 00:00:00 UTC,0.615034717791012
2024-03-31 00:00:00 UTC,0.596741043399279
2024-04-01 00:00:00 UTC,0.602690515171352
2024-04-02 00:00:00 UTC,0.57945610109245
2024-04-03 00:00:00 UTC,0.538985834795521
2024-04-04 00:00:00 UTC,0.527494009579059
2024-04-05 00:00:00 UTC,0.537423731363093
2024-04-06 00:00:00 UTC,0.5308968047346
2024-04-07 00:00:00 UTC,0.538340379895898
2024-04-08 00:00:00 UTC,0.543776442424669
2024-04-09 00:00:00 UTC,0.565155542587433
2024-04-10 00:00:00 UTC,0.545369807234237
2024-04-11 00:00:00 UTC,0.545361912843979
2024-04-12 00:00:00 UTC,0.546443153249386
2024-04-13 00:00:00 UTC,0.473379380617272
2024-04-14 00:00:00 UTC,0.421300475228622
2024-04-15 00:00:00 UTC,0.440098101833927
2024-04-16 00:00:00 UTC,0.43314496756783
2024-04-17 00:00:00 UTC,0.431562154085866
2024-04-18 00:00:00 UTC,0.416676320304106
2024-04-19 00:00:00 UTC,0.430139151520194
2024-04-20 00:00:00 UTC,0.440718904223956
2024-04-21 00:00:00 UTC,0.473419332995162
2024-04-22 00:00:00 UTC,0.46826102397247
2024-04-23 00:00:00 UTC,0.484672108881357
2024-04-24 00:00:00 UTC,0.467685395267609
2024-04-25 00:00:00 UTC,0.443934597621473
2024-04-26 00:00:00 UTC,0.438625116287616
2024-04-27 00:00:00 UTC,0.432403998176812
2024-04-28 00:00:00 UTC,0.437348830379395
2024-04-29 00:00:00 UTC,0.429633752313403
2024-04-30 00:00:00 UTC,0.426520806658443
2024-05-01 00:00:00 UTC,0.413413917542632
2024-05-02 00:00:00 UTC,0.419440415301009
2024-05-03 00:00:00 UTC,0.426964069120889
2024-05-04 00:00:00 UTC,0.433786286908201
2024-05-05 00:00:00 UTC,0.430035295143866
2024-05-06 00:00:00 UTC,0.425705157986887
2024-05-07 00:00:00 UTC,0.421678745254412
2024-05-08 00:00:00 UTC,0.410798886452492
2024-05-09 00:00:00 UTC,0.421864113003642
2024-05-10 00:00:00 UTC,0.430053624980448
2024-05-11 00:00:00 UTC,0.416037640031291
2024-05-12 00:00:00 UTC,0.406885538936501
2024-05-13 00:00:00 UTC,0.406420489137626
2024-05-14 00:00:00 UTC,0.404165624390796
2024-05-15 00:00:00 UTC,0.395675190750826
2024-05-16 00:00:00 UTC,0.415872620026306
2024-05-17 00:00:00 UTC,0.422916133364286
2024-05-18 00:00:00 UTC,0.442787403517841
2024-05-19 00:00:00 UTC,0.443072468494026
2024-05-20 00:00:00 UTC,0.429862839579749
2024-05-21 00:00:00 UTC,0.461966552112667
2024-05-22 00:00:00 UTC,0.455702715494754
2024-05-23 00:00:00 UTC,0.446399305385428
2024-05-24 00:00:00 UTC,0.430315936492619
2024-05-25 00:00:00 UTC,0.42348401313865
2024-05-26 00:00:00 UTC,0.425844809397569
2024-05-27 00:00:00 UTC,0.422497619340177
2024-05-28 00:00:00 UTC,0.430885376838093
2024-05-29 00:00:00 UTC,0.420913767581203
2024-05-30 00:00:00 UTC,0.41731961820814
2024-05-31 00:00:00 UTC,0.412076003699213
2024-06-01 00:00:00 UTC,0.412190123457887
2024-06-02 00:00:00 UTC,0.414378233061409
2024-06-03 00:00:00 UTC,0.41124320614509
2024-06-04 00:00:00 UTC,0.418817375240636
2024-06-05 00:00:00 UTC,0.424069237578799
2024-06-06 00:00:00 UTC,0.42456826189381
2024-06-07 00:00:00 UTC,0.420632580435015
2024-06-08 00:00:00 UTC,0.415919488330274
2024-06-09 00:00:00 UTC,0.404088443130164
2024-06-10 00:00:00 UTC,0.412130207412074
2024-06-11 00:00:00 UTC,0.40969384103196
2024-06-12 00:00:00 UTC,0.392765801871383
2024-06-13 00:00:00 UTC,0.404715638529154
2024-06-14 00:00:00 UTC,0.391774685143688
2024-06-15 00:00:00 UTC,0.383808026246604
2024-06-16 00:00:00 UTC,0.386021733844116
2024-06-17 00:00:00 UTC,0.388855378968603
2024-06-18 00:00:00 UTC,0.373939650791943
2024-06-19 00:00:00 UTC,0.357269767281167
2024-06-20 00:00:00 UTC,0.356664724785426
2024-06-21 00:00:00 UTC,0.358657788641897
2024-06-22 00:00:00 UTC,0.351582241823362
2024-06-23 00:00:00 UTC,0.35977777366944
2024-06-24 00:00:00 UTC,0.355277636935514
2024-06-25 00:00:00 UTC,0.351970020175622
2024-06-26 00:00:00 UTC,0.365917880503725
2024-06-27 00:00:00 UTC,0.36007221141806
2024-06-28 00:00:00 UTC,0.364709843741245
2024-06-29 00:00:00 UTC,0.359299951780219
2024-06-30 00:00:00 UTC,0.357510529201488
2024-07-01 00:00:00 UTC,0.365145885241935
2024-07-02 00:00:00 UTC,0.375097599094333
2024-07-03 00:00:00 UTC,0.388313122636668
2024-07-04 00:00:00 UTC,0.37676534569248
2024-07-05 00:00:00 UTC,0.335955119606894
2024-07-06 00:00:00 UTC,0.322513583893166
2024-07-07 00:00:00 UTC,0.34224272158921
2024-07-08 00:00:00 UTC,0.319499997546095
2024-07-09 00:00:00 UTC,0.340556233215638
2024-07-10 00:00:00 UTC,0.346947535391045
2024-07-11 00:00:00 UTC,0.359045308832763
2024-07-12 00:00:00 UTC,0.36408181476714
2024-07-13 00:00:00 UTC,0.380978214129844
2024-07-14 00:00:00 UTC,0.403597518216813
2024-07-15 00:00:00 UTC,0.397420310329015
2024-07-16 00:00:00 UTC,0.40899415083516
2024-07-17 00:00:00 UTC,0.401940725152669
2024-07-18 00:00:00 UTC,0.399292423618745
2024-07-19 00:00:00 UTC,0.388867757987129
2024-07-20 00:00:00 UTC,0.402744836903476
2024-07-21 00:00:00 UTC,0.402021098757621
2024-07-22 00:00:00 UTC,0.409585541778361
2024-07-23 00:00:00 UTC,0.391541356933157
2024-07-24 00:00:00 UTC,0.378078877473099
2024-07-25 00:00:00 UTC,0.375199769512836
2024-07-26 00:00:00 UTC,0.363691137556878
2024-07-27 00:00:00 UTC,0.384098217448659
2024-07-28 00:00:00 UTC,0.384968098239474
2024-07-29 00:00:00 UTC,0.375365774354361
2024-07-30 00:00:00 UTC,0.373227317654225
2024-07-31 00:00:00 UTC,0.371153678581722
2024-08-01 00:00:00 UTC,0.359092323580137
2024-08-02 00:00:00 UTC,0.363563744590144
2024-08-03 00:00:00 UTC,0.333301752862894
2024-08-04 00:00:00 UTC,0.33344149663559
2024-08-05 00:00:00 UTC,0.314802955827686
2024-08-06 00:00:00 UTC,0.286800484068187
2024-08-07 00:00:00 UTC,0.302248360082347
2024-08-08 00:00:00 UTC,0.29623041403774
2024-08-09 00:00:00 UTC,0.322499783468329
2024-08-10 00:00:00 UTC,0.318608190205832
2024-08-11 00:00:00 UTC,0.31646385732279
2024-08-12 00:00:00 UTC,0.300688856304488
2024-08-13 00:00:00 UTC,0.309868806661538
2024-08-14 00:00:00 UTC,0.30950315056823
2024-08-15 00:00:00 UTC,0.304476000684482
2024-08-16 00:00:00 UTC,0.296582365034991
2024-08-17 00:00:00 UTC,0.299022552274049
2024-08-18 00:00:00 UTC,0.305275560258145
2024-08-19 00:00:00 UTC,0.303159729067796
2024-08-20 00:00:00 UTC,0.3039216037494
2024-08-21 00:00:00 UTC,0.308725082649182
2024-08-22 00:00:00 UTC,0.330851578961376
2024-08-23 00:00:00 UTC,0.3386845999619
2024-08-24 00:00:00 UTC,0.348850559732573
2024-08-25 00:00:00 UTC,0.352497786257907
2024-08-26 00:00:00 UTC,0.343679243046221
2024-08-27 00:00:00 UTC,0.328525144518318
2024-08-28 00:00:00 UTC,0.313240965264145
2024-08-29 00:00:00 UTC,0.314796441984756
2024-08-30 00:00:00 UTC,0.321455137315987
2024-08-31 00:00:00 UTC,0.313925980672965
2024-09-01 00:00:00 UTC,0.312048957669824
2024-09-02 00:00:00 UTC,0.30050577167236
2024-09-03 00:00:00 UTC,0.303278801605892
2024-09-04 00:00:00 UTC,0.288516499629555
2024-09-05 00:00:00 UTC,0.29166855174196
2024-09-06 00:00:00 UTC,0.292707199072918
2024-09-07 00:00:00 UTC,0.283807179106285
2024-09-08 00:00:00 UTC,0.292945915389413
2024-09-09 00:00:00 UTC,0.305043904706272
2024-09-10 00:00:00 UTC,0.311183388162245
2024-09-11 00:00:00 UTC,0.311776528968706
2024-09-12 00:00:00 UTC,0.320435769375003
2024-09-13 00:00:00 UTC,0.321533575337652
2024-09-14 00:00:00 UTC,0.325511222698101
2024-09-15 00:00:00 UTC,0.319771354918235
2024-09-16 00:00:00 UTC,0.305539478973041
2024-09-17 00:00:00 UTC,0.2966615563498
2024-09-18 00:00:00 UTC,0.300302968527556
2024-09-19 00:00:00 UTC,0.308180616504232
2024-09-20 00:00:00 UTC,0.314381529676024
2024-09-21 00:00:00 UTC,0.314949528576602
2024-09-22 00:00:00 UTC,0.321087581984919
2024-09-23 00:00:00 UTC,0.315034688456268
2024-09-24 00:00:00 UTC,0.327312786856665
2024-09-25 00:00:00 UTC,0.346608834423534
2024-09-26 00:00:00 UTC,0.342056968192428
2024-09-27 00:00:00 UTC,0.359483566871111
2024-09-28 00:00:00 UTC,0.360105394444106
2024-09-29 00:00:00 UTC,0.35916334285916
2024-09-30 00:00:00 UTC,0.355877386267349
2024-10-01 00:00:00 UTC,0.334604987713732
2024-10-02 00:00:00 UTC,0.318524156872033
2024-10-03 00:00:00 UTC,0.311184035689953
2024-10-04 00:00:00 UTC,0.312426126353094
2024-10-05 00:00:00 UTC,0.320287819016942
2024-10-06 00:00:00 UTC,0.319484336601525
2024-10-07 00:00:00 UTC,0.325638540739944
2024-10-08 00:00:00 UTC,0.320110481052339
2024-10-09 00:00:00 UTC,0.314012973200014
2024-10-10 00:00:00 UTC,0.310543409266527
2024-10-11 00:00:00 UTC,0.309660034719979
2024-10-12 00:00:00 UTC,0.32085519758592
2024-10-13 00:00:00 UTC,0.322797432279686
2024-10-14 00:00:00 UTC,0.317905252001016
2024-10-15 00:00:00 UTC,0.333180786308288
2024-10-16 00:00:00 UTC,0.328904480562071
2024-10-17 00:00:00 UTC,0.324669171903696
2024-10-18 00:00:00 UTC,0.316871836521613
2024-10-19 00:00:00 UTC,0.322582465447198
2024-10-20 00:00:00 UTC,0.323388761827519
2024-10-21 00:00:00 UTC,0.33554546713131
2024-10-22 00:00:00 UTC,0.333864788305577
2024-10-23 00:00:00 UTC,0.337004463757724
2024-10-24 00:00:00 UTC,0.324688882672631
2024-10-25 00:00:00 UTC,0.319968071530882
2024-10-26 00:00:00 UTC,0.299957926076928
2024-10-27 00:00:00 UTC,0.308377135094104
2024-10-28 00:00:00 UTC,0.314559346376604
2024-10-29 00:00:00 UTC,0.317860423497977
2024-10-30 00:00:00 UTC,0.328885619813256
2024-10-31 00:00:00 UTC,0.326865068434075
2024-11-01 00:00:00 UTC,0.313821990807003
2024-11-02 00:00:00 UTC,0.3284525793015
2024-11-03 00:00:00 UTC,0.319664548362664
2024-11-04 00:00:00 UTC,0.307561609162511
2024-11-05 00:00:00 UTC,0.299620037860479
2024-11-06 00:00:00 UTC,0.304946570241109
2024-11-07 00:00:00 UTC,0.338225492794093
2024-11-08 00:00:00 UTC,0.37391516686567
2024-11-09 00:00:00 UTC,0.41394624308126
2024-11-10 00:00:00 UTC,0.454673907796497
2024-11-11 00:00:00 UTC,0.549472189353346
2024-11-12 00:00:00 UTC,0.576442227510177
2024-11-13 00:00:00 UTC,0.542471366472626
2024-11-14 00:00:00 UTC,0.548101218294912
2024-11-15 00:00:00 UTC,0.551059150052224
2024-11-16 00:00:00 UTC,0.66096468923694
2024-11-17 00:00:00 UTC,0.698902974219344
2024-11-18 00:00:00 UTC,0.666560160010242
2024-11-19 00:00:00 UTC,0.694910672937356
2024-11-20 00:00:00 UTC,0.696569270082698
2024-11-21 00:00:00 UTC,0.761318904529903
2024-11-22 00:00:00 UTC,0.781289633770432
2024-11-23 00:00:00 UTC,0.964089107125854
2024-11-24 00:00:00 UTC,1.02055081371045
2024-11-25 00:00:00 UTC,0.979121544952819
2024-11-26 00:00:00 UTC,0.905149940837032
2024-11-27 00:00:00 UTC,0.913924082151173
2024-11-28 00:00:00 UTC,0.959342669050833
2024-11-29 00:00:00 UTC,0.977548049110393
2024-11-30 00:00:00 UTC,1.02041077584619
2024-12-01 00:00:00 UTC,1.02045742190379
2024-12-02 00:00:00 UTC,1.08882516453374
2024-12-03 00:00:00 UTC,1.1422875104324
2024-12-04 00:00:00 UTC,1.14275773618423
2024-12-05 00:00:00 UTC,1.12656875514631
2024-12-06 00:00:00 UTC,1.10182935108952
2024-12-07 00:00:00 UTC,1.16589074873623
2024-12-08 00:00:00 UTC,1.14889876369749
2024-12-09 00:00:00 UTC,1.1337251372242
2024-12-10 00:00:00 UTC,0.954840222521691
2024-12-11 00:00:00 UTC,0.965296084863284
2024-12-12 00:00:00 UTC,1.03557438251926
2024-12-13 00:00:00 UTC,1.07215026730664
2024-12-14 00:00:00 UTC,1.06298267431889
2024-12-15 00:00:00 UTC,1.00943049879077
2024-12-16 00:00:00 UTC,1.05218133819873
2024-12-17 00:00:00 UTC,1.02735669059009
2024-12-18 00:00:00 UTC,0.999949291429268
2024-12-19 00:00:00 UTC,0.936245605583995
2024-12-20 00:00:00 UTC,0.854480043580023
2024-12-21 00:00:00 UTC,0.911292862300522
2024-12-22 00:00:00 UTC,0.867363497145424
2024-12-23 00:00:00 UTC,0.846095149951513
2024-12-24 00:00:00 UTC,0.886997562640549
2024-12-25 00:00:00 UTC,0.900693726441223
2024-12-26 00:00:00 UTC,0.881671126709238
2024-12-27 00:00:00 UTC,0.824538586768239
2024-12-28 00:00:00 UTC,0.83849242030102
2024-12-29 00:00:00 UTC,0.851155952567103
2024-12-30 00:00:00 UTC,0.823738909310733
2024-12-31 00:00:00 UTC,0.825700099378145
2025-01-01 00:00:00 UTC,0.815712332094064
2025-01-02 00:00:00 UTC,0.883686735665679
2025-01-03 00:00:00 UTC,0.936732319817529
2025-01-04 00:00:00 UTC,1.05744153312988
2025-01-05 00:00:00 UTC,1.03953886114232
2025-01-06 00:00:00 UTC,1.06161250415916
2025-01-07 00:00:00 UTC,1.05366736476279
2025-01-08 00:00:00 UTC,0.960258679834129
2025-01-09 00:00:00 UTC,0.918952572629112
2025-01-10 00:00:00 UTC,0.879882189615822
2025-01-11 00:00:00 UTC,0.908371146903309
2025-01-12 00:00:00 UTC,0.971414753878372
2025-01-13 00:00:00 UTC,0.946120315112601
2025-01-14 00:00:00 UTC,0.920565021587426
2025-01-15 00:00:00 UTC,0.96499751361113
2025-01-16 00:00:00 UTC,1.05352990469806
2025-01-17 00:00:00 UTC,1.05880614150865
2025-01-18 00:00:00 UTC,1.10357048771469
2025-01-19 00:00:00 UTC,1.07198757808529
2025-01-20 00:00:00 UTC,0.96515852568422
2025-01-21 00:00:00 UTC,0.966062062624836
2025-01-22 00:00:00 UTC,0.964919966866473
2025-01-23 00:00:00 UTC,0.941819627430101
2025-01-24 00:00:00 UTC,0.94865105660137
2025-01-25 00:00:00 UTC,0.924995955899736
2025-01-26 00:00:00 UTC,0.930824827277151
2025-01-27 00:00:00 UTC,0.911538688794432
2025-01-28 00:00:00 UTC,0.89343887194812
2025-01-29 00:00:00 UTC,0.878550190892115
2025-01-30 00:00:00 UTC,0.903241302920994
2025-01-31 00:00:00 UTC,0.924518911404387
2025-02-01 00:00:00 UTC,0.909646825440361
2025-02-02 00:00:00 UTC,0.866798648761973
2025-02-03 00:00:00 UTC,0.778719694524665
2025-02-04 00:00:00 UTC,0.7837718523076
2025-02-05 00:00:00 UTC,0.720057764323385
2025-02-06 00:00:00 UTC,0.705051720930735
2025-02-07 00:00:00 UTC,0.677841303281543
2025-02-08 00:00:00 UTC,0.684180015887557
2025-02-09 00:00:00 UTC,0.679878694571318
2025-02-10 00:00:00 UTC,0.662161752525144
2025-02-11 00:00:00 UTC,0.688466604738789
2025-02-12 00:00:00 UTC,0.752375291175739
2025-02-13 00:00:00 UTC,0.768084065080701
2025-02-14 00:00:00 UTC,0.774600731446506
2025-02-15 00:00:00 UTC,0.763031718347194
2025-02-16 00:00:00 UTC,0.744868392088119
2025-02-17 00:00:00 UTC,0.735340583663184
2025-02-18 00:00:00 UTC,0.770003528280034
2025-02-19 00:00:00 UTC,0.721180733602819
2025-02-20 00:00:00 UTC,0.740934661730461
2025-02-21 00:00:00 UTC,0.766431163729798
2025-02-22 00:00:00 UTC,0.727830432301405
2025-02-23 00:00:00 UTC,0.740271463114263
2025-02-24 00:00:00 UTC,0.735949890707767
2025-02-25 00:00:00 UTC,0.649984868436997
2025-02-26 00:00:00 UTC,0.648909807990292
2025-02-27 00:00:00 UTC,0.614517657140694
2025-02-28 00:00:00 UTC,0.621487930568648
2025-03-01 00:00:00 UTC,0.610959946139955
2025-03-02 00:00:00 UTC,0.634266616106197
2025-03-03 00:00:00 UTC,1.09308086930503
2025-03-04 00:00:00 UTC,0.817249143053426
2025-03-05 00:00:00 UTC,0.887948098857727
2025-03-06 00:00:00 UTC,0.903871632104276
2025-03-07 00:00:00 UTC,0.841045356666229
2025-03-08 00:00:00 UTC,0.754248049900631
2025-03-09 00:00:00 UTC,0.742677365117061
2025-03-10 00:00:00 UTC,0.664099106422552
2025-03-11 00:00:00 UTC,0.622679322079721
2025-03-12 00:00:00 UTC,0.662355207029126
2025-03-13 00:00:00 UTC,0.676784737069507
2025-03-14 00:00:00 UTC,0.646519964273967
2025-03-15 00:00:00 UTC,0.676273488065376
2025-03-16 00:00:00 UTC,0.685012332460154
2025-03-17 00:00:00 UTC,0.649037770264032
2025-03-18 00:00:00 UTC,0.657794796707719
2025-03-19 00:00:00 UTC,0.642419274187108
2025-03-20 00:00:00 UTC,0.683305377941139
2025-03-21 00:00:00 UTC,0.661100723614424
2025-03-22 00:00:00 UTC,0.647464765264969
2025-03-23 00:00:00 UTC,0.644157604191579
2025-03-24 00:00:00 UTC,0.653954764967371
2025-03-25 00:00:00 UTC,0.675695598728273
2025-03-26 00:00:00 UTC,0.691224910415523
2025-03-27 00:00:00 UTC,0.677624799778645
2025-03-28 00:00:00 UTC,0.683422737888115
2025-03-29 00:00:00 UTC,0.648659869130041
2025-03-30 00:00:00 UTC,0.61979308472104
2025-03-31 00:00:00 UTC,0.609843483582372
2025-04-01 00:00:00 UTC,0.611171536208488
2025-04-02 00:00:00 UTC,0.628135604230397
2025-04-03 00:00:00 UTC,0.588566515226831
2025-04-04 00:00:00 UTC,0.589122227161281
2025-04-05 00:00:00 UTC,0.60271785633164
2025-04-06 00:00:00 UTC,0.598757599998856
2025-04-07 00:00:00 UTC,0.52144308917154
2025-04-08 00:00:00 UTC,0.535575695135768
2025-04-09 00:00:00 UTC,0.507659582437076
2025-04-10 00:00:00 UTC,0.577193795636916
2025-04-11 00:00:00 UTC,0.541818078675151
2025-04-12 00:00:00 UTC,0.549727333310964
2025-04-13 00:00:00 UTC,0.579447278772518
2025-04-14 00:00:00 UTC,0.561448546565528
2025-04-15 00:00:00 UTC,0.559907030818102
2025-04-16 00:00:00 UTC,0.538341490660595
2025-04-17 00:00:00 UTC,0.535654879748066
2025-04-18 00:00:00 UTC,0.542448742461407
2025-04-19 00:00:00 UTC,0.551601914252249
2025-04-20 00:00:00 UTC,0.552288591945766
2025-04-21 00:00:00 UTC,0.541690342497559
2025-04-22 00:00:00 UTC,0.540871809243708
2025-04-23 00:00:00 UTC,0.600476391461319
2025-04-24 00:00:00 UTC,0.615294912582304
2025-04-25 00:00:00 UTC,0.634906132925485
2025-04-26 00:00:00 UTC,0.625935160456721
2025-04-27 00:00:00 UTC,0.621054844047465
2025-04-28 00:00:00 UTC,0.62047451215672
2025-04-29 00:00:00 UTC,0.618209845093611
2025-04-30 00:00:00 UTC,0.610992114976723
2025-05-01 00:00:00 UTC,0.602239836536124
2025-05-02 00:00:00 UTC,0.623960775326188
2025-05-03 00:00:00 UTC,0.617111923004457
2025-05-04 00:00:00 UTC,0.620516515214413
2025-05-05 00:00:00 UTC,0.597318158066666
2025-05-06 00:00:00 UTC,0.586103605046086
2025-05-07 00:00:00 UTC,0.598428773884542
2025-05-08 00:00:00 UTC,0.593788870870028
2025-05-09 00:00:00 UTC,0.68159895736042
2025-05-10 00:00:00 UTC,0.690905307408011
2025-05-11 00:00:00 UTC,0.746687025019771
2025-05-12 00:00:00 UTC,0.716740958011602
2025-05-13 00:00:00 UTC,0.738245343172706
2025-05-14 00:00:00 UTC,0.743097116992923
2025-05-15 00:00:00 UTC,0.71405013649962
2025-05-16 00:00:00 UTC,0.679855690014958
2025-05-17 00:00:00 UTC,0.681396987393676
2025-05-18 00:00:00 UTC,0.665179730762187
2025-05-19 00:00:00 UTC,0.672218929095432
2025-05-20 00:00:00 UTC,0.661121571942419
2025-05-21 00:00:00 UTC,0.66060346643523
2025-05-22 00:00:00 UTC,0.681396005674877
2025-05-23 00:00:00 UTC,0.715883209669307
2025-05-24 00:00:00 UTC,0.658106820934538
2025-05-25 00:00:00 UTC,0.656147194920318
2025-05-26 00:00:00 UTC,0.667382166178641
2025-05-27 00:00:00 UTC,0.665625678511071
2025-05-28 00:00:00 UTC,0.668344070559455
2025-05-29 00:00:00 UTC,0.664089765315557
2025-05-30 00:00:00 UTC,0.636525073802945
2025-05-31 00:00:00 UTC,0.60916722721792
2025-06-01 00:00:00 UTC,0.60479813218125
2025-06-02 00:00:00 UTC,0.603546381867973
2025-06-03 00:00:00 UTC,0.602493167378257
2025-06-04 00:00:00 UTC,0.601627837908386
2025-06-05 00:00:00 UTC,0.583411550863457
2025-06-06 00:00:00 UTC,0.548410778038422
2025-06-07 00:00:00 UTC,0.575778253532268
2025-06-08 00:00:00 UTC,0.583393262566764
2025-06-09 00:00:00 UTC,0.587075278560544
2025-06-10 00:00:00 UTC,0.617053561845514
2025-06-11 00:00:00 UTC,0.626110049132667
2025-06-12 00:00:00 UTC,0.606497697307659
2025-06-13 00:00:00 UTC,0.572919918674824
2025-06-14 00:00:00 UTC,0.55545993661678
2025-06-15 00:00:00 UTC,0.541108177798069
2025-06-16 00:00:00 UTC,0.548776062028947
2025-06-17 00:00:00 UTC,0.549471822422003
2025-06-18 00:00:00 UTC,0.532559989446643
2025-06-19 00:00:00 UTC,0.525503464982775
2025-06-20 00:00:00 UTC,0.523212230877145
2025-06-21 00:00:00 UTC,0.500540864761948
2025-06-22 00:00:00 UTC,0.477859010660039
2025-06-23 00:00:00 UTC,0.470508337253858
2025-06-24 00:00:00 UTC,0.502843967037762
2025-06-25 00:00:00 UTC,0.505678170027288
2025-06-26 00:00:00 UTC,0.485090079794373
2025-06-27 00:00:00 UTC,0.473928375563874
2025-06-28 00:00:00 UTC,0.476682704444607
2025-06-29 00:00:00 UTC,0.482567873089809
2025-06-30 00:00:00 UTC,0.492369010804289
2025-07-01 00:00:00 UTC,0.485375017492794
2025-07-02 00:00:00 UTC,0.459275309918309
2025-07-03 00:00:00 UTC,0.495497658590098
2025-07-04 00:00:00 UTC,0.508814851301276
2025-07-05 00:00:00 UTC,0.486315045213052
2025-07-06 00:00:00 UTC,0.489030573106984
2025-07-07 00:00:00 UTC,0.497224305867926
2025-07-08 00:00:00 UTC,0.494014435185326
2025-07-09 00:00:00 UTC,0.501839560895296
2025-07-10 00:00:00 UTC,0.531669453905251
2025-07-11 00:00:00 UTC,0.578694645757409
2025-07-12 00:00:00 UTC,0.608107137499156
2025-07-13 00:00:00 UTC,0.606318850474426
2025-07-14 00:00:00 UTC,0.631680870377663
2025-07-15 00:00:00 UTC,0.629132975867192
2025-07-16 00:00:00 UTC,0.643788649597317
2025-07-17 00:00:00 UTC,0.656794460329948
2025-07-18 00:00:00 UTC,0.710546674267026
2025-07-19 00:00:00 UTC,0.701868961168073
2025-07-20 00:00:00 UTC,0.71413090794793
2025-07-21 00:00:00 UTC,0.737933314376009
2025-07-22 00:00:00 UTC,0.761344143384808
2025-07-23 00:00:00 UTC,0.769096892641925
2025-07-24 00:00:00 UTC,0.6928557017247
2025-07-25 00:00:00 UTC,0.684760451115618
2025-07-26 00:00:00 UTC,0.693671421920805
2025-07-27 00:00:00 UTC,0.697296724807738
2025-07-28 00:00:00 UTC,0.706987744787957
2025-07-29 00:00:00 UTC,0.681908789691172
2025-07-30 00:00:00 UTC,0.67719113024219
2025-07-31 00:00:00 UTC,0.668686936527104
2025-08-01 00:00:00 UTC,0.647341116311656
2025-08-02 00:00:00 UTC,0.616311116203127
2025-08-03 00:00:00 UTC,0.602328144484208
2025-08-04 00:00:00 UTC,0.62668477966297
2025-08-05 00:00:00 UTC,0.652039143773941
2025-08-06 00:00:00 UTC,0.627133837811986
2025-08-07 00:00:00 UTC,0.635775578493871
2025-08-08 00:00:00 UTC,0.673601936722626
2025-08-09 00:00:00 UTC,0.680000072309667
2025-08-10 00:00:00 UTC,0.689727419025882
2025-08-11 00:00:00 UTC,0.687898266300683
2025-08-12 00:00:00 UTC,0.666546755424827
2025-08-13 00:00:00 UTC,0.721192503252755
2025-08-14 00:00:00 UTC,0.775536202380976
2025-08-15 00:00:00 UTC,0.794678433901341
2025-08-16 00:00:00 UTC,0.804624373000062
2025-08-17 00:00:00 UTC,0.786198640400385
2025-08-18 00:00:00 UTC,0.822798851371467
2025-08-19 00:00:00 UTC,0.791457429064359
2025-08-20 00:00:00 UTC,0.725642474875
2025-08-21 00:00:00 UTC,0.756561731978467
2025-08-22 00:00:00 UTC,0.731924688368819
2025-08-23 00:00:00 UTC,0.792541728242008
2025-08-24 00:00:00 UTC,0.779020200869022
2025-08-25 00:00:00 UTC,0.777345901243304
2025-08-26 00:00:00 UTC,0.721792916419094
2025-08-27 00:00:00 UTC,0.744665614186824
2025-08-28 00:00:00 UTC,0.729901837494055
2025-08-29 00:00:00 UTC,0.733789457142435
2025-08-30 00:00:00 UTC,0.707931867042331
2025-08-31 00:00:00 UTC,0.703313303448318
2025-09-01 00:00:00 UTC,0.694351355283858
2025-09-02 00:00:00 UTC,0.682324260380101
2025-09-03 00:00:00 UTC,0.717416415736923
2025-09-04 00:00:00 UTC,0.716849699035857
2025-09-05 00:00:00 UTC,0.695155373478009
2025-09-06 00:00:00 UTC,0.708816639208375
2025-09-07 00:00:00 UTC,0.698632630618854
2025-09-08 00:00:00 UTC,0.714088890219655
2025-09-09 00:00:00 UTC,0.734712566849063
2025-09-10 00:00:00 UTC,0.739162122599351
2025-09-11 00:00:00 UTC,0.756502230238145
2025-09-12 00:00:00 UTC,0.761828800885139
2025-09-13 00:00:00 UTC,0.781331232873823
2025-09-14 00:00:00 UTC,0.792530036558968
2025-09-15 00:00:00 UTC,0.757684913590292
2025-09-16 00:00:00 UTC,0.733006281577475
2025-09-17 00:00:00 UTC,0.741590679897341
2025-09-18 00:00:00 UTC,0.771711811772157
2025-09-19 00:00:00 UTC,0.784742221772185
2025-09-20 00:00:00 UTC,0.758209063305654
2025-09-21 00:00:00 UTC,0.759768632076285
2025-09-22 00:00:00 UTC,0.754047095579059
2025-09-23 00:00:00 UTC,0.699515115502857
2025-09-24 00:00:00 UTC,0.684694342520701
2025-09-25 00:00:00 UTC,0.691686612873283
2025-09-26 00:00:00 UTC,0.653303935073614
2025-09-27 00:00:00 UTC,0.676116734769989
2025-09-28 00:00:00 UTC,0.667533131522663
2025-09-29 00:00:00 UTC,0.690244668601737
2025-09-30 00:00:00 UTC,0.688029848700247
2025-10-01 00:00:00 UTC,0.687452786264457
2025-10-02 00:00:00 UTC,0.723596716280786
2025-10-03 00:00:00 UTC,0.741302193238042
2025-10-04 00:00:00 UTC,0.737880141743927
2025-10-05 00:00:00 UTC,0.715577306342384
2025-10-06 00:00:00 UTC,0.715190212262447
2025-10-07 00:00:00 UTC,0.744739466070252
2025-10-08 00:00:00 UTC,0.70442538016244
2025-10-09 00:00:00 UTC,0.721307223007182
2025-10-10 00:00:00 UTC,0.7049664880917
2025-10-11 00:00:00 UTC,0.549648141572159
2025-10-12 00:00:00 UTC,0.543807726492663
2025-10-13 00:00:00 UTC,0.604396255321589
2025-10-14 00:00:00 UTC,0.629875946085755
2025-10-15 00:00:00 UTC,0.603089760781308
2025-10-16 00:00:00 UTC,0.573775962655634
2025-10-17 00:00:00 UTC,0.550951121065563
2025-10-18 00:00:00 UTC,0.536175591197395
2025-10-19 00:00:00 UTC,0.543937294787342
2025-10-20 00:00:00 UTC,0.559502073364417
2025-10-21 00:00:00 UTC,0.569709462399712
2025-10-22 00:00:00 UTC,0.553941351947609
2025-10-23 00:00:00 UTC,0.536687952280477
2025-10-24 00:00:00 UTC,0.552977069616823
2025-10-25 00:00:00 UTC,0.563710060053254
2025-10-26 00:00:00 UTC,0.563654604992147
2025-10-27 00:00:00 UTC,0.586227133286453
2025-10-28 00:00:00 UTC,0.573092023195938
2025-10-29 00:00:00 UTC,0.554581629939742
2025-10-30 00:00:00 UTC,0.55133776291305
2025-10-31 00:00:00 UTC,0.518952654033794
2025-11-01 00:00:00 UTC,0.525161068285542
2025-11-02 00:00:00 UTC,0.52828096448732
2025-11-03 00:00:00 UTC,0.527818982880767
2025-11-04 00:00:00 UTC,0.478831052099865
2025-11-05 00:00:00 UTC,0.454657390630259
2025-11-06 00:00:00 UTC,0.475282808295639
2025-11-07 00:00:00 UTC,0.459109828384679
2025-11-08 00:00:00 UTC,0.499097944553878
2025-11-09 00:00:00 UTC,0.4920794284627
2025-11-10 00:00:00 UTC,0.500811232226013
2025-11-11 00:00:00 UTC,0.512908360151205
2025-11-12 00:00:00 UTC,0.480159560475956
2025-11-13 00:00:00 UTC,0.470107569055118
2025-11-14 00:00:00 UTC,0.455726635257491
2025-11-15 00:00:00 UTC,0.429902730195083
2025-11-16 00:00:00 UTC,0.433220797929062
2025-11-17 00:00:00 UTC,0.418062900692148
2025-11-18 00:00:00 UTC,0.400631324325738
2025-11-19 00:00:00 UTC,0.409582247268536
2025-11-20 00:00:00 UTC,0.400686371518457
2025-11-21 00:00:00 UTC,0.375648248837541
2025-11-22 00:00:00 UTC,0.355394206972826
2025-11-23 00:00:00 UTC,0.350906726174941
2025-11-24 00:00:00 UTC,0.355219137819327
2025-11-25 00:00:00 UTC,0.371644586054218
2025-11-26 00:00:00 UTC,0.364864887035248
2025-11-27 00:00:00 UTC,0.375190916359623
2025-11-28 00:00:00 UTC,0.374246676029277
2025-11-29 00:00:00 UTC,0.3624317130597
2025-11-30 00:00:00 UTC,0.3583161754625
2025-12-01 00:00:00 UTC,0.35855081466082
2025-12-02 00:00:00 UTC,0.332459108531053
2025-12-03 00:00:00 UTC,0.373261016444746
2025-12-04 00:00:00 UTC,0.386247407802685
2025-12-05 00:00:00 UTC,0.37744569409356
2025-12-06 00:00:00 UTC,0.357269045619319
2025-12-07 00:00:00 UTC,0.355101296936958
2025-12-08 00:00:00 UTC,0.357639004079296
2025-12-09 00:00:00 UTC,0.371051891120792
2025-12-10 00:00:00 UTC,0.403863789697547
2025-12-11 00:00:00 UTC,0.387517188175196
2025-12-12 00:00:00 UTC,0.362188640064865
2025-12-13 00:00:00 UTC,0.348419554374607
2025-12-14 00:00:00 UTC,0.350053346333688
2025-12-15 00:00:00 UTC,0.33800648548531
2025-12-16 00:00:00 UTC,0.329944389779879
2025-12-17 00:00:00 UTC,0.327809358236127
2025-12-18 00:00:00 UTC,0.312154939729187
2025-12-19 00:00:00 UTC,0.299628655093385
2025-12-20 00:00:00 UTC,0.321541099584035
2025-12-21 00:00:00 UTC,0.318482358704312
2025-12-22 00:00:00 UTC,0.312531486202399
2025-12-23 00:00:00 UTC,0.314941247194137
2025-12-24 00:00:00 UTC,0.307728589687282
2025-12-25 00:00:00 UTC,0.302718985995594
2025-12-26 00:00:00 UTC,0.291066715166832
2025-12-27 00:00:00 UTC,0.296922505963964
2025-12-28 00:00:00 UTC,0.313560774690453
2025-12-29 00:00:00 UTC,0.312502380947501
2025-12-30 00:00:00 UTC,0.299723767773899
2025-12-31 00:00:00 UTC,0.29890998932363
2026-01-01 00:00:00 UTC,0.283543995537232
2026-01-02 00:00:00 UTC,0.303119538506994
2026-01-03 00:00:00 UTC,0.335239918549725
2026-01-04 00:00:00 UTC,0.3319938518294
2026-01-05 00:00:00 UTC,0.341162478353569
2026-01-06 00:00:00 UTC,0.360624151524282
2026-01-07 00:00:00 UTC,0.359124668574621
2026-01-08 00:00:00 UTC,0.343854290747805
2026-01-09 00:00:00 UTC,0.339423370859481
2026-01-10 00:00:00 UTC,0.335792560498184
2026-01-11 00:00:00 UTC,0.333523334959419
2026-01-12 00:00:00 UTC,0.335688893472375
2026-01-13 00:00:00 UTC,0.330730768611248
2026-01-14 00:00:00 UTC,0.360896715444362
2026-01-15 00:00:00 UTC,0.35592201416167
2026-01-16 00:00:00 UTC,0.339046574508164
2026-01-17 00:00:00 UTC,0.340824425791444
2026-01-18 00:00:00 UTC,0.341370927530097
2026-01-19 00:00:00 UTC,0.325011052334198
2026-01-20 00:00:00 UTC,0.318067644363572
2026-01-21 00:00:00 UTC,0.29920254813872
2026-01-22 00:00:00 UTC,0.313165150633972
2026-01-23 00:00:00 UTC,0.305223627789438
2026-01-24 00:00:00 UTC,0.304382737795015
2026-01-25 00:00:00 UTC,0.302779051421707
2026-01-26 00:00:00 UTC,0.285703788330016
2026-01-27 00:00:00 UTC,0.29659786370658
2026-01-28 00:00:00 UTC,0.300047033020196
2026-01-29 00:00:00 UTC,0.299009891606816
2026-01-30 00:00:00 UTC,0.279157521767323
2026-01-31 00:00:00 UTC,0.270287776847645
2026-02-01 00:00:00 UTC,0.247449264825925
2026-02-02 00:00:00 UTC,0.241637603798011
2026-02-03 00:00:00 UTC,0.253322970014052
2026-02-04 00:00:00 UTC,0.24594405803387
2026-02-05 00:00:00 UTC,0.243173150791754
2026-02-06 00:00:00 UTC,0.208613332831491
2026-02-07 00:00:00 UTC,0.233745636824925
2026-02-08 00:00:00 UTC,0.230358221463161
2026-02-09 00:00:00 UTC,0.228915494654559
2026-02-10 00:00:00 UTC,0.226744452112089
2026-02-11 00:00:00 UTC,0.220066335824052
2026-02-12 00:00:00 UTC,0.215029400216239
2026-02-13 00:00:00 UTC,0.222547639492059
2026-02-14 00:00:00 UTC,0.229523289966309
2026-02-15 00:00:00 UTC,0.248614567573822
2026-02-16 00:00:00 UTC,0.237495114958823
2026-02-17 00:00:00 UTC,0.241133911547061
2026-02-18 00:00:00 UTC,0.237111529488139
2026-02-19 00:00:00 UTC,0.23205306468444
2026-02-20 00:00:00 UTC,0.231519907250951
2026-02-21 00:00:00 UTC,0.241480386215522
2026-02-22 00:00:00 UTC,0.237722807289929
2026-02-23 00:00:00 UTC,0.228983498237624
2026-02-24 00:00:00 UTC,0.222365385453597
2026-02-25 00:00:00 UTC,0.219665445159932
2026-02-26 00:00:00 UTC,0.250545762671628
2026-02-27 00:00:00 UTC,0.243159356031005
2026-02-28 00:00:00 UTC,0.234850738767649
2026-03-01 00:00:00 UTC,0.238521906429762
2026-03-02 00:00:00 UTC,0.232611103858208
2026-03-03 00:00:00 UTC,0.236606769917654
2026-03-04 00:00:00 UTC,0.22663290022931
2026-03-05 00:00:00 UTC,0.237443675436379
2026-03-06 00:00:00 UTC,0.231760477791734
2026-03-07 00:00:00 UTC,0.223045478063808
2026-03-08 00:00:00 UTC,0.219260223545644
2026-03-09 00:00:00 UTC,0.216266443466224
2026-03-10 00:00:00 UTC,0.219456194606517
2026-03-11 00:00:00 UTC,0.225609265929528
2026-03-12 00:00:00 UTC,0.22746232886475
2026-03-13 00:00:00 UTC,0.228555719337314
2026-03-14 00:00:00 UTC,0.231691395497752
2026-03-15 00:00:00 UTC,0.229462834230097
2026-03-16 00:00:00 UTC,0.235804054280341
2026-03-17 00:00:00 UTC,0.252685642791904
2026-03-18 00:00:00 UTC,0.250536641684404
