datetime,price
2013-04-28 00:00:00 UTC,103.1862
2013-04-29 00:00:00 UTC,110.3745
2013-04-30 00:00:00 UTC,106.3128
2013-05-01 00:00:00 UTC,88.6291
2013-05-02 00:00:00 UTC,80.5923
2013-05-03 00:00:00 UTC,75.1575
2013-05-04 00:00:00 UTC,86.2273
2013-05-05 00:00:00 UTC,88.4403
2013-05-06 00:00:00 UTC,85.5829
2013-05-07 00:00:00 UTC,83.7734
2013-05-08 00:00:00 UTC,86.563
2013-05-09 00:00:00 UTC,85.7885
2013-05-10 00:00:00 UTC,90.0629
2013-05-11 00:00:00 UTC,89.0164
2013-05-12 00:00:00 UTC,88.3954
2013-05-13 00:00:00 UTC,90.8763
2013-05-14 00:00:00 UTC,85.8463
2013-05-15 00:00:00 UTC,88.2102
2013-05-16 00:00:00 UTC,91.5815
2013-05-17 00:00:00 UTC,95.8971
2013-05-18 00:00:00 UTC,96.0028
2013-05-19 00:00:00 UTC,95.3844
2013-05-20 00:00:00 UTC,94.9896
2013-05-21 00:00:00 UTC,95.4072
2013-05-22 00:00:00 UTC,95.9877
2013-05-23 00:00:00 UTC,98.11
2013-05-24 00:00:00 UTC,102.9938
2013-05-25 00:00:00 UTC,101.9565
2013-05-26 00:00:00 UTC,103.2175
2013-05-27 00:00:00 UTC,100.3132
2013-05-28 00:00:00 UTC,99.7548
2013-05-29 00:00:00 UTC,102.7794
2013-05-30 00:00:00 UTC,99.6187
2013-05-31 00:00:00 UTC,98.8856
2013-06-01 00:00:00 UTC,99.3948
2013-06-02 00:00:00 UTC,94.3005
2013-06-03 00:00:00 UTC,92.9568
2013-06-05 00:00:00 UTC,93.2043
2013-06-06 00:00:00 UTC,90.9132
2013-06-07 00:00:00 UTC,84.0138
2013-06-08 00:00:00 UTC,81.6081
2013-06-09 00:00:00 UTC,75.9808
2013-06-10 00:00:00 UTC,80.5148
2013-06-11 00:00:00 UTC,82.2838
2013-06-12 00:00:00 UTC,81.7592
2013-06-13 00:00:00 UTC,78
2013-06-14 00:00:00 UTC,74.8329
2013-06-15 00:00:00 UTC,74.8098
2013-06-16 00:00:00 UTC,74.8707
2013-06-17 00:00:00 UTC,76.3907
2013-06-18 00:00:00 UTC,80.3631
2013-06-19 00:00:00 UTC,80.84
2013-06-20 00:00:00 UTC,83.571
2013-06-21 00:00:00 UTC,82.8054
2013-06-22 00:00:00 UTC,82.3009
2013-06-23 00:00:00 UTC,82.1938
2013-06-24 00:00:00 UTC,77.8076
2013-06-25 00:00:00 UTC,78.7549
2013-06-26 00:00:00 UTC,79.4311
2013-06-27 00:00:00 UTC,78.1492
2013-06-28 00:00:00 UTC,72.6188
2013-06-29 00:00:00 UTC,72.9441
2013-06-30 00:00:00 UTC,74.9331
2013-07-01 00:00:00 UTC,65.0205
2013-07-02 00:00:00 UTC,67.1281
2013-07-03 00:00:00 UTC,59.1872
2013-07-04 00:00:00 UTC,59.7792
2013-07-05 00:00:00 UTC,51.2984
2013-07-06 00:00:00 UTC,52.057
2013-07-07 00:00:00 UTC,56.5087
2013-07-08 00:00:00 UTC,58.1136
2013-07-09 00:00:00 UTC,57.7136
2013-07-10 00:00:00 UTC,65.9978
2013-07-11 00:00:00 UTC,70.2041
2013-07-12 00:00:00 UTC,67.6164
2013-07-13 00:00:00 UTC,69.9784
2013-07-14 00:00:00 UTC,69.1701
2013-07-15 00:00:00 UTC,71.3026
2013-07-16 00:00:00 UTC,71.0398
2013-07-17 00:00:00 UTC,68.9509
2013-07-18 00:00:00 UTC,65.1081
2013-07-19 00:00:00 UTC,65.4085
2013-07-20 00:00:00 UTC,65.2057
2013-07-21 00:00:00 UTC,65.0437
2013-07-22 00:00:00 UTC,65.5021
2013-07-23 00:00:00 UTC,65.9892
2013-07-24 00:00:00 UTC,66.2494
2013-07-25 00:00:00 UTC,67.8216
2013-07-26 00:00:00 UTC,68.4316
2013-07-27 00:00:00 UTC,67.098
2013-07-28 00:00:00 UTC,69.3614
2013-07-29 00:00:00 UTC,70.2551
2013-07-30 00:00:00 UTC,72.6135
2013-07-31 00:00:00 UTC,73.8145
2013-08-01 00:00:00 UTC,72.5204
2013-08-02 00:00:00 UTC,73.5564
2013-08-03 00:00:00 UTC,72.8642
2013-08-04 00:00:00 UTC,72.7376
2013-08-05 00:00:00 UTC,72.9734
2013-08-06 00:00:00 UTC,73.2315
2013-08-07 00:00:00 UTC,72.8867
2013-08-08 00:00:00 UTC,71.0947
2013-08-09 00:00:00 UTC,69.8062
2013-08-10 00:00:00 UTC,69.8827
2013-08-11 00:00:00 UTC,70.5836
2013-08-12 00:00:00 UTC,71.2942
2013-08-13 00:00:00 UTC,73.6152
2013-08-14 00:00:00 UTC,73.8297
2013-08-15 00:00:00 UTC,73.5616
2013-08-16 00:00:00 UTC,73.7209
2013-08-17 00:00:00 UTC,74.6914
2013-08-18 00:00:00 UTC,74.1534
2013-08-19 00:00:00 UTC,76.7487
2013-08-20 00:00:00 UTC,78.7578
2013-08-21 00:00:00 UTC,83.1088
2013-08-22 00:00:00 UTC,82.1467
2013-08-23 00:00:00 UTC,80.5138
2013-08-24 00:00:00 UTC,81.2438
2013-08-25 00:00:00 UTC,83.5453
2013-08-26 00:00:00 UTC,83.8631
2013-08-27 00:00:00 UTC,87.8372
2013-08-28 00:00:00 UTC,88.1179
2013-08-29 00:00:00 UTC,88.7382
2013-08-30 00:00:00 UTC,93.1854
2013-08-31 00:00:00 UTC,97.9458
2013-09-01 00:00:00 UTC,97.0904
2013-09-02 00:00:00 UTC,96.4906
2013-09-03 00:00:00 UTC,96.8493
2013-09-04 00:00:00 UTC,91.3508
2013-09-05 00:00:00 UTC,91.8866
2013-09-06 00:00:00 UTC,88.3304
2013-09-07 00:00:00 UTC,90.3363
2013-09-08 00:00:00 UTC,88.4926
2013-09-09 00:00:00 UTC,90.6332
2013-09-10 00:00:00 UTC,91.5685
2013-09-11 00:00:00 UTC,94.3032
2013-09-12 00:00:00 UTC,94.5686
2013-09-13 00:00:00 UTC,95.1639
2013-09-14 00:00:00 UTC,93.311
2013-09-15 00:00:00 UTC,93.3932
2013-09-16 00:00:00 UTC,93.749
2013-09-17 00:00:00 UTC,94.3131
2013-09-18 00:00:00 UTC,93.6891
2013-09-19 00:00:00 UTC,91.7398
2013-09-20 00:00:00 UTC,90.8565
2013-09-21 00:00:00 UTC,90.6824
2013-09-22 00:00:00 UTC,90.6417
2013-09-23 00:00:00 UTC,90.538
2013-09-24 00:00:00 UTC,90.9276
2013-09-25 00:00:00 UTC,91.2983
2013-09-26 00:00:00 UTC,91.4989
2013-09-27 00:00:00 UTC,91.329
2013-09-28 00:00:00 UTC,92.2534
2013-09-29 00:00:00 UTC,92.6963
2013-09-30 00:00:00 UTC,91.0223
2013-10-01 00:00:00 UTC,92.7858
2013-10-02 00:00:00 UTC,73.5603
2013-10-03 00:00:00 UTC,85.8838
2013-10-04 00:00:00 UTC,89.4046
2013-10-05 00:00:00 UTC,89.3587
2013-10-06 00:00:00 UTC,89.7261
2013-10-07 00:00:00 UTC,90.7575
2013-10-08 00:00:00 UTC,91.5999
2013-10-09 00:00:00 UTC,93.0477
2013-10-10 00:00:00 UTC,92.9543
2013-10-11 00:00:00 UTC,92.6268
2013-10-12 00:00:00 UTC,93.4094
2013-10-13 00:00:00 UTC,96.2078
2013-10-14 00:00:00 UTC,98.1013
2013-10-15 00:00:00 UTC,102.4608
2013-10-16 00:00:00 UTC,101.5506
2013-10-17 00:00:00 UTC,104.4686
2013-10-18 00:00:00 UTC,109.2936
2013-10-19 00:00:00 UTC,116.7808
2013-10-20 00:00:00 UTC,119.1726
2013-10-21 00:00:00 UTC,127.3619
2013-10-22 00:00:00 UTC,133.6403
2013-10-23 00:00:00 UTC,145.6692
2013-10-24 00:00:00 UTC,132.7345
2013-10-25 00:00:00 UTC,129.0098
2013-10-26 00:00:00 UTC,127.4308
2013-10-27 00:00:00 UTC,134.468
2013-10-28 00:00:00 UTC,136.2248
2013-10-29 00:00:00 UTC,144.1237
2013-10-30 00:00:00 UTC,141.6624
2013-10-31 00:00:00 UTC,145.6438
2013-11-01 00:00:00 UTC,146.5737
2013-11-02 00:00:00 UTC,148.8996
2013-11-03 00:00:00 UTC,153.313
2013-11-04 00:00:00 UTC,166.652
2013-11-05 00:00:00 UTC,177.6113
2013-11-06 00:00:00 UTC,187.7112
2013-11-07 00:00:00 UTC,211.141
2013-11-08 00:00:00 UTC,242.1997
2013-11-09 00:00:00 UTC,251.4581
2013-11-10 00:00:00 UTC,233.4401
2013-11-11 00:00:00 UTC,248.092
2013-11-12 00:00:00 UTC,260.0397
2013-11-13 00:00:00 UTC,291.5621
2013-11-14 00:00:00 UTC,305.2046
2013-11-15 00:00:00 UTC,303.1776
2013-11-16 00:00:00 UTC,317.7563
2013-11-17 00:00:00 UTC,352.9489
2013-11-18 00:00:00 UTC,499.3801
2013-11-19 00:00:00 UTC,400.29
2013-11-20 00:00:00 UTC,426.1276
2013-11-21 00:00:00 UTC,516.2023
2013-11-22 00:00:00 UTC,551.3231
2013-11-23 00:00:00 UTC,572.9054
2013-11-24 00:00:00 UTC,554.4268
2013-11-25 00:00:00 UTC,575.9612
2013-11-26 00:00:00 UTC,662.6825
2013-11-27 00:00:00 UTC,698.6103
2013-11-28 00:00:00 UTC,762.8329
2013-11-29 00:00:00 UTC,824.3691
2013-11-30 00:00:00 UTC,827.6007
2013-12-01 00:00:00 UTC,696.7701
2013-12-02 00:00:00 UTC,766.8847
2013-12-03 00:00:00 UTC,786.3031
2013-12-04 00:00:00 UTC,844.117
2013-12-05 00:00:00 UTC,762.1123
2013-12-06 00:00:00 UTC,608.5639
2013-12-07 00:00:00 UTC,506.7408
2013-12-08 00:00:00 UTC,579.997
2013-12-09 00:00:00 UTC,653.7386
2013-12-10 00:00:00 UTC,719.451
2013-12-11 00:00:00 UTC,640.7339
2013-12-12 00:00:00 UTC,636.8987
2013-12-13 00:00:00 UTC,653.6786
2013-12-14 00:00:00 UTC,631.3091
2013-12-15 00:00:00 UTC,640.3257
2013-12-16 00:00:00 UTC,517.7696
2013-12-17 00:00:00 UTC,496.597
2013-12-18 00:00:00 UTC,381.7649
2013-12-19 00:00:00 UTC,511.2503
2013-12-20 00:00:00 UTC,455.4998
2013-12-21 00:00:00 UTC,445.3431
2013-12-22 00:00:00 UTC,451.9255
2013-12-23 00:00:00 UTC,491.3922
2013-12-24 00:00:00 UTC,488.1119
2013-12-25 00:00:00 UTC,502.3711
2013-12-26 00:00:00 UTC,558.9192
2013-12-27 00:00:00 UTC,543.047
2013-12-28 00:00:00 UTC,531.3618
2013-12-29 00:00:00 UTC,541.1832
2013-12-30 00:00:00 UTC,547.0843
2013-12-31 00:00:00 UTC,550.8385
2014-01-01 00:00:00 UTC,560.0829
2014-01-02 00:00:00 UTC,591.3929
2014-01-03 00:00:00 UTC,610.7823
2014-01-04 00:00:00 UTC,632.1224
2014-01-05 00:00:00 UTC,691.5317
2014-01-06 00:00:00 UTC,697.9619
2014-01-07 00:00:00 UTC,595.3613
2014-01-08 00:00:00 UTC,633.4166
2014-01-09 00:00:00 UTC,632.8164
2014-01-10 00:00:00 UTC,647.2257
2014-01-11 00:00:00 UTC,681.0399
2014-01-12 00:00:00 UTC,638.8237
2014-01-13 00:00:00 UTC,627.6869
2014-01-14 00:00:00 UTC,622.952
2014-01-15 00:00:00 UTC,642.9534
2014-01-16 00:00:00 UTC,622.3077
2014-01-17 00:00:00 UTC,611.6701
2014-01-18 00:00:00 UTC,623.2049
2014-01-19 00:00:00 UTC,649.2958
2014-01-20 00:00:00 UTC,642.473
2014-01-21 00:00:00 UTC,644.7729
2014-01-22 00:00:00 UTC,637.7454
2014-01-23 00:00:00 UTC,623.9812
2014-01-24 00:00:00 UTC,603.2657
2014-01-25 00:00:00 UTC,630.1238
2014-01-26 00:00:00 UTC,643.4107
2014-01-27 00:00:00 UTC,595.6904
2014-01-28 00:00:00 UTC,610.7606
2014-01-29 00:00:00 UTC,612.9754
2014-01-30 00:00:00 UTC,624.042
2014-01-31 00:00:00 UTC,628.8669
2014-02-01 00:00:00 UTC,632.4033
2014-02-02 00:00:00 UTC,633.5225
2014-02-03 00:00:00 UTC,626.0828
2014-02-04 00:00:00 UTC,623.0605
2014-02-05 00:00:00 UTC,606.5312
2014-02-06 00:00:00 UTC,576.5257
2014-02-07 00:00:00 UTC,515.9869
2014-02-08 00:00:00 UTC,496.4562
2014-02-09 00:00:00 UTC,500.7082
2014-02-10 00:00:00 UTC,498.1905
2014-02-11 00:00:00 UTC,490.8495
2014-02-12 00:00:00 UTC,476.9315
2014-02-13 00:00:00 UTC,437.464
2014-02-14 00:00:00 UTC,479.5318
2014-02-15 00:00:00 UTC,471.344
2014-02-16 00:00:00 UTC,445.6487
2014-02-17 00:00:00 UTC,453.4532
2014-02-18 00:00:00 UTC,451.4878
2014-02-19 00:00:00 UTC,449.7534
2014-02-20 00:00:00 UTC,402.5302
2014-02-21 00:00:00 UTC,414.1531
2014-02-22 00:00:00 UTC,440.1442
2014-02-23 00:00:00 UTC,440.0676
2014-02-24 00:00:00 UTC,397.0689
2014-02-25 00:00:00 UTC,389.0128
2014-02-26 00:00:00 UTC,421.7003
2014-02-27 00:00:00 UTC,420.6228
2014-02-28 00:00:00 UTC,394.0981
2014-03-01 00:00:00 UTC,408.4486
2014-03-02 00:00:00 UTC,406.697
2014-03-03 00:00:00 UTC,481.3243
2014-03-04 00:00:00 UTC,482.9142
2014-03-05 00:00:00 UTC,481.7873
2014-03-06 00:00:00 UTC,475.2216
2014-03-07 00:00:00 UTC,451.0366
2014-03-08 00:00:00 UTC,443.4182
2014-03-09 00:00:00 UTC,456.3321
2014-03-10 00:00:00 UTC,450.9952
2014-03-11 00:00:00 UTC,453.8798
2014-03-12 00:00:00 UTC,454.137
2014-03-13 00:00:00 UTC,460.1272
2014-03-14 00:00:00 UTC,450.4924
2014-03-15 00:00:00 UTC,455.4963
2014-03-16 00:00:00 UTC,453.4727
2014-03-17 00:00:00 UTC,446.1334
2014-03-18 00:00:00 UTC,440.469
2014-03-19 00:00:00 UTC,440.4678
2014-03-20 00:00:00 UTC,425.714
2014-03-21 00:00:00 UTC,413.7972
2014-03-22 00:00:00 UTC,409.1966
2014-03-23 00:00:00 UTC,407.0357
2014-03-24 00:00:00 UTC,423.7174
2014-03-25 00:00:00 UTC,421.1522
2014-03-26 00:00:00 UTC,420.0045
2014-03-27 00:00:00 UTC,347.9366
2014-03-28 00:00:00 UTC,365.3441
2014-03-29 00:00:00 UTC,358.6131
2014-03-30 00:00:00 UTC,335.7251
2014-03-31 00:00:00 UTC,332.8924
2014-04-01 00:00:00 UTC,347.0832
2014-04-02 00:00:00 UTC,317.8218
2014-04-03 00:00:00 UTC,325.91
2014-04-04 00:00:00 UTC,327.5489
2014-04-05 00:00:00 UTC,339.2062
2014-04-06 00:00:00 UTC,336.2522
2014-04-07 00:00:00 UTC,324.6992
2014-04-08 00:00:00 UTC,326.5345
2014-04-09 00:00:00 UTC,317.7818
2014-04-10 00:00:00 UTC,259.827
2014-04-11 00:00:00 UTC,302.5334
2014-04-12 00:00:00 UTC,302.9619
2014-04-13 00:00:00 UTC,299.5209
2014-04-14 00:00:00 UTC,331.1347
2014-04-15 00:00:00 UTC,376.5292
2014-04-16 00:00:00 UTC,383.0179
2014-04-17 00:00:00 UTC,357.8976
2014-04-18 00:00:00 UTC,346.1906
2014-04-19 00:00:00 UTC,363.0771
2014-04-20 00:00:00 UTC,359.9581
2014-04-21 00:00:00 UTC,357.4785
2014-04-22 00:00:00 UTC,350.8942
2014-04-23 00:00:00 UTC,352.8501
2014-04-24 00:00:00 UTC,357.3473
2014-04-25 00:00:00 UTC,331.647
2014-04-26 00:00:00 UTC,328.0307
2014-04-27 00:00:00 UTC,316.4343
2014-04-28 00:00:00 UTC,315.4239
2014-04-29 00:00:00 UTC,320.9284
2014-04-30 00:00:00 UTC,320.9023
2014-05-01 00:00:00 UTC,328.1327
2014-05-02 00:00:00 UTC,319.6969
2014-05-03 00:00:00 UTC,312.8873
2014-05-04 00:00:00 UTC,312.7533
2014-05-05 00:00:00 UTC,309.3168
2014-05-06 00:00:00 UTC,306.4251
2014-05-07 00:00:00 UTC,315.7926
2014-05-08 00:00:00 UTC,316.0624
2014-05-09 00:00:00 UTC,325.239
2014-05-10 00:00:00 UTC,328.9309
2014-05-11 00:00:00 UTC,317.0608
2014-05-12 00:00:00 UTC,319.2314
2014-05-13 00:00:00 UTC,319.1128
2014-05-14 00:00:00 UTC,323.9424
2014-05-15 00:00:00 UTC,323.972
2014-05-16 00:00:00 UTC,325.0239
2014-05-17 00:00:00 UTC,325.5795
2014-05-18 00:00:00 UTC,324.2962
2014-05-19 00:00:00 UTC,323.7992
2014-05-20 00:00:00 UTC,352.8743
2014-05-21 00:00:00 UTC,357.1235
2014-05-22 00:00:00 UTC,382.6946
2014-05-23 00:00:00 UTC,384.7827
2014-05-24 00:00:00 UTC,383.7742
2014-05-25 00:00:00 UTC,417.4607
2014-05-26 00:00:00 UTC,424.8082
2014-05-27 00:00:00 UTC,417.6262
2014-05-28 00:00:00 UTC,419.8297
2014-05-29 00:00:00 UTC,415.6168
2014-05-30 00:00:00 UTC,455.603
2014-05-31 00:00:00 UTC,455.1324
2014-06-01 00:00:00 UTC,469.5503
2014-06-02 00:00:00 UTC,482.7147
2014-06-03 00:00:00 UTC,489.7262
2014-06-04 00:00:00 UTC,471.4551
2014-06-05 00:00:00 UTC,481.6548
2014-06-06 00:00:00 UTC,475.4471
2014-06-07 00:00:00 UTC,477.6918
2014-06-08 00:00:00 UTC,476.3651
2014-06-09 00:00:00 UTC,473.7061
2014-06-10 00:00:00 UTC,479.1401
2014-06-11 00:00:00 UTC,465.5454
2014-06-12 00:00:00 UTC,418.5315
2014-06-13 00:00:00 UTC,439.2353
2014-06-14 00:00:00 UTC,420.9868
2014-06-15 00:00:00 UTC,431.0577
2014-06-16 00:00:00 UTC,436.5474
2014-06-17 00:00:00 UTC,448.2049
2014-06-18 00:00:00 UTC,444.7696
2014-06-19 00:00:00 UTC,436.0757
2014-06-20 00:00:00 UTC,433.9006
2014-06-21 00:00:00 UTC,434.7747
2014-06-22 00:00:00 UTC,437.7626
2014-06-23 00:00:00 UTC,430.8946
2014-06-24 00:00:00 UTC,428.0937
2014-06-25 00:00:00 UTC,411.9293
2014-06-26 00:00:00 UTC,425.7794
2014-06-27 00:00:00 UTC,438.3136
2014-06-28 00:00:00 UTC,435.844
2014-06-29 00:00:00 UTC,438.5836
2014-06-30 00:00:00 UTC,465.755
2014-07-01 00:00:00 UTC,470.7422
2014-07-02 00:00:00 UTC,474.5741
2014-07-03 00:00:00 UTC,470.4574
2014-07-04 00:00:00 UTC,461.3052
2014-07-05 00:00:00 UTC,461.6362
2014-07-06 00:00:00 UTC,464.3142
2014-07-07 00:00:00 UTC,455.2904
2014-07-08 00:00:00 UTC,455.5074
2014-07-09 00:00:00 UTC,454.7265
2014-07-10 00:00:00 UTC,452.0572
2014-07-11 00:00:00 UTC,463.6025
2014-07-12 00:00:00 UTC,465.649545216622
2014-07-13 00:00:00 UTC,461.2305697201
2014-07-14 00:00:00 UTC,453.8625784547
2014-07-15 00:00:00 UTC,456.176
2014-07-16 00:00:00 UTC,454.0595
2014-07-17 00:00:00 UTC,460.5779
2014-07-18 00:00:00 UTC,463.612
2014-07-19 00:00:00 UTC,460.7655
2014-07-20 00:00:00 UTC,456.4958
2014-07-21 00:00:00 UTC,458.4033
2014-07-22 00:00:00 UTC,459.6493
2014-07-23 00:00:00 UTC,459.0923
2014-07-24 00:00:00 UTC,445.5331
2014-07-25 00:00:00 UTC,446.6522
2014-07-26 00:00:00 UTC,442.1278
2014-07-27 00:00:00 UTC,439.5376
2014-07-28 00:00:00 UTC,435.5364
2014-07-29 00:00:00 UTC,433.7758
2014-07-30 00:00:00 UTC,418.6245
2014-07-31 00:00:00 UTC,435.580987461848
2014-08-01 00:00:00 UTC,442.297015232673
2014-08-02 00:00:00 UTC,438.078397827338
2014-08-03 00:00:00 UTC,436.202238886332
2014-08-04 00:00:00 UTC,436.890152785917
2014-08-05 00:00:00 UTC,435.532346912007
2014-08-06 00:00:00 UTC,435.91
2014-08-07 00:00:00 UTC,439.516293078818
2014-08-08 00:00:00 UTC,440.594560139386
2014-08-09 00:00:00 UTC,438.510224819403
2014-08-10 00:00:00 UTC,439.104176811426
2014-08-11 00:00:00 UTC,428.3717
2014-08-12 00:00:00 UTC,424.277804386245
2014-08-13 00:00:00 UTC,406.815
2014-08-14 00:00:00 UTC,376.9832
2014-08-15 00:00:00 UTC,367.639009976823
2014-08-16 00:00:00 UTC,388.848
2014-08-17 00:00:00 UTC,368.8615
2014-08-18 00:00:00 UTC,344.177
2014-08-19 00:00:00 UTC,363.4769
2014-08-20 00:00:00 UTC,387.8003
2014-08-21 00:00:00 UTC,388.4215
2014-08-22 00:00:00 UTC,389.5314
2014-08-23 00:00:00 UTC,374.9809
2014-08-24 00:00:00 UTC,385.1619
2014-08-25 00:00:00 UTC,379.4004
2014-08-26 00:00:00 UTC,387.7934
2014-08-27 00:00:00 UTC,386.9004
2014-08-28 00:00:00 UTC,384.5789
2014-08-29 00:00:00 UTC,387.0231
2014-08-30 00:00:00 UTC,381.8155
2014-08-31 00:00:00 UTC,365.6439
2014-09-01 00:00:00 UTC,362.4116
2014-09-02 00:00:00 UTC,361.4503
2014-09-03 00:00:00 UTC,361.0042
2014-09-04 00:00:00 UTC,378.4687
2014-09-05 00:00:00 UTC,370.7924
2014-09-06 00:00:00 UTC,372.4306
2014-09-07 00:00:00 UTC,371.0059
2014-09-08 00:00:00 UTC,365.2821
2014-09-09 00:00:00 UTC,364.6609
2014-09-10 00:00:00 UTC,369.2383
2014-09-11 00:00:00 UTC,368.6381
2014-09-12 00:00:00 UTC,365.431
2014-09-13 00:00:00 UTC,367.2064
2014-09-14 00:00:00 UTC,366.1847
2014-09-15 00:00:00 UTC,365.6418
2014-09-16 00:00:00 UTC,357.1972
2014-09-17 00:00:00 UTC,353.9828
2014-09-18 00:00:00 UTC,327.7892
2014-09-19 00:00:00 UTC,306.5092
2014-09-20 00:00:00 UTC,318.3946
2014-09-21 00:00:00 UTC,309.0222
2014-09-22 00:00:00 UTC,309.9989
2014-09-23 00:00:00 UTC,337.599
2014-09-24 00:00:00 UTC,329.3846
2014-09-25 00:00:00 UTC,319.8723
2014-09-26 00:00:00 UTC,317.633
2014-09-27 00:00:00 UTC,313.7995
2014-09-28 00:00:00 UTC,296.657
2014-09-29 00:00:00 UTC,294.0182
2014-09-30 00:00:00 UTC,306.5378
2014-10-01 00:00:00 UTC,301.8391
2014-10-02 00:00:00 UTC,293.4761
2014-10-03 00:00:00 UTC,284.6969
2014-10-04 00:00:00 UTC,262.0086
2014-10-05 00:00:00 UTC,259.9349
2014-10-06 00:00:00 UTC,259.795
2014-10-07 00:00:00 UTC,261.946
2014-10-08 00:00:00 UTC,277.6341
2014-10-09 00:00:00 UTC,282.5786
2014-10-10 00:00:00 UTC,282.8867
2014-10-11 00:00:00 UTC,284.7667
2014-10-12 00:00:00 UTC,295.9048
2014-10-13 00:00:00 UTC,303.8719
2014-10-14 00:00:00 UTC,314.9596
2014-10-15 00:00:00 UTC,305.8929
2014-10-16 00:00:00 UTC,296.3983
2014-10-17 00:00:00 UTC,298.0338
2014-10-18 00:00:00 UTC,304.9562
2014-10-19 00:00:00 UTC,303.333
2014-10-20 00:00:00 UTC,296.7511
2014-10-21 00:00:00 UTC,300.8437
2014-10-22 00:00:00 UTC,300.0464
2014-10-23 00:00:00 UTC,281.5825
2014-10-24 00:00:00 UTC,279.6444
2014-10-25 00:00:00 UTC,273.890963970443
2014-10-26 00:00:00 UTC,276.2912
2014-10-27 00:00:00 UTC,274.2989
2014-10-28 00:00:00 UTC,276.0514
2014-10-29 00:00:00 UTC,263.6196
2014-10-30 00:00:00 UTC,272.5111
2014-10-31 00:00:00 UTC,268.732479912616
2014-11-01 00:00:00 UTC,258.6685
2014-11-02 00:00:00 UTC,258.8971
2014-11-03 00:00:00 UTC,259.463
2014-11-04 00:00:00 UTC,261.38
2014-11-05 00:00:00 UTC,270.2151
2014-11-06 00:00:00 UTC,281.009
2014-11-07 00:00:00 UTC,273.9715
2014-11-08 00:00:00 UTC,276.5776
2014-11-09 00:00:00 UTC,291.580303281275
2014-11-10 00:00:00 UTC,293.0658
2014-11-11 00:00:00 UTC,293.5611
2014-11-12 00:00:00 UTC,336.4039
2014-11-13 00:00:00 UTC,333.1301
2014-11-14 00:00:00 UTC,315.5743
2014-11-15 00:00:00 UTC,301.4361
2014-11-16 00:00:00 UTC,309.6555
2014-11-17 00:00:00 UTC,309.1463
2014-11-18 00:00:00 UTC,299.1138
2014-11-19 00:00:00 UTC,300.2981
2014-11-20 00:00:00 UTC,283.578528396376
2014-11-21 00:00:00 UTC,281.96128823703
2014-11-22 00:00:00 UTC,283.7089
2014-11-23 00:00:00 UTC,296.4814
2014-11-24 00:00:00 UTC,303.6254
2014-11-25 00:00:00 UTC,300.8209
2014-11-26 00:00:00 UTC,292.4577
2014-11-27 00:00:00 UTC,295.618
2014-11-28 00:00:00 UTC,302.7551
2014-11-29 00:00:00 UTC,301.3118
2014-11-30 00:00:00 UTC,302.529
2014-12-01 00:00:00 UTC,304.2481
2014-12-02 00:00:00 UTC,307.67
2014-12-03 00:00:00 UTC,303.249
2014-12-04 00:00:00 UTC,297.1417
2014-12-05 00:00:00 UTC,305.4699
2014-12-06 00:00:00 UTC,303.2721
2014-12-07 00:00:00 UTC,303.9091
2014-12-08 00:00:00 UTC,293.4558
2014-12-09 00:00:00 UTC,283.5784
2014-12-10 00:00:00 UTC,278.774397012415
2014-12-11 00:00:00 UTC,279.6274
2014-12-12 00:00:00 UTC,282.0964
2014-12-13 00:00:00 UTC,278.825
2014-12-14 00:00:00 UTC,280.8137
2014-12-15 00:00:00 UTC,276.9756
2014-12-16 00:00:00 UTC,262.5815
2014-12-17 00:00:00 UTC,258.4455
2014-12-18 00:00:00 UTC,252.1261
2014-12-19 00:00:00 UTC,259.6337
2014-12-20 00:00:00 UTC,268.8796
2014-12-21 00:00:00 UTC,261.4033
2014-12-22 00:00:00 UTC,269.6128
2014-12-23 00:00:00 UTC,274.2086
2014-12-24 00:00:00 UTC,264.0969
2014-12-25 00:00:00 UTC,260.3037
2014-12-26 00:00:00 UTC,268.89867609613
2014-12-27 00:00:00 UTC,258.1096
2014-12-28 00:00:00 UTC,259.8549
2014-12-29 00:00:00 UTC,257.1213
2014-12-30 00:00:00 UTC,255.0623
2014-12-31 00:00:00 UTC,262.3083
2015-01-01 00:00:00 UTC,259.4463
2015-01-02 00:00:00 UTC,262.0648
2015-01-03 00:00:00 UTC,238.7939
2015-01-04 00:00:00 UTC,218.5517
2015-01-05 00:00:00 UTC,228.9529
2015-01-06 00:00:00 UTC,240.3053
2015-01-07 00:00:00 UTC,249.9359
2015-01-08 00:00:00 UTC,241.1556
2015-01-09 00:00:00 UTC,244.632
2015-01-10 00:00:00 UTC,231.8223
2015-01-11 00:00:00 UTC,225.3083
2015-01-12 00:00:00 UTC,226.728155206361
2015-01-13 00:00:00 UTC,188.0466
2015-01-14 00:00:00 UTC,147.0435
2015-01-15 00:00:00 UTC,181.0903
2015-01-16 00:00:00 UTC,177.8099
2015-01-17 00:00:00 UTC,172.4609
2015-01-18 00:00:00 UTC,180.7395
2015-01-19 00:00:00 UTC,184.8578
2015-01-20 00:00:00 UTC,182.1826
2015-01-21 00:00:00 UTC,192.8777
2015-01-22 00:00:00 UTC,204.2367
2015-01-23 00:00:00 UTC,207.8193
2015-01-24 00:00:00 UTC,221.3808
2015-01-25 00:00:00 UTC,227.9513
2015-01-26 00:00:00 UTC,240.8514
2015-01-27 00:00:00 UTC,230.6236
2015-01-29 00:00:00 UTC,205.443727341161
2015-01-30 00:00:00 UTC,202.6938
2015-01-31 00:00:00 UTC,193.1623
2015-02-01 00:00:00 UTC,200.3275
2015-02-02 00:00:00 UTC,211.7552
2015-02-03 00:00:00 UTC,196.9672
2015-02-04 00:00:00 UTC,198.8014
2015-02-05 00:00:00 UTC,188.9357
2015-02-06 00:00:00 UTC,196.6339
2015-02-07 00:00:00 UTC,200.8036
2015-02-08 00:00:00 UTC,197.034
2015-02-09 00:00:00 UTC,194.3346
2015-02-10 00:00:00 UTC,194.9827
2015-02-11 00:00:00 UTC,193.2637
2015-02-12 00:00:00 UTC,194.733163874958
2015-02-13 00:00:00 UTC,206.9353
2015-02-14 00:00:00 UTC,227.6952
2015-02-15 00:00:00 UTC,204.4114
2015-02-16 00:00:00 UTC,207.8562
2015-02-17 00:00:00 UTC,212.4634
2015-02-18 00:00:00 UTC,205.7538
2015-02-19 00:00:00 UTC,211.3669
2015-02-20 00:00:00 UTC,214.4932
2015-02-21 00:00:00 UTC,214.521
2015-02-22 00:00:00 UTC,206.8919
2015-02-23 00:00:00 UTC,210.0681
2015-02-24 00:00:00 UTC,210.5597
2015-02-25 00:00:00 UTC,208.8981
2015-02-26 00:00:00 UTC,210.951895432357
2015-02-27 00:00:00 UTC,227.3188
2015-02-28 00:00:00 UTC,226.5015
2015-03-01 00:00:00 UTC,230.4451
2015-03-02 00:00:00 UTC,241.4109
2015-03-03 00:00:00 UTC,251.04
2015-03-04 00:00:00 UTC,245.8887
2015-03-05 00:00:00 UTC,249.114
2015-03-06 00:00:00 UTC,251.1559
2015-03-07 00:00:00 UTC,254.146891695404
2015-03-08 00:00:00 UTC,253.5041
2015-03-09 00:00:00 UTC,266.6467
2015-03-10 00:00:00 UTC,271.6451
2015-03-11 00:00:00 UTC,280.6255
2015-03-12 00:00:00 UTC,276.7193
2015-03-13 00:00:00 UTC,274.4155
2015-03-14 00:00:00 UTC,268.1774
2015-03-15 00:00:00 UTC,271.8774
2015-03-16 00:00:00 UTC,274.5058
2015-03-17 00:00:00 UTC,268.4546
2015-03-18 00:00:00 UTC,235.9938
2015-03-19 00:00:00 UTC,243.8185
2015-03-20 00:00:00 UTC,241.1405
2015-03-21 00:00:00 UTC,239.7749
2015-03-22 00:00:00 UTC,246.8166
2015-03-23 00:00:00 UTC,242.7998
2015-03-24 00:00:00 UTC,224.2121
2015-03-25 00:00:00 UTC,224.5762
2015-03-26 00:00:00 UTC,227.6376
2015-03-27 00:00:00 UTC,226.9413
2015-03-28 00:00:00 UTC,231.4426
2015-03-29 00:00:00 UTC,222.1861
2015-03-30 00:00:00 UTC,227.6868
2015-03-31 00:00:00 UTC,226.6677
2015-04-01 00:00:00 UTC,229.1145
2015-04-02 00:00:00 UTC,231.933
2015-04-03 00:00:00 UTC,231.5829
2015-04-04 00:00:00 UTC,231.2894
2015-04-05 00:00:00 UTC,236.1752
2015-04-06 00:00:00 UTC,233.66
2015-04-07 00:00:00 UTC,233.9768
2015-04-08 00:00:00 UTC,226.543
2015-04-09 00:00:00 UTC,227.994710205269
2015-04-10 00:00:00 UTC,221.2241
2015-04-11 00:00:00 UTC,223.0758
2015-04-12 00:00:00 UTC,222.3424
2015-04-13 00:00:00 UTC,211.8623
2015-04-14 00:00:00 UTC,204.5474
2015-04-15 00:00:00 UTC,208.8903
2015-04-16 00:00:00 UTC,211.8932
2015-04-17 00:00:00 UTC,205.814627852804
2015-04-18 00:00:00 UTC,206.3095
2015-04-19 00:00:00 UTC,206.2195
2015-04-20 00:00:00 UTC,208.8389
2015-04-21 00:00:00 UTC,218.5902
2015-04-22 00:00:00 UTC,218.0277
2015-04-23 00:00:00 UTC,217.3661
2015-04-24 00:00:00 UTC,212.4328
2015-04-25 00:00:00 UTC,207.8057
2015-04-26 00:00:00 UTC,201.0865
2015-04-27 00:00:00 UTC,210.1602
2015-04-28 00:00:00 UTC,205.7402
2015-04-29 00:00:00 UTC,203.2886
2015-04-30 00:00:00 UTC,210.6603
2015-05-01 00:00:00 UTC,207.8604
2015-05-02 00:00:00 UTC,209.9694
2015-05-03 00:00:00 UTC,214.3624
2015-05-04 00:00:00 UTC,214.3844
2015-05-05 00:00:00 UTC,211.0332
2015-05-06 00:00:00 UTC,202.6106
2015-05-07 00:00:00 UTC,210.6379
2015-05-08 00:00:00 UTC,217.3425
2015-05-09 00:00:00 UTC,215.444
2015-05-10 00:00:00 UTC,213.977
2015-05-11 00:00:00 UTC,216.8868
2015-05-12 00:00:00 UTC,215.332
2015-05-13 00:00:00 UTC,208.1216
2015-05-14 00:00:00 UTC,207.3958
2015-05-15 00:00:00 UTC,207.1874
2015-05-16 00:00:00 UTC,206.3839
2015-05-17 00:00:00 UTC,206.3328
2015-05-18 00:00:00 UTC,205.4602
2015-05-19 00:00:00 UTC,208.1174
2015-05-20 00:00:00 UTC,210.9788
2015-05-21 00:00:00 UTC,211.9302
2015-05-22 00:00:00 UTC,218.5423
2015-05-23 00:00:00 UTC,217.060393851138
2015-05-24 00:00:00 UTC,219.3239
2015-05-25 00:00:00 UTC,216.2722
2015-05-26 00:00:00 UTC,218.1884
2015-05-27 00:00:00 UTC,217.6251
2015-05-28 00:00:00 UTC,216.5518
2015-05-29 00:00:00 UTC,216.1228
2015-05-30 00:00:00 UTC,212.828
2015-05-31 00:00:00 UTC,209.2896
2015-06-01 00:00:00 UTC,204.3993
2015-06-02 00:00:00 UTC,202.4492
2015-06-03 00:00:00 UTC,200.2225
2015-06-04 00:00:00 UTC,199.9151
2015-06-05 00:00:00 UTC,202.2231
2015-06-06 00:00:00 UTC,202.7159
2015-06-07 00:00:00 UTC,201.3044
2015-06-08 00:00:00 UTC,202.6646
2015-06-09 00:00:00 UTC,203.586
2015-06-10 00:00:00 UTC,202.2587
2015-06-11 00:00:00 UTC,204.5204
2015-06-12 00:00:00 UTC,204.6252
2015-06-13 00:00:00 UTC,206.4999
2015-06-14 00:00:00 UTC,208.2403
2015-06-15 00:00:00 UTC,210.3254
2015-06-16 00:00:00 UTC,222.7303
2015-06-17 00:00:00 UTC,218.5068
2015-06-18 00:00:00 UTC,218.5811
2015-06-19 00:00:00 UTC,213.9824
2015-06-20 00:00:00 UTC,216.2481
2015-06-21 00:00:00 UTC,214.764
2015-06-22 00:00:00 UTC,218.0221
2015-06-23 00:00:00 UTC,218.3481
2015-06-24 00:00:00 UTC,214.6629
2015-06-25 00:00:00 UTC,216.4618
2015-06-26 00:00:00 UTC,217.1127
2015-06-27 00:00:00 UTC,224.419
2015-06-28 00:00:00 UTC,225.9273
2015-06-29 00:00:00 UTC,228.419485492075
2015-06-30 00:00:00 UTC,235.610749981743
2015-07-01 00:00:00 UTC,233.062
2015-07-02 00:00:00 UTC,229.668865589436
2015-07-03 00:00:00 UTC,229.6262
2015-07-04 00:00:00 UTC,234.3376
2015-07-05 00:00:00 UTC,245.966946649982
2015-07-06 00:00:00 UTC,242.949
2015-07-07 00:00:00 UTC,241.346075700963
2015-07-08 00:00:00 UTC,243.620522527236
2015-07-09 00:00:00 UTC,242.9424
2015-07-10 00:00:00 UTC,255.3989
2015-07-11 00:00:00 UTC,261.838934149564
2015-07-12 00:00:00 UTC,278.716743965032
2015-07-13 00:00:00 UTC,264.1112
2015-07-14 00:00:00 UTC,260.2933
2015-07-15 00:00:00 UTC,259.318323538057
2015-07-16 00:00:00 UTC,254.4101
2015-07-17 00:00:00 UTC,256.9746
2015-07-18 00:00:00 UTC,253.4524
2015-07-19 00:00:00 UTC,251.669449952885
2015-07-20 00:00:00 UTC,255.9779
2015-07-21 00:00:00 UTC,251.375817292562
2015-07-22 00:00:00 UTC,252.7831
2015-07-23 00:00:00 UTC,250.8926
2015-07-24 00:00:00 UTC,262.878084491306
2015-07-25 00:00:00 UTC,262.705478390928
2015-07-26 00:00:00 UTC,265.739718772573
2015-07-27 00:00:00 UTC,263.8923
2015-07-28 00:00:00 UTC,265.7653
2015-07-29 00:00:00 UTC,262.827174184798
2015-07-30 00:00:00 UTC,262.3615
2015-07-31 00:00:00 UTC,258.10152065941
2015-08-01 00:00:00 UTC,255.3951
2015-08-02 00:00:00 UTC,256.7383
2015-08-03 00:00:00 UTC,257.28180523336
2015-08-04 00:00:00 UTC,261.0163
2015-08-05 00:00:00 UTC,258.122385565419
2015-08-06 00:00:00 UTC,254.4451
2015-08-07 00:00:00 UTC,253.963955994934
2015-08-08 00:00:00 UTC,236.884460223808
2015-08-09 00:00:00 UTC,241.060574954702
2015-08-10 00:00:00 UTC,239.2478
2015-08-11 00:00:00 UTC,244.3884
2015-08-12 00:00:00 UTC,239.9486
2015-08-13 00:00:00 UTC,236.398946727879
2015-08-14 00:00:00 UTC,238.6413
2015-08-15 00:00:00 UTC,234.483678698596
2015-08-16 00:00:00 UTC,232.1118
2015-08-17 00:00:00 UTC,232.0596
2015-08-18 00:00:00 UTC,229.5253
2015-08-19 00:00:00 UTC,203.1856
2015-08-20 00:00:00 UTC,208.8815
2015-08-21 00:00:00 UTC,203.9918
2015-08-22 00:00:00 UTC,201.1993
2015-08-23 00:00:00 UTC,199.5296
2015-08-24 00:00:00 UTC,181.17898657367
2015-08-25 00:00:00 UTC,192.0608
2015-08-26 00:00:00 UTC,198.8122
2015-08-27 00:00:00 UTC,198.2885
2015-08-28 00:00:00 UTC,207.151
2015-08-29 00:00:00 UTC,204.2534
2015-08-30 00:00:00 UTC,203.8017
2015-08-31 00:00:00 UTC,205.0429
2015-09-01 00:00:00 UTC,200.9887
2015-09-02 00:00:00 UTC,203.8117
2015-09-03 00:00:00 UTC,203.7515
2015-09-04 00:00:00 UTC,206.3375
2015-09-05 00:00:00 UTC,210.5518
2015-09-06 00:00:00 UTC,214.5071
2015-09-07 00:00:00 UTC,215.4334
2015-09-08 00:00:00 UTC,217.3469
2015-09-09 00:00:00 UTC,212.156
2015-09-10 00:00:00 UTC,211.5171
2015-09-11 00:00:00 UTC,211.708450995133
2015-09-12 00:00:00 UTC,207.2489
2015-09-13 00:00:00 UTC,203.0378
2015-09-14 00:00:00 UTC,203.5024
2015-09-15 00:00:00 UTC,204.0024
2015-09-16 00:00:00 UTC,202.3529
2015-09-17 00:00:00 UTC,203.8357
2015-09-18 00:00:00 UTC,205.5345
2015-09-19 00:00:00 UTC,204.5601
2015-09-20 00:00:00 UTC,204.2909
2015-09-21 00:00:00 UTC,202.4374
2015-09-22 00:00:00 UTC,206.606
2015-09-23 00:00:00 UTC,205.4678
2015-09-24 00:00:00 UTC,209.1981
2015-09-25 00:00:00 UTC,209.8351
2015-09-26 00:00:00 UTC,209.4738
2015-09-27 00:00:00 UTC,208.0422
2015-09-28 00:00:00 UTC,212.9546
2015-09-29 00:00:00 UTC,210.7515
2015-09-30 00:00:00 UTC,211.3024
2015-10-01 00:00:00 UTC,212.4229
2015-10-02 00:00:00 UTC,211.627
2015-10-03 00:00:00 UTC,213.1663
2015-10-04 00:00:00 UTC,212.8466
2015-10-05 00:00:00 UTC,214.7685
2015-10-06 00:00:00 UTC,218.605
2015-10-07 00:00:00 UTC,216.3529
2015-10-08 00:00:00 UTC,215.1854
2015-10-09 00:00:00 UTC,214.9889
2015-10-10 00:00:00 UTC,215.9712
2015-10-11 00:00:00 UTC,217.88
2015-10-12 00:00:00 UTC,216.2534
2015-10-13 00:00:00 UTC,219.0914
2015-10-14 00:00:00 UTC,220.232
2015-10-15 00:00:00 UTC,223.804679500148
2015-10-16 00:00:00 UTC,231.1568
2015-10-17 00:00:00 UTC,237.8483
2015-10-18 00:00:00 UTC,230.9337
2015-10-19 00:00:00 UTC,233.1793
2015-10-20 00:00:00 UTC,238.1055
2015-10-21 00:00:00 UTC,235.4589
2015-10-22 00:00:00 UTC,246.3539
2015-10-23 00:00:00 UTC,251.7616
2015-10-24 00:00:00 UTC,256.8154
2015-10-25 00:00:00 UTC,258.4843
2015-10-26 00:00:00 UTC,258.238
2015-10-27 00:00:00 UTC,266.97
2015-10-28 00:00:00 UTC,277.8959
2015-10-29 00:00:00 UTC,285.591
2015-10-30 00:00:00 UTC,296.025
2015-10-31 00:00:00 UTC,283.6287
2015-11-01 00:00:00 UTC,295.0541
2015-11-02 00:00:00 UTC,318.4768
2015-11-03 00:00:00 UTC,362.529
2015-11-04 00:00:00 UTC,371.0185
2015-11-05 00:00:00 UTC,354.9557
2015-11-06 00:00:00 UTC,346.9636
2015-11-07 00:00:00 UTC,360.3513
2015-11-08 00:00:00 UTC,346.0835
2015-11-09 00:00:00 UTC,354.002
2015-11-10 00:00:00 UTC,314.1469
2015-11-11 00:00:00 UTC,284.6294
2015-11-12 00:00:00 UTC,312.6611
2015-11-13 00:00:00 UTC,313.2047
2015-11-14 00:00:00 UTC,307.7649
2015-11-15 00:00:00 UTC,298.4862
2015-11-16 00:00:00 UTC,310.0705
2015-11-17 00:00:00 UTC,314.8307
2015-11-18 00:00:00 UTC,314.6479
2015-11-19 00:00:00 UTC,303.3226
2015-11-20 00:00:00 UTC,301.8813
2015-11-21 00:00:00 UTC,305.3667
2015-11-22 00:00:00 UTC,303.8134
2015-11-23 00:00:00 UTC,303.5474
2015-11-24 00:00:00 UTC,300.5307
2015-11-25 00:00:00 UTC,309.0213
2015-11-26 00:00:00 UTC,336.2552
2015-11-27 00:00:00 UTC,339.7956
2015-11-28 00:00:00 UTC,336.2342
2015-11-29 00:00:00 UTC,350.7679
2015-11-30 00:00:00 UTC,357.8678
2015-12-01 00:00:00 UTC,341.9388
2015-12-02 00:00:00 UTC,338.1835
2015-12-03 00:00:00 UTC,330.2559
2015-12-04 00:00:00 UTC,333.3923
2015-12-05 00:00:00 UTC,359.0129
2015-12-06 00:00:00 UTC,362.298
2015-12-07 00:00:00 UTC,364.0043
2015-12-08 00:00:00 UTC,379.0008
2015-12-09 00:00:00 UTC,378.6865
2015-12-10 00:00:00 UTC,381.0527
2015-12-11 00:00:00 UTC,411.7622
2015-12-12 00:00:00 UTC,395.6173
2015-12-13 00:00:00 UTC,396.4522
2015-12-14 00:00:00 UTC,403.0261
2015-12-15 00:00:00 UTC,425.4676
2015-12-16 00:00:00 UTC,416.2083
2015-12-17 00:00:00 UTC,421.2681
2015-12-18 00:00:00 UTC,426.7863
2015-12-19 00:00:00 UTC,425.0845
2015-12-20 00:00:00 UTC,406.0081
2015-12-21 00:00:00 UTC,401.1749
2015-12-22 00:00:00 UTC,398.3913
2015-12-23 00:00:00 UTC,405.9181
2015-12-24 00:00:00 UTC,414.8429
2015-12-25 00:00:00 UTC,415.3601
2015-12-26 00:00:00 UTC,380.1347
2015-12-27 00:00:00 UTC,386.4047
2015-12-28 00:00:00 UTC,383.4817
2015-12-29 00:00:00 UTC,395.4328
2015-12-30 00:00:00 UTC,390.4924
2015-12-31 00:00:00 UTC,397.2716
2016-01-01 00:00:00 UTC,400.0261
2016-01-02 00:00:00 UTC,399.9543
2016-01-03 00:00:00 UTC,396.0832
2016-01-04 00:00:00 UTC,400.2754
2016-01-05 00:00:00 UTC,401.879
2016-01-06 00:00:00 UTC,400.0025
2016-01-07 00:00:00 UTC,417.8042
2016-01-08 00:00:00 UTC,416.2324
2016-01-09 00:00:00 UTC,410.7807
2016-01-10 00:00:00 UTC,409.0893
2016-01-11 00:00:00 UTC,412.794
2016-01-12 00:00:00 UTC,410.5993
2016-01-13 00:00:00 UTC,397.2488
2016-01-14 00:00:00 UTC,395.013
2016-01-15 00:00:00 UTC,335.2771
2016-01-16 00:00:00 UTC,351.8625
2016-01-17 00:00:00 UTC,353.8125
2016-01-18 00:00:00 UTC,353.4437
2016-01-19 00:00:00 UTC,347.4078
2016-01-20 00:00:00 UTC,384.5954
2016-01-21 00:00:00 UTC,375.2179
2016-01-22 00:00:00 UTC,349.7053
2016-01-23 00:00:00 UTC,360.8617
2016-01-24 00:00:00 UTC,373.3592
2016-01-25 00:00:00 UTC,361.7162
2016-01-26 00:00:00 UTC,361.191
2016-01-27 00:00:00 UTC,361.9085
2016-01-28 00:00:00 UTC,347.1125
2016-01-29 00:00:00 UTC,349.704
2016-01-30 00:00:00 UTC,348.01
2016-01-31 00:00:00 UTC,336.4142
2016-02-01 00:00:00 UTC,340.6754
2016-02-02 00:00:00 UTC,341.5557
2016-02-03 00:00:00 UTC,331.4496
2016-02-04 00:00:00 UTC,346.8504
2016-02-05 00:00:00 UTC,345.5643
2016-02-06 00:00:00 UTC,335.958
2016-02-07 00:00:00 UTC,336.5935
2016-02-08 00:00:00 UTC,331.4103
2016-02-09 00:00:00 UTC,331.1144
2016-02-10 00:00:00 UTC,336.699
2016-02-11 00:00:00 UTC,333.0493
2016-02-12 00:00:00 UTC,340.067
2016-02-13 00:00:00 UTC,346.864
2016-02-14 00:00:00 UTC,359.1947
2016-02-15 00:00:00 UTC,357.9043
2016-02-16 00:00:00 UTC,365.2722
2016-02-17 00:00:00 UTC,374.6766
2016-02-18 00:00:00 UTC,379.5151
2016-02-19 00:00:00 UTC,376.7423
2016-02-20 00:00:00 UTC,396.3079
2016-02-21 00:00:00 UTC,394.399
2016-02-22 00:00:00 UTC,396.9266
2016-02-23 00:00:00 UTC,381.5043
2016-02-24 00:00:00 UTC,384.1125
2016-02-25 00:00:00 UTC,383.8394
2016-02-26 00:00:00 UTC,390.586
2016-02-27 00:00:00 UTC,395.2814
2016-02-28 00:00:00 UTC,395.8996
2016-02-29 00:00:00 UTC,401.7195
2016-03-01 00:00:00 UTC,397.1041
2016-03-02 00:00:00 UTC,390.5504
2016-03-03 00:00:00 UTC,383.4209
2016-03-04 00:00:00 UTC,371.8567
2016-03-05 00:00:00 UTC,360.9419
2016-03-06 00:00:00 UTC,367.9152
2016-03-07 00:00:00 UTC,375.6325
2016-03-08 00:00:00 UTC,374.1256
2016-03-09 00:00:00 UTC,374.6807
2016-03-10 00:00:00 UTC,372.3311
2016-03-11 00:00:00 UTC,375.9791
2016-03-12 00:00:00 UTC,368.4187
2016-03-13 00:00:00 UTC,370.016
2016-03-14 00:00:00 UTC,373.39
2016-03-15 00:00:00 UTC,374.1462
2016-03-16 00:00:00 UTC,371.4848
2016-03-17 00:00:00 UTC,369.8212
2016-03-18 00:00:00 UTC,362.2599
2016-03-19 00:00:00 UTC,360.9125
2016-03-20 00:00:00 UTC,365.3427
2016-03-21 00:00:00 UTC,365.6872
2016-03-22 00:00:00 UTC,371.2017
2016-03-23 00:00:00 UTC,373.933
2016-03-24 00:00:00 UTC,371.1693
2016-03-25 00:00:00 UTC,372.3078
2016-03-26 00:00:00 UTC,373.158
2016-03-27 00:00:00 UTC,381.0561
2016-03-28 00:00:00 UTC,377.5452
2016-03-29 00:00:00 UTC,368.0432
2016-03-30 00:00:00 UTC,364.0863
2016-03-31 00:00:00 UTC,364.9301
2016-04-01 00:00:00 UTC,365.7336
2016-04-02 00:00:00 UTC,368.3456
2016-04-03 00:00:00 UTC,367.0811
2016-04-04 00:00:00 UTC,368.2425
2016-04-05 00:00:00 UTC,371.3027
2016-04-06 00:00:00 UTC,369.993
2016-04-07 00:00:00 UTC,370.2353
2016-04-08 00:00:00 UTC,367.1272
2016-04-09 00:00:00 UTC,365.0411
2016-04-10 00:00:00 UTC,369.222
2016-04-11 00:00:00 UTC,370.419
2016-04-12 00:00:00 UTC,374.3318
2016-04-13 00:00:00 UTC,376.1655
2016-04-14 00:00:00 UTC,377.2351
2016-04-15 00:00:00 UTC,381.0475
2016-04-16 00:00:00 UTC,381.8832
2016-04-17 00:00:00 UTC,379.0033
2016-04-18 00:00:00 UTC,378.8145
2016-04-19 00:00:00 UTC,384.2286
2016-04-20 00:00:00 UTC,391.0603
2016-04-21 00:00:00 UTC,399.5665
2016-04-22 00:00:00 UTC,398.659
2016-04-23 00:00:00 UTC,402.5201
2016-04-24 00:00:00 UTC,409.5601
2016-04-25 00:00:00 UTC,408.8544
2016-04-26 00:00:00 UTC,414.1031
2016-04-27 00:00:00 UTC,392.6673
2016-04-28 00:00:00 UTC,395.8611
2016-04-29 00:00:00 UTC,398.7739
2016-04-30 00:00:00 UTC,391.2074
2016-05-01 00:00:00 UTC,395.0476
2016-05-02 00:00:00 UTC,385.5996
2016-05-03 00:00:00 UTC,391.5714
2016-05-04 00:00:00 UTC,389.1934
2016-05-05 00:00:00 UTC,393.6979
2016-05-06 00:00:00 UTC,404.7641
2016-05-07 00:00:00 UTC,402.6843
2016-05-08 00:00:00 UTC,402.8899
2016-05-09 00:00:00 UTC,405.6688
2016-05-10 00:00:00 UTC,395.914
2016-05-11 00:00:00 UTC,395.8095
2016-05-12 00:00:00 UTC,399.7222
2016-05-13 00:00:00 UTC,403.2871
2016-05-14 00:00:00 UTC,402.8529
2016-05-15 00:00:00 UTC,405.0881
2016-05-16 00:00:00 UTC,402.0676
2016-05-17 00:00:00 UTC,399.9895
2016-05-18 00:00:00 UTC,403.1942
2016-05-19 00:00:00 UTC,393.2379
2016-05-20 00:00:00 UTC,393.7549
2016-05-21 00:00:00 UTC,394.875
2016-05-22 00:00:00 UTC,391.0235
2016-05-23 00:00:00 UTC,395.0471
2016-05-24 00:00:00 UTC,399.9025
2016-05-25 00:00:00 UTC,402.5284
2016-05-26 00:00:00 UTC,405.3769
2016-05-27 00:00:00 UTC,426.3226
2016-05-28 00:00:00 UTC,475.6949
2016-05-29 00:00:00 UTC,470.4957
2016-05-30 00:00:00 UTC,479.5691
2016-05-31 00:00:00 UTC,477.3661
2016-06-01 00:00:00 UTC,482.059
2016-06-02 00:00:00 UTC,483.1766
2016-06-03 00:00:00 UTC,501.8448
2016-06-04 00:00:00 UTC,504.5423
2016-06-05 00:00:00 UTC,505.641034369998
2016-06-06 00:00:00 UTC,515.6172
2016-06-07 00:00:00 UTC,508.736892759177
2016-06-08 00:00:00 UTC,511.5319
2016-06-09 00:00:00 UTC,510.3863
2016-06-10 00:00:00 UTC,514.741175750638
2016-06-11 00:00:00 UTC,531.377111981122
2016-06-12 00:00:00 UTC,597.025346273862
2016-06-13 00:00:00 UTC,623.840612356297
2016-06-14 00:00:00 UTC,611.982286559564
2016-06-15 00:00:00 UTC,615.4476
2016-06-16 00:00:00 UTC,681.4366
2016-06-17 00:00:00 UTC,664.5998
2016-06-18 00:00:00 UTC,671.144650313907
2016-06-19 00:00:00 UTC,676.2518
2016-06-20 00:00:00 UTC,648.780883359523
2016-06-21 00:00:00 UTC,591.069198937255
2016-06-22 00:00:00 UTC,522.3527
2016-06-23 00:00:00 UTC,547.364559987766
2016-06-24 00:00:00 UTC,595.372144565337
2016-06-25 00:00:00 UTC,600.145903679867
2016-06-26 00:00:00 UTC,567.2399
2016-06-27 00:00:00 UTC,588.6303
2016-06-28 00:00:00 UTC,584.0915
2016-06-29 00:00:00 UTC,572.9908
2016-06-30 00:00:00 UTC,605.0589
2016-07-01 00:00:00 UTC,608.448
2016-07-02 00:00:00 UTC,621.4688
2016-07-03 00:00:00 UTC,596.960504034881
2016-07-04 00:00:00 UTC,608.726590886568
2016-07-05 00:00:00 UTC,603.155478690353
2016-07-06 00:00:00 UTC,609.0368
2016-07-07 00:00:00 UTC,577.3125
2016-07-08 00:00:00 UTC,602.299034540337
2016-07-09 00:00:00 UTC,591.556666359655
2016-07-10 00:00:00 UTC,588.3514
2016-07-11 00:00:00 UTC,586.8362
2016-07-12 00:00:00 UTC,606.9424
2016-07-13 00:00:00 UTC,593.1071
2016-07-14 00:00:00 UTC,593.4931
2016-07-15 00:00:00 UTC,603.032964089621
2016-07-16 00:00:00 UTC,601.1983
2016-07-17 00:00:00 UTC,613.468675155196
2016-07-18 00:00:00 UTC,609.333065328723
2016-07-19 00:00:00 UTC,612.127137832945
2016-07-20 00:00:00 UTC,609.171202793325
2016-07-21 00:00:00 UTC,603.277039138198
2016-07-22 00:00:00 UTC,593.0235
2016-07-23 00:00:00 UTC,596.992
2016-07-24 00:00:00 UTC,602.233116704133
2016-07-25 00:00:00 UTC,595.316764832935
2016-07-26 00:00:00 UTC,592.627
2016-07-27 00:00:00 UTC,592.762938033455
2016-07-28 00:00:00 UTC,591.910443847698
2016-07-29 00:00:00 UTC,588.157049893957
2016-07-30 00:00:00 UTC,585.63888414596
2016-07-31 00:00:00 UTC,558.129064767636
2016-08-01 00:00:00 UTC,542.3556
2016-08-02 00:00:00 UTC,459.944493415971
2016-08-03 00:00:00 UTC,508.827260407742
2016-08-04 00:00:00 UTC,518.078165398894
2016-08-05 00:00:00 UTC,519.5824
2016-08-06 00:00:00 UTC,530.04
2016-08-07 00:00:00 UTC,534.3374
2016-08-08 00:00:00 UTC,532.7392
2016-08-09 00:00:00 UTC,526.2906
2016-08-10 00:00:00 UTC,529.308819668431
2016-08-11 00:00:00 UTC,527.4728
2016-08-12 00:00:00 UTC,525.4136
2016-08-13 00:00:00 UTC,523.601837885124
2016-08-14 00:00:00 UTC,511.1803
2016-08-15 00:00:00 UTC,507.469197999706
2016-08-16 00:00:00 UTC,512.594759951623
2016-08-17 00:00:00 UTC,506.014267719313
2016-08-18 00:00:00 UTC,504.053965466873
2016-08-19 00:00:00 UTC,506.250009524601
2016-08-20 00:00:00 UTC,513.747604619905
2016-08-21 00:00:00 UTC,512.973511839349
2016-08-22 00:00:00 UTC,516.8641
2016-08-23 00:00:00 UTC,514.7823
2016-08-24 00:00:00 UTC,512.932378951228
2016-08-25 00:00:00 UTC,510.4246
2016-08-26 00:00:00 UTC,516.2177
2016-08-27 00:00:00 UTC,507.709
2016-08-28 00:00:00 UTC,512.1325
2016-08-29 00:00:00 UTC,511.59906806752
2016-08-30 00:00:00 UTC,516.8014
2016-08-31 00:00:00 UTC,512.205378128114
2016-09-01 00:00:00 UTC,510.4584
2016-09-02 00:00:00 UTC,514.4426
2016-09-03 00:00:00 UTC,534.3696
2016-09-04 00:00:00 UTC,545.5373
2016-09-05 00:00:00 UTC,544.0381
2016-09-06 00:00:00 UTC,542.8979
2016-09-07 00:00:00 UTC,546.351223893059
2016-09-08 00:00:00 UTC,555.1962
2016-09-09 00:00:00 UTC,553.7198
2016-09-10 00:00:00 UTC,554.7404
2016-09-11 00:00:00 UTC,538.670169509381
2016-09-12 00:00:00 UTC,538.978042285298
2016-09-13 00:00:00 UTC,540.8973
2016-09-14 00:00:00 UTC,540.9202
2016-09-15 00:00:00 UTC,538.364
2016-09-16 00:00:00 UTC,543.562711188866
2016-09-17 00:00:00 UTC,542.4967
2016-09-18 00:00:00 UTC,545.5345
2016-09-19 00:00:00 UTC,544.408520121496
2016-09-20 00:00:00 UTC,545.002724617571
2016-09-21 00:00:00 UTC,532.383222751831
2016-09-22 00:00:00 UTC,530.6735
2016-09-23 00:00:00 UTC,536.0165
2016-09-24 00:00:00 UTC,535.4632
2016-09-25 00:00:00 UTC,533.387
2016-09-26 00:00:00 UTC,538.601154157572
2016-09-27 00:00:00 UTC,538.5357
2016-09-28 00:00:00 UTC,537.9476
2016-09-29 00:00:00 UTC,538.8179
2016-09-30 00:00:00 UTC,541.1667
2016-10-01 00:00:00 UTC,546.329097243427
2016-10-02 00:00:00 UTC,543.0972
2016-10-03 00:00:00 UTC,545.716104980698
2016-10-04 00:00:00 UTC,543.6628
2016-10-05 00:00:00 UTC,545.6713
2016-10-06 00:00:00 UTC,548.1407
2016-10-07 00:00:00 UTC,550.0677
2016-10-08 00:00:00 UTC,550.3489
2016-10-09 00:00:00 UTC,549.0434
2016-10-10 00:00:00 UTC,550.9166
2016-10-11 00:00:00 UTC,579.2569
2016-10-12 00:00:00 UTC,577.1396
2016-10-13 00:00:00 UTC,573.983990268184
2016-10-14 00:00:00 UTC,581.6053
2016-10-15 00:00:00 UTC,580.7202
2016-10-16 00:00:00 UTC,583.2801
2016-10-17 00:00:00 UTC,579.2803
2016-10-18 00:00:00 UTC,578.8077
2016-10-19 00:00:00 UTC,572.4751
2016-10-20 00:00:00 UTC,575.0535
2016-10-21 00:00:00 UTC,578.4596
2016-10-22 00:00:00 UTC,599.0076
2016-10-23 00:00:00 UTC,596.9439
2016-10-24 00:00:00 UTC,596.6054
2016-10-25 00:00:00 UTC,599.3647
2016-10-26 00:00:00 UTC,617.3555
2016-10-27 00:00:00 UTC,627.077
2016-10-28 00:00:00 UTC,625.94
2016-10-29 00:00:00 UTC,651.059112112015
2016-10-30 00:00:00 UTC,628.456076048635
2016-10-31 00:00:00 UTC,636.6361
2016-11-01 00:00:00 UTC,659.3836
2016-11-02 00:00:00 UTC,661.4081
2016-11-03 00:00:00 UTC,617.6609
2016-11-04 00:00:00 UTC,629.9503
2016-11-05 00:00:00 UTC,631.7638
2016-11-06 00:00:00 UTC,642.3379
2016-11-07 00:00:00 UTC,639.1902
2016-11-08 00:00:00 UTC,642.8668
2016-11-09 00:00:00 UTC,660.4544
2016-11-10 00:00:00 UTC,655.087115411442
2016-11-11 00:00:00 UTC,658.9859
2016-11-12 00:00:00 UTC,648.1981
2016-11-13 00:00:00 UTC,648.090015674642
2016-11-14 00:00:00 UTC,656.6554
2016-11-15 00:00:00 UTC,664.016893040939
2016-11-16 00:00:00 UTC,692.407418599854
2016-11-17 00:00:00 UTC,694.9835
2016-11-18 00:00:00 UTC,706.7763
2016-11-19 00:00:00 UTC,708.649745370202
2016-11-20 00:00:00 UTC,687.6917
2016-11-21 00:00:00 UTC,692.5357
2016-11-22 00:00:00 UTC,704.0207
2016-11-23 00:00:00 UTC,702.292049310829
2016-11-24 00:00:00 UTC,697.781697472466
2016-11-25 00:00:00 UTC,696.790634614863
2016-11-26 00:00:00 UTC,691.6427
2016-11-27 00:00:00 UTC,686.4221
2016-11-28 00:00:00 UTC,689.505363599564
2016-11-29 00:00:00 UTC,687.133
2016-11-30 00:00:00 UTC,700.4897
2016-12-01 00:00:00 UTC,706.215
2016-12-02 00:00:00 UTC,722.973
2016-12-03 00:00:00 UTC,717.031621875378
2016-12-04 00:00:00 UTC,725.7129
2016-12-05 00:00:00 UTC,698.831
2016-12-06 00:00:00 UTC,707.7627
2016-12-07 00:00:00 UTC,710.0972
2016-12-08 00:00:00 UTC,723.9539
2016-12-09 00:00:00 UTC,728.8472
2016-12-10 00:00:00 UTC,731.95959354059
2016-12-11 00:00:00 UTC,728.4475
2016-12-12 00:00:00 UTC,731.68981148161
2016-12-13 00:00:00 UTC,732.3003
2016-12-14 00:00:00 UTC,736.7087
2016-12-15 00:00:00 UTC,744.3169
2016-12-16 00:00:00 UTC,748.912
2016-12-17 00:00:00 UTC,754.8019
2016-12-18 00:00:00 UTC,754.7189
2016-12-19 00:00:00 UTC,759.6067
2016-12-20 00:00:00 UTC,769.6677
2016-12-21 00:00:00 UTC,792.655024755835
2016-12-22 00:00:00 UTC,823.5442
2016-12-23 00:00:00 UTC,877.0188
2016-12-24 00:00:00 UTC,853.125
2016-12-25 00:00:00 UTC,855.082791596512
2016-12-26 00:00:00 UTC,863.3862
2016-12-27 00:00:00 UTC,888.1291
2016-12-28 00:00:00 UTC,937.8981
2016-12-29 00:00:00 UTC,926.0435
2016-12-30 00:00:00 UTC,913.0796
2016-12-31 00:00:00 UTC,918.569062389432
2017-01-01 00:00:00 UTC,948.7433
2017-01-02 00:00:00 UTC,973.7802
2017-01-03 00:00:00 UTC,994.3156
2017-01-04 00:00:00 UTC,1078.33963878312
2017-01-05 00:00:00 UTC,934.2619
2017-01-06 00:00:00 UTC,848.630799999999
2017-01-07 00:00:00 UTC,854.5528
2017-01-08 00:00:00 UTC,862.1537
2017-01-09 00:00:00 UTC,852.684258932747
2017-01-10 00:00:00 UTC,858.334089071651
2017-01-11 00:00:00 UTC,741.0161
2017-01-12 00:00:00 UTC,753.2917
2017-01-13 00:00:00 UTC,775.2239
2017-01-14 00:00:00 UTC,768.4652
2017-01-15 00:00:00 UTC,773.7139
2017-01-16 00:00:00 UTC,781.4939
2017-01-17 00:00:00 UTC,844.0353
2017-01-18 00:00:00 UTC,821.823999999999
2017-01-19 00:00:00 UTC,841.4353
2017-01-20 00:00:00 UTC,833.0415
2017-01-21 00:00:00 UTC,859.6971
2017-01-22 00:00:00 UTC,858.382833995937
2017-01-23 00:00:00 UTC,853.6122
2017-01-24 00:00:00 UTC,825.4107
2017-01-25 00:00:00 UTC,831.1325
2017-01-26 00:00:00 UTC,857.0327
2017-01-27 00:00:00 UTC,858.4133
2017-01-28 00:00:00 UTC,860.2163
2017-01-29 00:00:00 UTC,853.288900000001
2017-01-30 00:00:00 UTC,860.661539177374
2017-01-31 00:00:00 UTC,897.0729
2017-02-01 00:00:00 UTC,916.313481337466
2017-02-02 00:00:00 UTC,937.05089790902
2017-02-03 00:00:00 UTC,941.2705
2017-02-04 00:00:00 UTC,958.1295
2017-02-05 00:00:00 UTC,943.323433968902
2017-02-06 00:00:00 UTC,953.226591441859
2017-02-07 00:00:00 UTC,984.8361
2017-02-08 00:00:00 UTC,986.5853
2017-02-09 00:00:00 UTC,921.4008
2017-02-10 00:00:00 UTC,933.3161
2017-02-11 00:00:00 UTC,950.3443
2017-02-12 00:00:00 UTC,941.127660590789
2017-02-13 00:00:00 UTC,940.121553040621
2017-02-14 00:00:00 UTC,955.012088208851
2017-02-15 00:00:00 UTC,952.4293
2017-02-16 00:00:00 UTC,970.0111
2017-02-17 00:00:00 UTC,995.353205839552
2017-02-18 00:00:00 UTC,997.134428371375
2017-02-19 00:00:00 UTC,992.090799999999
2017-02-20 00:00:00 UTC,1020.1858069215
2017-02-21 00:00:00 UTC,1067.97163518225
2017-02-22 00:00:00 UTC,1064.0754
2017-02-23 00:00:00 UTC,1120.53710554127
2017-02-24 00:00:00 UTC,1118.8893
2017-02-25 00:00:00 UTC,1088.36409143552
2017-02-26 00:00:00 UTC,1118.1312
2017-02-27 00:00:00 UTC,1126.95705974715
2017-02-28 00:00:00 UTC,1125.7829
2017-03-01 00:00:00 UTC,1163.45435952474
2017-03-02 00:00:00 UTC,1201.2222
2017-03-03 00:00:00 UTC,1213.89403942761
2017-03-04 00:00:00 UTC,1194.403611376
2017-03-05 00:00:00 UTC,1202.8195
2017-03-06 00:00:00 UTC,1210.6022
2017-03-07 00:00:00 UTC,1166.95385284445
2017-03-08 00:00:00 UTC,1090.6584
2017-03-09 00:00:00 UTC,1126.52326921639
2017-03-10 00:00:00 UTC,1030.62414550205
2017-03-11 00:00:00 UTC,1106.52248301465
2017-03-12 00:00:00 UTC,1152.2681
2017-03-13 00:00:00 UTC,1167.22338432954
2017-03-14 00:00:00 UTC,1175.29182127597
2017-03-15 00:00:00 UTC,1172.7699
2017-03-16 00:00:00 UTC,1133.76985475356
2017-03-17 00:00:00 UTC,999.389554555562
2017-03-18 00:00:00 UTC,895.2018
2017-03-19 00:00:00 UTC,952.802751217519
2017-03-20 00:00:00 UTC,965.462447061108
2017-03-21 00:00:00 UTC,1029.08964092656
2017-03-22 00:00:00 UTC,963.376701776613
2017-03-23 00:00:00 UTC,954.423162953706
2017-03-24 00:00:00 UTC,870.278620518582
2017-03-25 00:00:00 UTC,893.309408563301
2017-03-26 00:00:00 UTC,879.835663723838
2017-03-27 00:00:00 UTC,959.625540568016
2017-03-28 00:00:00 UTC,966.0406
2017-03-29 00:00:00 UTC,964.862715796798
2017-03-30 00:00:00 UTC,965.415518675105
2017-03-31 00:00:00 UTC,1011.34063802513
2017-04-01 00:00:00 UTC,1017.6627
2017-04-02 00:00:00 UTC,1028.9798
2017-04-03 00:00:00 UTC,1067.97546023565
2017-04-04 00:00:00 UTC,1067.95565794262
2017-04-05 00:00:00 UTC,1061.33656479796
2017-04-06 00:00:00 UTC,1121.7103
2017-04-07 00:00:00 UTC,1123.38327537732
2017-04-08 00:00:00 UTC,1116.3045
2017-04-09 00:00:00 UTC,1121.3475
2017-04-10 00:00:00 UTC,1142.1996
2017-04-11 00:00:00 UTC,1156.6293
2017-04-12 00:00:00 UTC,1142.1309
2017-04-13 00:00:00 UTC,1106.1499
2017-04-14 00:00:00 UTC,1115.6435
2017-04-15 00:00:00 UTC,1112.6671
2017-04-16 00:00:00 UTC,1118.2443
2017-04-17 00:00:00 UTC,1132.6755
2017-04-18 00:00:00 UTC,1134.8973
2017-04-19 00:00:00 UTC,1143.8965
2017-04-20 00:00:00 UTC,1170.2247
2017-04-21 00:00:00 UTC,1170.0939
2017-04-22 00:00:00 UTC,1165.1361
2017-04-23 00:00:00 UTC,1146.4531
2017-04-24 00:00:00 UTC,1150.145
2017-04-25 00:00:00 UTC,1155.6003
2017-04-26 00:00:00 UTC,1180.0978
2017-04-27 00:00:00 UTC,1224.7383
2017-04-28 00:00:00 UTC,1212.3827
2017-04-29 00:00:00 UTC,1218.5231
2017-04-30 00:00:00 UTC,1237.9148
2017-05-01 00:00:00 UTC,1292.1772
2017-05-02 00:00:00 UTC,1319.4436
2017-05-03 00:00:00 UTC,1364.714
2017-05-04 00:00:00 UTC,1365.4207
2017-05-05 00:00:00 UTC,1369.4907
2017-05-06 00:00:00 UTC,1407.4885
2017-05-07 00:00:00 UTC,1417.9233
2017-05-08 00:00:00 UTC,1494.9755
2017-05-09 00:00:00 UTC,1562.3441
2017-05-10 00:00:00 UTC,1607.9672
2017-05-11 00:00:00 UTC,1664.9248
2017-05-12 00:00:00 UTC,1555.5039
2017-05-13 00:00:00 UTC,1602.2409
2017-05-14 00:00:00 UTC,1617.9113
2017-05-15 00:00:00 UTC,1544.5887
2017-05-16 00:00:00 UTC,1547.4506
2017-05-17 00:00:00 UTC,1616.6566
2017-05-18 00:00:00 UTC,1700.9591
2017-05-19 00:00:00 UTC,1760.262
2017-05-20 00:00:00 UTC,1823.4813
2017-05-21 00:00:00 UTC,1832.7972
2017-05-22 00:00:00 UTC,1875.6082
2017-05-23 00:00:00 UTC,2049.3207
2017-05-24 00:00:00 UTC,2182.3842
2017-05-25 00:00:00 UTC,2126.7437
2017-05-26 00:00:00 UTC,2023.1245
2017-05-27 00:00:00 UTC,1861.8404
2017-05-28 00:00:00 UTC,1984.9692
2017-05-29 00:00:00 UTC,2052.4132
2017-05-30 00:00:00 UTC,1939.9956
2017-05-31 00:00:00 UTC,2072.3549
2017-06-01 00:00:00 UTC,2173.6651
2017-06-02 00:00:00 UTC,2228.1361
2017-06-03 00:00:00 UTC,2271.2765
2017-06-04 00:00:00 UTC,2266.5547
2017-06-05 00:00:00 UTC,2418.6351
2017-06-06 23:29:55 UTC,2573.4055
2017-06-07 00:00:00 UTC,2412.5392
2017-06-08 23:39:21 UTC,2520.8052
2017-06-09 00:00:00 UTC,2517.8864
2017-06-10 00:00:00 UTC,2623.6309
2017-06-11 00:00:00 UTC,2689.0519
2017-06-12 00:00:00 UTC,2413.9005
2017-06-13 00:00:00 UTC,2441.1784
2017-06-14 00:00:00 UTC,2233.20166335637
2017-06-15 00:00:00 UTC,2193.10931241586
2017-06-16 00:00:00 UTC,2247.48471036499
2017-06-17 00:00:00 UTC,2396.93908878112
2017-06-18 00:00:00 UTC,2300.22497864363
2017-06-19 00:00:00 UTC,2349.52089828999
2017-06-20 00:00:00 UTC,2494.57169429952
2017-06-21 00:00:00 UTC,2433.0817171199
2017-06-22 00:00:00 UTC,2443.86204272334
2017-06-23 00:00:00 UTC,2445.94628680291
2017-06-24 00:00:00 UTC,2339.33540635008
2017-06-25 00:00:00 UTC,2328.26254755137
2017-06-26 00:00:00 UTC,2225.39856042394
2017-06-27 00:00:00 UTC,2231.59930709373
2017-06-28 00:00:00 UTC,2263.59861415692
2017-06-29 00:00:00 UTC,2238.96336909981
2017-06-30 00:00:00 UTC,2179.70819240141
2017-07-01 00:00:00 UTC,2135.58713503788
2017-07-02 00:00:00 UTC,2204.25134002797
2017-07-03 00:00:00 UTC,2266.81833860957
2017-07-04 00:00:00 UTC,2299.74838684955
2017-07-05 00:00:00 UTC,2296.44919014037
2017-07-06 00:00:00 UTC,2287.34070657243
2017-07-07 00:00:00 UTC,2200.48400128102
2017-07-08 00:00:00 UTC,2248.61452821312
2017-07-09 00:00:00 UTC,2209.80963102975
2017-07-10 00:00:00 UTC,2073.87392532736
2017-07-11 00:00:00 UTC,2052.28761085122
2017-07-12 00:00:00 UTC,2091.20940816522
2017-07-13 00:00:00 UTC,2074.75574738267
2017-07-14 00:00:00 UTC,1943.43367591305
2017-07-15 00:00:00 UTC,1773.01356243578
2017-07-16 00:00:00 UTC,1680.09506998428
2017-07-17 00:00:00 UTC,1900.58073754629
2017-07-18 00:00:00 UTC,1994.61524837998
2017-07-19 00:00:00 UTC,1973.19991508186
2017-07-20 00:00:00 UTC,2379.50280431233
2017-07-21 00:00:00 UTC,2278.57889906114
2017-07-22 00:00:00 UTC,2402.36877281195
2017-07-23 00:00:00 UTC,2340.11871588178
2017-07-24 00:00:00 UTC,2362.93390162823
2017-07-25 00:00:00 UTC,2201.2903453013
2017-07-26 00:00:00 UTC,2136.85265179563
2017-07-27 00:00:00 UTC,2267.38648105156
2017-07-28 00:00:00 UTC,2382.27954660441
2017-07-29 00:00:00 UTC,2315.17423920005
2017-07-30 00:00:00 UTC,2330.23690662166
2017-07-31 00:00:00 UTC,2426.94915931761
2017-08-01 00:00:00 UTC,2319.04746024281
2017-08-02 00:00:00 UTC,2276.40882144955
2017-08-03 00:00:00 UTC,2338.39942776688
2017-08-04 00:00:00 UTC,2417.10299096146
2017-08-05 00:00:00 UTC,2749.33801589581
2017-08-06 00:00:00 UTC,2706.35082826659
2017-08-07 00:00:00 UTC,2846.62412628723
2017-08-08 00:00:00 UTC,2900.2024125629
2017-08-09 00:00:00 UTC,2831.78277155965
2017-08-10 00:00:00 UTC,2862.4770898371
2017-08-11 00:00:00 UTC,3013.26870851979
2017-08-12 00:00:00 UTC,3215.03297302236
2017-08-13 00:00:00 UTC,3403.30720951711
2017-08-14 00:00:00 UTC,3545.16947804839
2017-08-15 00:00:00 UTC,3535.11562891785
2017-08-16 00:00:00 UTC,3619.29604404811
2017-08-17 00:00:00 UTC,3639.97872446398
2017-08-18 00:00:00 UTC,3484.27862858664
2017-08-19 00:00:00 UTC,3499.20590582416
2017-08-20 00:00:00 UTC,3404.12928487756
2017-08-21 00:00:00 UTC,3332.41173557178
2017-08-22 00:00:00 UTC,3407.19827501646
2017-08-23 00:00:00 UTC,3445.02981724725
2017-08-24 00:00:00 UTC,3530.52322329764
2017-08-25 00:00:00 UTC,3521.920260494
2017-08-26 00:00:00 UTC,3458.67931046665
2017-08-27 00:00:00 UTC,3444.2493940579
2017-08-28 00:00:00 UTC,3523.01235276136
2017-08-29 00:00:00 UTC,3669.50873999068
2017-08-30 00:00:00 UTC,3828.40791639659
2017-08-31 00:00:00 UTC,3947.79208517625
2017-09-01 00:00:00 UTC,4099.84195179735
2017-09-02 00:00:00 UTC,3842.48777329689
2017-09-03 00:00:00 UTC,3899.41222662156
2017-09-04 00:00:00 UTC,3629.28921709062
2017-09-05 00:00:00 UTC,3730.47773794323
2017-09-06 00:00:00 UTC,3851.17129705178
2017-09-07 00:00:00 UTC,3812.37434004852
2017-09-08 00:00:00 UTC,3560.03076966709
2017-09-09 00:00:00 UTC,3527.80250796005
2017-09-10 00:00:00 UTC,3439.65397575417
2017-09-11 00:00:00 UTC,3482.21582653811
2017-09-12 00:00:00 UTC,3450.74476099201
2017-09-13 00:00:00 UTC,3267.1144788312
2017-09-14 00:00:00 UTC,2601.73344059431
2017-09-15 00:00:00 UTC,3003.71834337433
2017-09-16 00:00:00 UTC,3019.06540685191
2017-09-17 00:00:00 UTC,2977.32144168827
2017-09-18 00:00:00 UTC,3354.75242399352
2017-09-19 00:00:00 UTC,3250.39762588542
2017-09-20 00:00:00 UTC,3249.44515178993
2017-09-21 00:00:00 UTC,3036.62336077048
2017-09-22 00:00:00 UTC,3031.11521095925
2017-09-23 00:00:00 UTC,3149.29793300228
2017-09-24 00:00:00 UTC,3079.45549227123
2017-09-25 00:00:00 UTC,3261.96793367354
2017-09-26 00:00:00 UTC,3268.97278642028
2017-09-27 00:00:00 UTC,3518.95065494184
2017-09-28 00:00:00 UTC,3509.77304398893
2017-09-29 00:00:00 UTC,3496.06607252181
2017-09-30 00:00:00 UTC,3637.73640213994
2017-10-01 00:00:00 UTC,3681.74705211865
2017-10-02 00:00:00 UTC,3735.35163906477
2017-10-03 00:00:00 UTC,3677.95089763711
2017-10-04 00:00:00 UTC,3599.10148453349
2017-10-05 00:00:00 UTC,3663.39708322633
2017-10-06 00:00:00 UTC,3705.43190242227
2017-10-07 00:00:00 UTC,3755.34238634445
2017-10-08 00:00:00 UTC,3885.61096834637
2017-10-09 00:00:00 UTC,4053.2982698713
2017-10-10 00:00:00 UTC,4036.65669138855
2017-10-11 00:00:00 UTC,4052.1728314049
2017-10-12 00:00:00 UTC,4506.00738980823
2017-10-13 00:00:00 UTC,4746.39305784808
2017-10-14 00:00:00 UTC,4804.64531960241
2017-10-15 00:00:00 UTC,4813.16582706151
2017-10-16 00:00:00 UTC,4858.19799072763
2017-10-17 00:00:00 UTC,4794.93801397699
2017-10-18 00:00:00 UTC,4740.2464658645
2017-10-19 00:00:00 UTC,4806.78215105017
2017-10-20 00:00:00 UTC,5053.05163731036
2017-10-21 00:00:00 UTC,5128.27555167051
2017-10-22 00:00:00 UTC,5108.32952331846
2017-10-23 00:00:00 UTC,5071.01581018987
2017-10-24 00:00:00 UTC,4718.80146560474
2017-10-25 00:00:00 UTC,4826.77477141527
2017-10-26 00:00:00 UTC,5047.65963227622
2017-10-27 00:00:00 UTC,4975.03583101243
2017-10-28 00:00:00 UTC,4939.53817516821
2017-10-29 00:00:00 UTC,5275.80554100892
2017-10-30 00:00:00 UTC,5240.99617890591
2017-10-31 00:00:00 UTC,5466.71045860513
2017-11-01 00:00:00 UTC,5775.32957437615
2017-11-02 00:00:00 UTC,6056.73128904817
2017-11-03 00:00:00 UTC,6232.81393297112
2017-11-04 00:00:00 UTC,6367.13086103105
2017-11-05 00:00:00 UTC,6385.90359574869
2017-11-06 00:00:00 UTC,6116.64607187146
2017-11-07 00:00:00 UTC,6175.66704086994
2017-11-08 00:00:00 UTC,6436.68914674492
2017-11-09 00:00:00 UTC,6171.6672844711
2017-11-10 00:00:00 UTC,5706.18973055649
2017-11-11 00:00:00 UTC,5456.36811562507
2017-11-12 00:00:00 UTC,5030.61713963169
2017-11-13 00:00:00 UTC,5507.04937591623
2017-11-14 00:00:00 UTC,5641.53883202489
2017-11-15 00:00:00 UTC,6194.5678103702
2017-11-16 00:00:00 UTC,6637.46673035766
2017-11-17 00:00:00 UTC,6601.26128207857
2017-11-18 00:00:00 UTC,6638.653387414
2017-11-19 00:00:00 UTC,6824.73655126082
2017-11-20 00:00:00 UTC,7004.21975260099
2017-11-21 00:00:00 UTC,6913.24189497162
2017-11-22 00:00:00 UTC,6986.49289890969
2017-11-23 00:00:00 UTC,6849.53905856859
2017-11-24 00:00:00 UTC,6938.10639570651
2017-11-25 00:00:00 UTC,7327.59815883007
2017-11-26 00:00:00 UTC,7834.19874870712
2017-11-27 00:00:00 UTC,8261.33771341673
2017-11-28 00:00:00 UTC,8655.56993876264
2017-11-29 00:00:00 UTC,8334.01862157239
2017-11-30 00:00:00 UTC,8744.31954425034
2017-12-01 00:00:00 UTC,9245.54523089164
2017-12-02 00:00:00 UTC,9385.81390076036
2017-12-03 00:00:00 UTC,9484.91947431157
2017-12-04 00:00:00 UTC,9802.67261967157
2017-12-05 00:00:00 UTC,10292.3088996805
2017-12-06 00:00:00 UTC,11765.8619479858
2017-12-07 00:00:00 UTC,15707.093785879
2017-12-08 00:00:00 UTC,14372.6665175471
2017-12-09 00:00:00 UTC,12966.0812611005
2017-12-10 00:00:00 UTC,13434.7356671677
2017-12-11 00:00:00 UTC,14525.9717406723
2017-12-12 00:00:00 UTC,14690.3080535245
2017-12-13 00:00:00 UTC,13956.6063994606
2017-12-14 00:00:00 UTC,14322.267510152
2017-12-15 00:00:00 UTC,15292.8928322075
2017-12-16 00:00:00 UTC,16727.6799060356
2017-12-17 00:00:00 UTC,16543.8790068916
2017-12-18 00:00:00 UTC,16284.1338710923
2017-12-19 00:00:00 UTC,15351.9899944755
2017-12-20 00:00:00 UTC,14362.003486777
2017-12-21 00:00:00 UTC,13789.5756500301
2017-12-22 00:00:00 UTC,11877.9159634748
2017-12-23 00:00:00 UTC,12848.9355805419
2017-12-24 00:00:00 UTC,12188.3445798415
2017-12-25 00:00:00 UTC,12046.9663015902
2017-12-26 00:00:00 UTC,14012.6485785546
2017-12-27 00:00:00 UTC,13759.4625199226
2017-12-28 00:00:00 UTC,12618.2508050596
2017-12-29 00:00:00 UTC,12581.5179236998
2017-12-30 00:00:00 UTC,11345.8976447824
2017-12-31 00:00:00 UTC,12364.1244485488
2018-01-01 00:00:00 UTC,11732.6740014911
2018-01-02 00:00:00 UTC,12700.0130583046
2018-01-03 00:00:00 UTC,12977.1066683162
2018-01-04 00:00:00 UTC,13237.2333579981
2018-01-05 00:00:00 UTC,15243.9241595661
2018-01-06 00:00:00 UTC,15249.5268786691
2018-01-07 00:00:00 UTC,14154.665422882
2018-01-08 00:00:00 UTC,13284.2143631365
2018-01-09 00:00:00 UTC,13078.5995734677
2018-01-10 00:00:00 UTC,12969.192883987
2018-01-11 00:00:00 UTC,11677.8780180684
2018-01-12 00:00:00 UTC,12109.691298658
2018-01-13 00:00:00 UTC,12454.0209951376
2018-01-14 00:00:00 UTC,11869.4276805703
2018-01-15 00:00:00 UTC,11751.4420462371
2018-01-16 00:00:00 UTC,9556.40811287864
2018-01-17 00:00:00 UTC,9366.0901054794
2018-01-18 00:00:00 UTC,9456.15382303141
2018-01-19 00:00:00 UTC,9621.53215010582
2018-01-20 00:00:00 UTC,10850.4025427874
2018-01-21 00:00:00 UTC,9548.31614586912
2018-01-22 00:00:00 UTC,8968.20724509735
2018-01-23 00:00:00 UTC,8851.04891556201
2018-01-24 00:00:00 UTC,9100.77919065992
2018-01-25 00:00:00 UTC,9060.92437030767
2018-01-26 00:00:00 UTC,8885.90399450501
2018-01-27 00:00:00 UTC,9216.81017113986
2018-01-28 00:00:00 UTC,9387.03634873122
2018-01-29 00:00:00 UTC,9013.74108716599
2018-01-30 00:05:18 UTC,8959.99286805763
2018-01-31 00:00:00 UTC,8055.03650601209
2018-02-01 00:00:00 UTC,8143.57445922889
2018-02-02 00:00:00 UTC,7251.90908177416
2018-02-03 00:00:00 UTC,7088.19300360867
2018-02-04 00:00:00 UTC,7217.56466311422
2018-02-05 00:00:00 UTC,6688.54491664921
2018-02-06 00:00:00 UTC,5536.52710254305
2018-02-07 00:00:00 UTC,6226.75643707764
2018-02-08 00:05:28 UTC,6207.01699839762
2018-02-09 00:00:00 UTC,6694.19724634418
2018-02-10 00:00:00 UTC,7061.23405470597
2018-02-11 00:00:00 UTC,7002.33899992027
2018-02-12 00:00:00 UTC,6670.18286547319
2018-02-13 00:00:00 UTC,7247.11468788773
2018-02-14 00:00:00 UTC,6895.84547486329
2018-02-15 00:00:00 UTC,7569.97860457907
2018-02-16 00:00:00 UTC,8089.08319448347
2018-02-17 00:00:00 UTC,8184.7877167798
2018-02-18 00:00:00 UTC,8870.97280221634
2018-02-19 00:00:00 UTC,8472.63392611578
2018-02-20 00:00:00 UTC,8953.04326918952
2018-02-21 00:00:00 UTC,9323.86134356899
2018-02-22 00:00:00 UTC,8089.55064736539
2018-02-23 00:00:00 UTC,8133.5016650694
2018-02-24 00:00:00 UTC,8378.21288296471
2018-02-25 00:00:00 UTC,7924.05946947958
2018-02-26 00:00:00 UTC,7891.86666198219
2018-02-27 00:00:00 UTC,8411.28726650357
2018-02-28 00:00:00 UTC,8751.71222585105
2018-03-01 00:00:00 UTC,8485.22748328728
2018-03-02 00:00:00 UTC,8851.57755543795
2018-03-03 00:00:00 UTC,9009.5844130872
2018-03-04 00:00:00 UTC,9218.72101182167
2018-03-05 00:00:00 UTC,9148.76535315098
2018-03-06 00:00:00 UTC,9341.71463358423
2018-03-07 00:00:00 UTC,8641.67964139834
2018-03-08 00:00:00 UTC,8055.04423298525
2018-03-09 00:00:00 UTC,7654.74606514502
2018-03-10 00:00:00 UTC,7537.1448845156
2018-03-11 00:00:00 UTC,7223.9440470023
2018-03-12 00:00:00 UTC,7725.9597801293
2018-03-13 00:00:00 UTC,7482.87729793053
2018-03-14 00:00:00 UTC,7436.58843147658
2018-03-15 00:00:00 UTC,6715.99966829721
2018-03-16 00:00:00 UTC,6793.38866608186
2018-03-17 00:00:00 UTC,6928.93923548732
2018-03-18 00:00:00 UTC,6557.60833049275
2018-03-19 00:00:00 UTC,6691.62454658436
2018-03-20 00:00:00 UTC,7001.8551815185
2018-03-21 00:00:00 UTC,7289.28454437713
2018-03-22 00:00:00 UTC,7265.57178041597
2018-03-23 00:00:00 UTC,7087.48031903868
2018-03-24 00:00:00 UTC,7139.93393722785
2018-03-25 00:00:00 UTC,6977.09733617428
2018-03-26 00:00:00 UTC,6861.67710530826
2018-03-27 00:00:00 UTC,6571.81270965822
2018-03-28 00:00:00 UTC,6316.61909598089
2018-03-29 00:00:00 UTC,6444.42456248507
2018-03-30 00:00:00 UTC,5793.15377243992
2018-03-31 00:00:00 UTC,5594.0986527668
2018-04-01 00:00:00 UTC,5657.63883192693
2018-04-02 00:00:00 UTC,5551.80947268954
2018-04-03 00:00:00 UTC,5759.3883871942
2018-04-04 00:00:00 UTC,6079.49410793449
2018-04-05 00:00:00 UTC,5572.17619541834
2018-04-06 00:00:00 UTC,5596.90387792705
2018-04-07 00:00:00 UTC,5394.61295126494
2018-04-08 00:00:00 UTC,5602.72526343649
2018-04-09 00:00:00 UTC,5693.0803046604
2018-04-10 00:00:00 UTC,5500.64423174426
2018-04-11 00:00:00 UTC,5523.63314006776
2018-04-12 00:00:00 UTC,5597.28293886394
2018-04-13 00:00:00 UTC,6356.18780219974
2018-04-14 00:00:00 UTC,6358.19810162186
2018-04-15 00:00:00 UTC,6400.31223196737
2018-04-16 00:00:00 UTC,6696.69782404869
2018-04-17 00:00:00 UTC,6485.52179498165
2018-04-18 00:00:00 UTC,6363.61394470406
2018-04-19 00:00:00 UTC,6541.30498157467
2018-04-20 00:00:00 UTC,6705.43842441534
2018-04-21 00:00:00 UTC,6903.040810828
2018-04-22 00:00:00 UTC,7214.42435732407
2018-04-23 00:00:00 UTC,7144.69283076301
2018-04-24 00:00:00 UTC,7273.93085699255
2018-04-25 00:00:00 UTC,7939.90733712086
2018-04-26 00:00:00 UTC,7251.00700411944
2018-04-27 00:00:00 UTC,7615.78749074409
2018-04-28 00:00:00 UTC,7360.43697012608
2018-04-29 00:00:00 UTC,7615.05969381546
2018-04-30 00:00:00 UTC,7693.29875384611
2018-05-01 00:00:00 UTC,7612.81716060281
2018-05-02 00:00:00 UTC,7526.05040442131
2018-05-03 00:00:00 UTC,7634.62059013229
2018-05-04 00:00:00 UTC,7966.85973747061
2018-05-05 00:00:00 UTC,8049.31947896192
2018-05-06 00:00:00 UTC,8157.91004488511
2018-05-07 00:00:00 UTC,8014.94402140407
2018-05-08 00:00:00 UTC,7800.11200145932
2018-05-09 00:00:00 UTC,7709.75885644101
2018-05-10 00:00:00 UTC,7807.75963986333
2018-05-11 00:00:00 UTC,7528.16597938797
2018-05-12 00:00:00 UTC,7029.57029903912
2018-05-13 00:00:00 UTC,7090.48604377296
2018-05-14 00:00:00 UTC,7264.6060262116
2018-05-15 00:00:00 UTC,7288.91651869781
2018-05-16 00:00:00 UTC,7164.91957071274
2018-05-17 00:00:00 UTC,7060.76184574524
2018-05-18 00:00:00 UTC,6832.05675059129
2018-05-19 00:00:00 UTC,6957.71854063622
2018-05-20 00:00:00 UTC,6938.31699218853
2018-05-21 00:00:00 UTC,7175.28519522483
2018-05-22 00:00:00 UTC,7086.85828205926
2018-05-23 00:00:00 UTC,6794.13659491322
2018-05-24 00:00:00 UTC,6452.84454222493
2018-05-25 00:00:00 UTC,6451.96593349015
2018-05-26 00:00:00 UTC,6410.17346981421
2018-05-27 00:00:00 UTC,6287.36572071972
2018-05-28 00:00:00 UTC,6268.65457528505
2018-05-29 00:00:00 UTC,6114.68016908306
2018-05-30 00:00:00 UTC,6458.39158435388
2018-05-31 00:00:00 UTC,6325.93596797257
2018-06-01 00:00:00 UTC,6378.50988363779
2018-06-02 00:00:00 UTC,6416.49926375224
2018-06-03 00:00:00 UTC,6485.9791236006
2018-06-04 00:00:00 UTC,6548.98105963373
2018-06-05 00:00:00 UTC,6379.64867130206
2018-06-06 00:00:00 UTC,6453.97486533886
2018-06-07 00:00:00 UTC,6455.7747382787
2018-06-08 00:00:00 UTC,6456.07208560492
2018-06-09 00:00:00 UTC,6418.37145609124
2018-06-10 00:00:00 UTC,6296.97488572712
2018-06-11 00:00:00 UTC,5742.16240514467
2018-06-12 00:00:00 UTC,5843.24934695296
2018-06-13 00:00:00 UTC,5602.55736688324
2018-06-14 00:00:00 UTC,5365.95089087565
2018-06-15 00:00:00 UTC,5745.77635313867
2018-06-16 00:00:00 UTC,5513.5059425968
2018-06-17 00:00:00 UTC,5575.47462000085
2018-06-18 00:00:00 UTC,5537.78581292838
2018-06-19 00:00:00 UTC,5739.10624613371
2018-06-20 00:00:00 UTC,5787.70727130613
2018-06-21 00:00:00 UTC,5799.5820908903
2018-06-22 00:00:00 UTC,5764.79421849685
2018-06-23 00:00:00 UTC,5218.85631194245
2018-06-24 00:00:00 UTC,5288.16399790537
2018-06-25 00:00:00 UTC,5281.93659926409
2018-06-26 00:00:00 UTC,5333.72214263943
2018-06-27 00:00:00 UTC,5210.1479899741
2018-06-28 00:00:00 UTC,5290.6737269739
2018-06-29 00:00:00 UTC,5084.69106567308
2018-06-30 00:00:00 UTC,5283.29479420747
2018-07-01 00:00:00 UTC,5440.17379498813
2018-07-02 00:00:00 UTC,5406.72684365228
2018-07-03 00:00:00 UTC,5665.52237732399
2018-07-04 00:00:00 UTC,5573.1992541619
2018-07-05 00:00:00 UTC,5626.72011208594
2018-07-06 00:00:00 UTC,5590.10187002119
2018-07-07 00:00:00 UTC,5618.14916708082
2018-07-08 00:00:00 UTC,5751.33614300569
2018-07-09 00:00:00 UTC,5701.72484374144
2018-07-10 00:00:00 UTC,5655.75183535651
2018-07-11 00:00:00 UTC,5375.23937875125
2018-07-12 00:00:00 UTC,5458.10201908451
2018-07-13 00:00:00 UTC,5341.04260407394
2018-07-14 00:00:00 UTC,5341.34871708725
2018-07-15 00:00:00 UTC,5338.57364571704
2018-07-16 00:00:00 UTC,5437.5493303756
2018-07-17 00:00:00 UTC,5759.15103230133
2018-07-18 00:00:00 UTC,6267.91543412412
2018-07-19 00:00:00 UTC,6298.91828505473
2018-07-20 00:00:00 UTC,6385.8560486394
2018-07-21 00:00:00 UTC,6249.72394576689
2018-07-22 00:00:00 UTC,6291.36388830813
2018-07-23 00:00:00 UTC,6299.44400256642
2018-07-24 00:00:00 UTC,6589.82853930967
2018-07-25 00:00:00 UTC,7208.17080906544
2018-07-26 00:00:00 UTC,6938.94780830914
2018-07-27 00:00:00 UTC,6809.66769414956
2018-07-28 00:00:00 UTC,6978.2291051265
2018-07-29 00:00:00 UTC,7018.62045502761
2018-07-30 00:00:00 UTC,7031.37932093815
2018-07-31 00:00:00 UTC,6991.89812330613
2018-08-01 00:00:00 UTC,6620.02585057768
2018-08-02 00:00:00 UTC,6526.60397098981
2018-08-03 00:00:00 UTC,6508.75028838724
2018-08-04 00:00:00 UTC,6400.12215460249
2018-08-05 00:00:00 UTC,6052.42205242429
2018-08-06 00:00:00 UTC,6086.0126668835
2018-08-07 00:00:00 UTC,5991.88059095229
2018-08-08 00:00:00 UTC,5784.37906529372
2018-08-09 00:00:00 UTC,5391.75060469325
2018-08-10 00:00:00 UTC,5668.04062742317
2018-08-11 00:00:00 UTC,5399.12740709157
2018-08-12 00:00:00 UTC,5432.94801402331
2018-08-13 00:00:00 UTC,5542.7026855644
2018-08-14 00:00:00 UTC,5511.07099575625
2018-08-15 00:00:00 UTC,5475.13920817697
2018-08-16 00:00:00 UTC,5526.40449036259
2018-08-17 00:00:00 UTC,5547.44493814511
2018-08-18 00:00:00 UTC,5734.87652005655
2018-08-19 00:00:00 UTC,5573.61306599105
2018-08-20 00:00:00 UTC,5661.14236724804
2018-08-21 00:00:00 UTC,5433.66753097041
2018-08-22 00:00:00 UTC,5587.63870045506
2018-08-23 00:00:00 UTC,5468.16688422783
2018-08-24 00:00:00 UTC,5650.02740708222
2018-08-25 00:00:00 UTC,5748.56606401775
2018-08-26 00:00:00 UTC,5792.99100946416
2018-08-27 00:00:00 UTC,5781.28146625897
2018-08-28 00:00:00 UTC,5916.22993339022
2018-08-29 00:00:00 UTC,6053.15707988056
2018-08-30 00:00:00 UTC,6018.80444459607
2018-08-31 00:00:00 UTC,6022.6705943801
2018-09-01 00:00:00 UTC,6052.19605782088
2018-09-02 00:00:00 UTC,6210.34638528863
2018-09-03 00:00:00 UTC,6298.54776684303
2018-09-04 00:00:00 UTC,6251.04462913496
2018-09-05 00:00:00 UTC,6351.97458758084
2018-09-06 00:00:00 UTC,5814.85369274204
2018-09-07 00:00:00 UTC,5591.49667890688
2018-09-08 00:00:00 UTC,5533.47354087078
2018-09-09 00:00:00 UTC,5346.11508045551
2018-09-10 00:00:00 UTC,5416.18763372465
2018-09-11 00:00:00 UTC,5440.39466686384
2018-09-12 00:00:00 UTC,5413.09207922919
2018-09-13 00:00:00 UTC,5445.18645566705
2018-09-14 00:00:00 UTC,5547.80576785936
2018-09-15 00:00:00 UTC,5589.23053749975
2018-09-16 00:00:00 UTC,5615.20655922426
2018-09-17 00:00:00 UTC,5596.4927789077
2018-09-18 00:00:00 UTC,5356.4043212894
2018-09-19 00:00:00 UTC,5434.34800237916
2018-09-20 00:00:00 UTC,5468.72571682827
2018-09-21 00:00:00 UTC,5513.34390405276
2018-09-22 00:00:00 UTC,5744.13621855535
2018-09-23 00:00:00 UTC,5738.3508631025
2018-09-24 00:00:00 UTC,5712.02560761862
2018-09-25 00:00:00 UTC,5612.18787824738
2018-09-26 00:00:00 UTC,5475.37246532295
2018-09-27 00:00:00 UTC,5500.05235788966
2018-09-28 00:00:00 UTC,5762.15692286503
2018-09-29 00:00:00 UTC,5713.86044869019
2018-09-30 00:00:00 UTC,5689.15075261749
2018-10-01 00:00:00 UTC,5709.44487355547
2018-10-02 00:00:00 UTC,5699.36640532046
2018-10-03 00:00:00 UTC,5647.79176782317
2018-10-04 00:00:00 UTC,5663.76270249282
2018-10-05 00:00:00 UTC,5712.39204023099
2018-10-06 00:00:00 UTC,5743.88177320053
2018-10-07 00:00:00 UTC,5716.06566135643
2018-10-08 00:00:00 UTC,5714.58732053724
2018-10-09 00:00:00 UTC,5789.57166482825
2018-10-10 00:00:00 UTC,5765.31544266799
2018-10-11 00:00:00 UTC,5708.28530008084
2018-10-12 00:00:00 UTC,5378.81290128236
2018-10-13 00:00:00 UTC,5435.15225222703
2018-10-14 00:00:00 UTC,5460.4796625102
2018-10-15 00:00:00 UTC,5477.99700028579
2018-10-16 00:00:00 UTC,5749.94337757096
2018-10-17 00:00:00 UTC,5733.57796744299
2018-10-18 00:00:00 UTC,5770.40128308052
2018-10-19 00:00:00 UTC,5688.4054672207
2018-10-20 00:00:00 UTC,5624.33156035061
2018-10-21 00:00:00 UTC,5666.70685523293
2018-10-22 00:00:00 UTC,5673.42786179846
2018-10-23 00:00:00 UTC,5680.69698322031
2018-10-24 00:00:00 UTC,5642.08702499451
2018-10-25 00:00:00 UTC,5688.11489419617
2018-10-26 00:00:00 UTC,5677.78365833804
2018-10-27 00:00:00 UTC,5668.63259619737
2018-10-28 00:00:00 UTC,5658.32048201409
2018-10-29 00:00:00 UTC,5686.29163849495
2018-10-30 00:00:00 UTC,5532.14366643939
2018-10-31 00:00:00 UTC,5581.36435516356
2018-11-01 00:00:00 UTC,5626.59526353868
2018-11-02 00:00:00 UTC,5594.79607845663
2018-11-03 00:00:00 UTC,5642.82279822592
2018-11-04 00:00:00 UTC,5610.10827209154
2018-11-05 00:00:00 UTC,5571.53259841104
2018-11-06 00:00:00 UTC,5622.84745263288
2018-11-07 00:00:00 UTC,5661.28272830589
2018-11-08 00:00:00 UTC,5750.26851387221
2018-11-09 00:00:00 UTC,5709.17273300104
2018-11-10 00:00:00 UTC,5657.14175769938
2018-11-11 00:00:00 UTC,5671.81372448867
2018-11-12 00:00:00 UTC,5681.93013329165
2018-11-13 00:00:00 UTC,5712.63131602065
2018-11-14 00:00:00 UTC,5652.66681742441
2018-11-15 00:00:00 UTC,5116.71087602545
2018-11-16 00:00:00 UTC,5021.67642855607
2018-11-17 00:00:00 UTC,4912.16178259457
2018-11-18 00:00:00 UTC,4903.77199950469
2018-11-19 00:00:00 UTC,4941.32303847377
2018-11-20 00:00:00 UTC,4268.73909411023
2018-11-21 00:00:00 UTC,3913.91559661194
2018-11-22 00:00:00 UTC,4051.58114351239
2018-11-23 00:00:00 UTC,3777.25255617243
2018-11-24 00:00:00 UTC,3859.88304996062
2018-11-25 00:00:00 UTC,3435.6410894282
2018-11-26 00:00:00 UTC,3563.67717620107
2018-11-27 00:00:00 UTC,3363.31349680124
2018-11-28 00:00:00 UTC,3392.72080109853
2018-11-29 00:00:00 UTC,3753.51870298373
2018-11-30 00:00:00 UTC,3756.91310741818
2018-12-01 00:00:00 UTC,3542.60084067207
2018-12-02 00:00:00 UTC,3700.7092118893
2018-12-03 00:00:00 UTC,3636.4066562258
2018-12-04 00:00:00 UTC,3415.80667997026
2018-12-05 00:00:00 UTC,3476.53084893393
2018-12-06 00:00:00 UTC,3306.39614352023
2018-12-07 00:00:00 UTC,3047.30277007467
2018-12-08 00:00:00 UTC,2993.99601735643
2018-12-09 00:00:00 UTC,3008.21025741812
2018-12-10 00:00:00 UTC,3114.03515422074
2018-12-11 00:00:00 UTC,3023.58851509516
2018-12-12 00:00:00 UTC,2983.77197127617
2018-12-13 00:00:00 UTC,3022.89448004918
2018-12-14 00:00:00 UTC,2899.62575455627
2018-12-15 00:00:00 UTC,2844.43443901924
2018-12-16 00:00:00 UTC,2849.16455915757
2018-12-17 00:00:00 UTC,2844.92459347512
2018-12-18 00:00:00 UTC,3089.18405550301
2018-12-19 00:00:00 UTC,3213.62733282401
2018-12-20 00:00:00 UTC,3238.49034205002
2018-12-21 00:00:00 UTC,3548.28923085019
2018-12-22 00:00:00 UTC,3382.63785142852
2018-12-23 00:00:00 UTC,3482.92329993503
2018-12-24 00:00:00 UTC,3465.50185008912
2018-12-25 00:00:00 UTC,3528.21855567715
2018-12-26 00:00:00 UTC,3293.54779104903
2018-12-27 00:00:00 UTC,3328.58339764463
2018-12-28 00:00:00 UTC,3138.02107580222
2018-12-29 00:00:00 UTC,3368.95290539653
2018-12-30 00:00:00 UTC,3302.32663496656
2018-12-31 00:00:00 UTC,3330.37679372877
2019-01-01 00:00:00 UTC,3213.27050857211
2019-01-02 00:00:00 UTC,3310.18822598335
2019-01-03 00:00:00 UTC,3418.96927960926
2019-01-04 00:00:00 UTC,3314.65670141312
2019-01-05 00:00:00 UTC,3348.04653555213
2019-01-06 00:00:00 UTC,3323.49520040156
2019-01-07 00:00:00 UTC,3517.62961641714
2019-01-08 00:00:00 UTC,3475.4203681916
2019-01-09 00:00:00 UTC,3470.03392928335
2019-01-10 00:00:00 UTC,3447.49659942258
2019-01-11 00:00:00 UTC,3149.50055675667
2019-01-12 00:00:00 UTC,3168.2260443883
2019-01-13 00:00:00 UTC,3137.38668965864
2019-01-14 00:00:00 UTC,3050.33043321904
2019-01-15 00:00:00 UTC,3179.54403652277
2019-01-16 00:00:00 UTC,3126.10744929115
2019-01-17 00:00:00 UTC,3156.40667206519
2019-01-18 00:00:00 UTC,3178.25114186261
2019-01-19 00:00:00 UTC,3164.9787235822
2019-01-20 00:00:00 UTC,3232.53442217317
2019-01-21 00:00:00 UTC,3113.65695795149
2019-01-22 00:00:00 UTC,3105.835969149
2019-01-23 00:00:00 UTC,3142.68273771955
2019-01-24 00:00:00 UTC,3122.88241971555
2019-01-25 00:00:00 UTC,3152.3662680719
2019-01-26 00:00:00 UTC,3126.35282462913
2019-01-27 00:00:00 UTC,3124.19594244762
2019-01-28 00:00:00 UTC,3113.08532653026
2019-01-29 00:00:00 UTC,3002.89353921612
2019-01-30 00:00:00 UTC,2984.84325820521
2019-01-31 00:00:00 UTC,3010.70580710191
2019-02-01 00:00:00 UTC,2997.97093291285
2019-02-02 00:00:00 UTC,3023.77582038092
2019-02-03 00:00:00 UTC,3043.05705543546
2019-02-04 00:00:00 UTC,3015.10896374695
2019-02-05 00:00:00 UTC,3028.42931564637
2019-02-06 00:00:00 UTC,3041.88316866154
2019-02-07 00:00:00 UTC,2996.26794950629
2019-02-08 00:00:00 UTC,2993.36140522091
2019-02-09 00:00:00 UTC,3234.85389020208
2019-02-10 00:00:00 UTC,3237.61368757302
2019-02-11 00:00:00 UTC,3245.62468144225
2019-02-12 00:00:00 UTC,3219.93650737683
2019-02-13 00:00:00 UTC,3207.10134253008
2019-02-14 00:00:00 UTC,3205.18295895253
2019-02-15 00:00:00 UTC,3177.62967583631
2019-02-16 00:00:00 UTC,3187.91611710024
2019-02-17 00:00:00 UTC,3206.82680905165
2019-02-18 00:00:00 UTC,3245.00656391353
2019-02-19 00:00:00 UTC,3436.01032491686
2019-02-20 00:00:00 UTC,3452.48677826041
2019-02-21 00:00:00 UTC,3505.17925425919
2019-02-22 00:00:00 UTC,3469.84847594505
2019-02-23 00:00:00 UTC,3504.87085592691
2019-02-24 00:00:00 UTC,3629.85151156452
2019-02-25 00:00:00 UTC,3300.17363629151
2019-02-26 00:00:00 UTC,3366.26458876865
2019-02-27 00:00:00 UTC,3343.72434021588
2019-02-28 00:00:00 UTC,3351.15454422847
2019-03-01 00:00:00 UTC,3354.86917330874
2019-03-02 00:00:00 UTC,3356.43255940456
2019-03-03 00:00:00 UTC,3359.55412375098
2019-03-04 00:00:00 UTC,3346.64020473595
2019-03-05 00:00:00 UTC,3274.91593045919
2019-03-06 00:00:00 UTC,3407.15947429901
2019-03-07 00:00:00 UTC,3412.76872415978
2019-03-08 00:00:00 UTC,3457.37593407088
2019-03-09 00:00:00 UTC,3437.47808090984
2019-03-10 00:00:00 UTC,3508.4189372992
2019-03-11 00:00:00 UTC,3492.97656690345
2019-03-12 00:00:00 UTC,3428.91776176224
2019-03-13 00:00:00 UTC,3434.71321829387
2019-03-14 00:00:00 UTC,3410.96566235522
2019-03-15 00:00:00 UTC,3428.20343450062
2019-03-16 00:00:00 UTC,3463.43386947335
2019-03-17 00:00:00 UTC,3536.00205992739
2019-03-18 00:00:00 UTC,3516.68324782703
2019-03-19 00:00:00 UTC,3516.7419252553
2019-03-20 00:00:00 UTC,3535.10240452194
2019-03-21 00:00:00 UTC,3540.19160898644
2019-03-22 00:00:00 UTC,3501.33632976038
2019-03-23 00:00:00 UTC,3528.19926008003
2019-03-24 00:00:00 UTC,3545.69972008992
2019-03-25 00:00:00 UTC,3535.02904038991
2019-03-26 00:00:00 UTC,3471.0160736873
2019-03-27 00:00:00 UTC,3493.20914218512
2019-03-28 00:00:00 UTC,3586.89988230791
2019-03-29 00:00:00 UTC,3587.50401522201
2019-03-30 00:00:00 UTC,3656.47100011289
2019-03-31 00:00:00 UTC,3656.94645705066
2019-04-01 00:00:00 UTC,3655.81520630838
2019-04-02 00:00:00 UTC,3699.96622586709
2019-04-03 00:00:00 UTC,4339.91991075534
2019-04-04 00:00:00 UTC,4407.15185945393
2019-04-05 00:00:00 UTC,4365.1555789813
2019-04-06 00:00:00 UTC,4468.82713734058
2019-04-07 00:00:00 UTC,4492.80953352408
2019-04-08 00:00:00 UTC,4615.12565088925
2019-04-09 00:00:00 UTC,4678.15074456932
2019-04-10 00:00:00 UTC,4590.77621542334
2019-04-11 00:00:00 UTC,4707.539391904
2019-04-12 00:00:00 UTC,4482.65233553647
2019-04-13 00:00:00 UTC,4494.4239342876
2019-04-14 00:00:00 UTC,4486.04257330009
2019-04-15 00:00:00 UTC,4555.92808790604
2019-04-16 00:00:00 UTC,4458.69201823937
2019-04-17 00:00:00 UTC,4619.73302663747
2019-04-18 00:00:00 UTC,4619.57035957717
2019-04-19 00:00:00 UTC,4693.89912029386
2019-04-20 00:00:00 UTC,4695.52878789537
2019-04-21 00:00:00 UTC,4719.83606792555
2019-04-22 00:00:00 UTC,4723.50038421468
2019-04-23 00:00:00 UTC,4778.80907472208
2019-04-24 00:00:00 UTC,4951.82281116342
2019-04-25 00:00:00 UTC,4888.89964226881
2019-04-26 00:00:00 UTC,4671.06238333329
2019-04-27 00:00:00 UTC,4747.19753769123
2019-04-28 00:00:00 UTC,4712.02896951399
2019-04-29 00:00:00 UTC,4715.09805564998
2019-04-30 00:00:00 UTC,4648.84616516117
2019-05-01 00:00:00 UTC,4719.60918252891
2019-05-02 00:00:00 UTC,4780.79998784092
2019-05-03 00:00:00 UTC,4877.37404461056
2019-05-04 00:00:00 UTC,5114.21129277893
2019-05-05 00:00:00 UTC,5178.85861466392
2019-05-06 00:00:00 UTC,5137.25077079253
2019-05-07 00:00:00 UTC,5103.14228613326
2019-05-08 00:00:00 UTC,5220.04461641947
2019-05-09 00:00:00 UTC,5321.17633095822
2019-05-10 00:00:00 UTC,5497.8953536007
2019-05-11 00:00:00 UTC,5670.78209191271
2019-05-12 00:00:00 UTC,6461.30419203928
2019-05-13 00:00:00 UTC,6188.76224457661
2019-05-14 00:00:00 UTC,6951.32033065009
2019-05-15 00:00:00 UTC,7130.32557597406
2019-05-16 00:00:00 UTC,7310.24020358931
2019-05-17 00:00:00 UTC,7048.74541574585
2019-05-18 00:00:00 UTC,6578.04528389746
2019-05-19 00:00:00 UTC,6539.7808777389
2019-05-20 00:00:00 UTC,7316.07858038413
2019-05-21 00:00:00 UTC,7141.01325986687
2019-05-22 00:00:00 UTC,7128.91283748544
2019-05-23 00:00:00 UTC,6871.07602819977
2019-05-24 00:00:00 UTC,7028.88517435491
2019-05-25 00:00:00 UTC,7119.05287801207
2019-05-26 00:00:00 UTC,7172.28842491904
2019-05-27 00:00:00 UTC,7699.09649704843
2019-05-28 00:00:00 UTC,7876.22706753376
2019-05-29 00:00:00 UTC,7814.62491087685
2019-05-30 00:00:00 UTC,7766.9674555616
2019-05-31 00:00:00 UTC,7467.11122609838
2019-06-01 00:00:00 UTC,7661.31093915954
2019-06-02 00:00:00 UTC,7642.20634264285
2019-06-03 00:00:00 UTC,7825.39780223841
2019-06-04 00:00:00 UTC,7268.59910061403
2019-06-05 00:00:00 UTC,6826.95692008904
2019-06-06 00:00:00 UTC,6956.98570513898
2019-06-07 00:00:00 UTC,6935.38161574887
2019-06-08 00:00:00 UTC,7088.08847959056
2019-06-09 00:00:00 UTC,7005.55792472322
2019-06-10 00:00:00 UTC,6774.33611079233
2019-06-11 00:00:00 UTC,7070.94012006576
2019-06-12 00:00:00 UTC,6971.46397343862
2019-06-13 00:00:00 UTC,7211.52943970802
2019-06-14 00:00:00 UTC,7293.70792947908
2019-06-15 00:00:00 UTC,7722.06226365632
2019-06-16 00:00:00 UTC,7853.05995201828
2019-06-17 00:00:00 UTC,8006.85637026718
2019-06-18 00:00:00 UTC,8298.38961285032
2019-06-19 00:00:00 UTC,8121.83444533637
2019-06-20 00:00:00 UTC,8264.07722515082
2019-06-21 00:00:00 UTC,8453.6098486688
2019-06-22 00:00:00 UTC,8886.27717979355
2019-06-23 00:00:00 UTC,9401.41589290608
2019-06-24 00:00:00 UTC,9528.77643729466
2019-06-25 00:00:00 UTC,9689.34460261869
2019-06-26 00:00:00 UTC,10387.6308212174
2019-06-27 00:00:00 UTC,11426.1665299311
2019-06-28 00:00:00 UTC,9830.16493206623
2019-06-29 00:00:00 UTC,10855.1106057641
2019-06-30 00:00:00 UTC,10521.4819203538
2019-07-01 00:00:00 UTC,9579.65276716292
2019-07-02 00:00:00 UTC,9426.04606826955
2019-07-03 00:00:00 UTC,9585.72223278798
2019-07-04 00:00:00 UTC,10610.2949745496
2019-07-05 00:00:00 UTC,9950.4973910785
2019-07-06 00:00:00 UTC,9780.79399555804
2019-07-07 00:00:00 UTC,10042.6817928607
2019-07-08 00:00:00 UTC,10185.6283161328
2019-07-09 00:00:00 UTC,10929.6006549762
2019-07-10 00:00:00 UTC,11194.7033801964
2019-07-11 00:00:00 UTC,10806.4139553424
2019-07-12 00:00:00 UTC,10118.7799076225
2019-07-13 00:00:00 UTC,10463.6470924574
2019-07-14 00:00:00 UTC,10121.4488382906
2019-07-15 00:00:00 UTC,9124.88053390316
2019-07-16 00:00:00 UTC,9689.45999344666
2019-07-17 00:00:00 UTC,8506.55433051245
2019-07-18 00:00:00 UTC,8600.70722630685
2019-07-19 00:00:00 UTC,9446.363440119
2019-07-20 00:00:00 UTC,9383.86554563248
2019-07-21 00:00:00 UTC,9596.32898085637
2019-07-22 00:00:00 UTC,9455.33390605649
2019-07-23 00:00:00 UTC,9229.5392990083
2019-07-24 00:00:00 UTC,8909.75390198134
2019-07-25 00:00:00 UTC,8794.76962351928
2019-07-26 00:00:00 UTC,8862.18663098771
2019-07-27 00:00:00 UTC,8841.7075034765
2019-07-28 00:00:00 UTC,8484.01520446915
2019-07-29 00:00:00 UTC,8566.32938764064
2019-07-30 00:00:00 UTC,8534.80665372782
2019-07-31 00:00:00 UTC,8575.02313900571
2019-08-01 00:00:00 UTC,9090.4580096354
2019-08-02 00:00:00 UTC,9350.93902170484
2019-08-03 00:00:00 UTC,9464.67262758672
2019-08-04 00:00:00 UTC,9700.21015026759
2019-08-05 00:00:00 UTC,9859.71992950648
2019-08-06 00:00:00 UTC,10514.6821574278
2019-08-07 00:00:00 UTC,10272.407142187
2019-08-08 00:00:00 UTC,10682.6267740353
2019-08-09 00:00:00 UTC,10747.4918501371
2019-08-10 00:00:00 UTC,10507.1299287391
2019-08-11 00:00:00 UTC,10041.9739125427
2019-08-12 00:00:00 UTC,10304.6775317594
2019-08-13 00:00:00 UTC,10146.8774432071
2019-08-14 00:00:00 UTC,9755.74000164497
2019-08-15 00:00:00 UTC,8987.66204178801
2019-08-16 00:00:00 UTC,9266.80422247578
2019-08-17 00:00:00 UTC,9305.91672935068
2019-08-18 00:00:00 UTC,9215.08832028913
2019-08-19 00:00:00 UTC,9294.45309971392
2019-08-20 00:00:00 UTC,9834.35551568283
2019-08-21 00:00:00 UTC,9680.43350980725
2019-08-22 00:00:00 UTC,9127.89138212757
2019-08-23 00:00:00 UTC,9136.55268093778
2019-08-24 00:00:00 UTC,9251.41149740221
2019-08-25 00:00:00 UTC,9028.77704658981
2019-08-26 00:00:00 UTC,9053.11603792383
2019-08-27 00:00:00 UTC,9309.01682923719
2019-08-28 00:00:00 UTC,9167.27756303777
2019-08-29 00:00:00 UTC,8798.42559706905
2019-08-30 00:00:00 UTC,8576.11392514988
2019-08-31 00:00:00 UTC,8709.67734811942
2019-09-01 00:00:00 UTC,8725.3401098396
2019-09-02 00:00:00 UTC,8851.08320324696
2019-09-03 00:00:00 UTC,9416.5786866156
2019-09-04 00:00:00 UTC,9678.3052193736
2019-09-05 00:00:00 UTC,9581.35995571903
2019-09-06 00:00:00 UTC,9580.44116608106
2019-09-07 00:00:00 UTC,9300.25087814021
2019-09-08 00:00:00 UTC,9402.36833115679
2019-09-09 00:00:00 UTC,9438.62443647437
2019-09-10 00:00:00 UTC,9343.60861326418
2019-09-11 00:00:00 UTC,9160.35666165128
2019-09-12 00:00:00 UTC,9216.84470146242
2019-09-13 00:00:00 UTC,9403.03243744353
2019-09-14 00:00:00 UTC,9304.53076841012
2019-09-15 00:00:00 UTC,9299.07243447125
2019-09-16 00:00:00 UTC,9297.37808185989
2019-09-17 00:00:00 UTC,9332.80418554903
2019-09-18 00:00:00 UTC,9212.36305124139
2019-09-19 00:00:00 UTC,9210.85053152355
2019-09-20 00:00:00 UTC,9282.68190455785
2019-09-21 00:00:00 UTC,9236.58038923358
2019-09-22 00:00:00 UTC,9072.10899619765
2019-09-23 00:00:00 UTC,9113.05591640653
2019-09-24 00:00:00 UTC,8823.52324812663
2019-09-25 00:00:00 UTC,7901.17620666796
2019-09-26 00:00:00 UTC,7710.29752702844
2019-09-27 00:00:00 UTC,7415.21357997127
2019-09-28 00:00:00 UTC,7479.33460897063
2019-09-29 00:00:00 UTC,7518.3842133713
2019-09-30 00:00:00 UTC,7369.10231252173
2019-10-01 00:00:00 UTC,7588.71912019979
2019-10-02 00:00:00 UTC,7633.35553491418
2019-10-03 00:00:00 UTC,7618.32658045633
2019-10-04 00:00:00 UTC,7446.77855136314
2019-10-05 00:00:00 UTC,7428.71331405174
2019-10-06 00:00:00 UTC,7414.37706194621
2019-10-07 00:00:00 UTC,7183.45871774118
2019-10-08 00:00:00 UTC,7456.91953611206
2019-10-09 00:00:00 UTC,7463.79262437315
2019-10-10 00:00:00 UTC,7802.9678180633
2019-10-11 00:00:00 UTC,7776.28246089987
2019-10-12 00:00:00 UTC,7498.73726428092
2019-10-13 00:00:00 UTC,7529.0533059785
2019-10-14 00:00:00 UTC,7516.90780466878
2019-10-15 00:00:00 UTC,7570.60435795895
2019-10-16 00:00:00 UTC,7409.1224935888
2019-10-17 00:00:00 UTC,7232.51785874052
2019-10-18 00:00:00 UTC,7263.40590591055
2019-10-19 00:00:00 UTC,7123.88888773296
2019-10-20 00:00:00 UTC,7117.16382840244
2019-10-21 00:00:00 UTC,7358.13221303432
2019-10-22 00:00:00 UTC,7372.14979738435
2019-10-23 00:00:00 UTC,7229.50141018101
2019-10-24 00:00:00 UTC,6708.58694166384
2019-10-25 00:00:00 UTC,6694.74627502759
2019-10-26 00:00:00 UTC,7808.51766616559
2019-10-27 00:00:00 UTC,8318.42647715706
2019-10-28 00:00:00 UTC,8573.12163208908
2019-10-29 00:00:00 UTC,8325.14745268549
2019-10-30 00:00:00 UTC,8465.39341401812
2019-10-31 00:00:00 UTC,8224.01627840754
2019-11-01 00:00:00 UTC,8203.69556647374
2019-11-02 00:00:00 UTC,8267.56178430272
2019-11-03 00:00:00 UTC,8330.27907555352
2019-11-04 00:00:00 UTC,8242.03343822968
2019-11-05 00:00:00 UTC,8428.64078791525
2019-11-06 00:00:00 UTC,8397.25184899143
2019-11-07 00:00:00 UTC,8437.41700983805
2019-11-08 00:00:00 UTC,8342.60052763597
2019-11-09 00:00:00 UTC,7982.30207066891
2019-11-10 00:00:00 UTC,7995.12535799431
2019-11-11 00:00:00 UTC,8204.73693942785
2019-11-12 00:00:00 UTC,7911.2432228195
2019-11-13 00:00:00 UTC,7996.32825975426
2019-11-14 00:00:00 UTC,7966.23710013289
2019-11-15 00:00:00 UTC,7851.23708771629
2019-11-16 00:00:00 UTC,7673.28464787007
2019-11-17 00:00:00 UTC,7688.12511539928
2019-11-18 00:00:00 UTC,7696.84814753927
2019-11-19 00:00:00 UTC,7407.62706639888
2019-11-20 00:00:00 UTC,7346.92329015761
2019-11-21 00:00:00 UTC,7307.58739256972
2019-11-22 00:00:00 UTC,6897.38629714918
2019-11-23 00:00:00 UTC,6617.1995185583
2019-11-24 00:00:00 UTC,6632.329580122
2019-11-25 00:00:00 UTC,6292.9204999376
2019-11-26 00:00:00 UTC,6465.05018810374
2019-11-27 00:00:00 UTC,6493.84526067283
2019-11-28 00:00:00 UTC,6798.78113847523
2019-11-29 00:00:00 UTC,6755.7562908863
2019-11-30 00:00:00 UTC,7007.24862086504
2019-12-01 00:00:00 UTC,6858.1335541033
2019-12-02 00:00:00 UTC,6721.50436950727
2019-12-03 00:00:00 UTC,6598.50549693113
2019-12-04 00:00:00 UTC,6574.39842241066
2019-12-05 00:00:00 UTC,6504.55502394242
2019-12-06 00:00:00 UTC,6640.09113996918
2019-12-07 00:00:00 UTC,6809.91980954481
2019-12-08 00:00:00 UTC,6776.12063500464
2019-12-09 00:00:00 UTC,6789.0640779296
2019-12-10 00:00:00 UTC,6640.36954912678
2019-12-11 00:00:00 UTC,6521.2472172743
2019-12-12 00:00:00 UTC,6464.65680073791
2019-12-13 00:00:00 UTC,6437.04323593967
2019-12-14 00:00:00 UTC,6517.1072630993
2019-12-15 00:00:00 UTC,6368.18410714515
2019-12-16 00:00:00 UTC,6389.92284309139
2019-12-17 00:00:00 UTC,6196.77229605221
2019-12-18 00:00:00 UTC,5943.13993561353
2019-12-19 00:00:00 UTC,6544.59271429835
2019-12-20 00:00:00 UTC,6430.42206100825
2019-12-21 00:00:00 UTC,6486.69114660757
2019-12-22 00:00:00 UTC,6447.0743549728
2019-12-23 00:00:00 UTC,6758.62870950622
2019-12-24 00:00:00 UTC,6612.4255985094
2019-12-25 00:00:00 UTC,6553.28160300681
2019-12-26 00:00:00 UTC,6493.47762933216
2019-12-27 00:00:00 UTC,6494.43798252027
2019-12-28 00:00:00 UTC,6485.7462600977
2019-12-29 00:00:00 UTC,6539.67507841134
2019-12-30 00:00:00 UTC,6611.74098712181
2019-12-31 00:00:00 UTC,6462.80684707598
2020-01-01 00:00:00 UTC,6412.84639784161
2020-01-02 00:00:00 UTC,6412.44816722762
2020-01-03 00:00:00 UTC,6234.20169111315
2020-01-04 00:00:00 UTC,6541.82628803304
2020-01-05 00:00:00 UTC,6587.55427458851
2020-01-06 00:00:00 UTC,6585.06798616825
2020-01-07 00:00:00 UTC,6908.87514966696
2020-01-08 00:00:00 UTC,7307.84039222842
2020-01-09 00:00:00 UTC,7240.40563322122
2020-01-10 00:00:00 UTC,7051.27062568058
2020-01-11 00:00:00 UTC,7355.91744228758
2020-01-12 00:00:00 UTC,7203.8185560593
2020-01-13 00:00:00 UTC,7350.56759345308
2020-01-14 00:00:00 UTC,7282.90767583837
2020-01-15 00:00:00 UTC,7910.12723492112
2020-01-16 00:00:00 UTC,7909.77978194821
2020-01-17 00:00:00 UTC,7829.52815638028
2020-01-18 00:00:00 UTC,8027.13487307985
2020-01-19 00:00:00 UTC,8030.89098324461
2020-01-20 00:00:00 UTC,7833.23095320929
2020-01-21 00:00:00 UTC,7778.07176345578
2020-01-22 00:00:00 UTC,7870.65887974649
2020-01-23 00:00:00 UTC,7810.33159941381
2020-01-24 00:00:00 UTC,7613.07382232772
2020-01-25 00:00:00 UTC,7648.16464784127
2020-01-26 00:00:00 UTC,7572.21471222996
2020-01-27 00:00:00 UTC,7796.22241799368
2020-01-28 00:00:00 UTC,8057.80166507638
2020-01-29 00:00:00 UTC,8456.00284513484
2020-01-30 00:00:00 UTC,8423.04851379369
2020-01-31 00:00:00 UTC,8621.67492415871
2020-02-01 00:00:00 UTC,8389.34542731925
2020-02-02 00:00:00 UTC,8439.67322393858
2020-02-03 00:00:00 UTC,8421.00124360104
2020-02-04 00:00:00 UTC,8414.07485095806
2020-02-05 00:00:00 UTC,8311.45251345368
2020-02-06 00:00:00 UTC,8720.21599102509
2020-02-07 00:00:00 UTC,8874.3333407274
2020-02-08 00:00:00 UTC,8952.95249931363
2020-02-09 00:00:00 UTC,9035.66039054557
2020-02-10 00:00:00 UTC,9267.77436576357
2020-02-11 00:00:00 UTC,9064.06862902616
2020-02-12 00:00:00 UTC,9364.88796920242
2020-02-13 00:00:00 UTC,9498.45420154315
2020-02-14 00:00:00 UTC,9427.22170208128
2020-02-15 00:00:00 UTC,9528.78685066515
2020-02-16 00:00:00 UTC,9135.14704759717
2020-02-17 00:00:00 UTC,9172.10419306025
2020-02-18 00:00:00 UTC,8973.01078361787
2020-02-19 00:00:00 UTC,9385.33366265879
2020-02-20 00:00:00 UTC,8897.61527759577
2020-02-21 00:00:00 UTC,8906.05221836024
2020-02-22 00:00:00 UTC,8918.09126733005
2020-02-23 00:00:00 UTC,8904.36551127692
2020-02-24 00:00:00 UTC,9178.11347517493
2020-02-25 00:00:00 UTC,8912.83484692709
2020-02-26 00:00:00 UTC,8589.8651977266
2020-02-27 00:00:00 UTC,8086.45207444583
2020-02-28 00:00:00 UTC,7983.94994068177
2020-02-29 00:00:00 UTC,7905.16381389396
2020-03-01 00:00:00 UTC,7755.84197974071
2020-03-02 00:00:00 UTC,7752.92714460959
2020-03-03 00:00:00 UTC,7992.13321596489
2020-03-04 00:00:00 UTC,7834.79373154594
2020-03-05 00:00:00 UTC,7863.39940807679
2020-03-06 00:00:00 UTC,8050.15349292654
2020-03-07 00:00:00 UTC,8094.52317371661
2020-03-08 00:00:00 UTC,7887.47555862289
2020-03-09 00:00:00 UTC,7060.95421030458
2020-03-10 00:00:00 UTC,6946.60418212835
2020-03-11 00:00:00 UTC,6983.35970041658
2020-03-12 00:00:00 UTC,7046.26744034904
2020-03-13 00:00:00 UTC,4598.17805072313
2020-03-14 00:00:00 UTC,4974.92996615931
2020-03-15 00:00:00 UTC,4678.71274729854
2020-03-16 00:00:00 UTC,4823.87394074225
2020-03-17 00:00:00 UTC,4509.85595613032
2020-03-18 00:00:00 UTC,4892.4793040813
2020-03-19 00:00:00 UTC,4902.58740371427
2020-03-20 00:00:00 UTC,5787.11752577131
2020-03-21 00:00:00 UTC,5756.65738811714
2020-03-22 00:00:00 UTC,5709.82677885231
2020-03-23 00:00:00 UTC,5477.59841784387
2020-03-24 00:00:00 UTC,5998.90235388794
2020-03-25 00:00:00 UTC,6226.46065580339
2020-03-26 00:00:00 UTC,6150.00392868161
2020-03-27 00:00:00 UTC,6124.40329183389
2020-03-28 00:00:00 UTC,5729.25347701557
2020-03-29 00:00:00 UTC,5600.57098198031
2020-03-30 00:00:00 UTC,5310.45252335435
2020-03-31 00:00:00 UTC,5805.5680797561
2020-04-01 00:00:00 UTC,5822.45755148611
2020-04-02 00:00:00 UTC,6066.18272583965
2020-04-03 00:00:00 UTC,6278.14051144341
2020-04-04 00:00:00 UTC,6231.62484988523
2020-04-05 00:00:00 UTC,6348.38404805481
2020-04-06 00:00:00 UTC,6281.3408332007
2020-04-07 00:00:00 UTC,6757.43538372267
2020-04-08 00:00:00 UTC,6605.42980564959
2020-04-09 00:00:00 UTC,6760.1286423846
2020-04-10 00:00:00 UTC,6676.41953824363
2020-04-11 00:00:00 UTC,6276.86362308478
2020-04-12 00:00:00 UTC,6290.32211619643
2020-04-13 00:00:00 UTC,6323.95026401311
2020-04-14 00:00:00 UTC,6277.74736924197
2020-04-15 00:00:00 UTC,6244.82052104872
2020-04-16 00:00:00 UTC,6080.2363539893
2020-04-17 00:00:00 UTC,6500.85066701992
2020-04-18 00:00:00 UTC,6469.20436337825
2020-04-19 00:00:00 UTC,6659.77850010598
2020-04-20 00:00:00 UTC,6557.76002696685
2020-04-21 00:00:00 UTC,6310.62065049116
2020-04-22 00:00:00 UTC,6302.07859558648
2020-04-23 00:00:00 UTC,6578.98529285987
2020-04-24 00:00:00 UTC,6851.23203774029
2020-04-25 00:00:00 UTC,6924.15465140817
2020-04-26 00:00:00 UTC,6965.92130679638
2020-04-27 00:00:00 UTC,7100.9615491077
2020-04-28 00:00:00 UTC,7181.85020287289
2020-04-29 00:00:00 UTC,7163.31364275778
2020-04-30 00:00:00 UTC,8038.37000792169
2020-05-01 00:00:00 UTC,7867.76181040894
2020-05-02 00:00:00 UTC,7954.94723770975
2020-05-03 00:00:00 UTC,8081.76289507615
2020-05-04 00:00:00 UTC,8110.10425118271
2020-05-05 00:00:00 UTC,8147.88152142371
2020-05-06 00:00:00 UTC,8305.95758291491
2020-05-07 00:00:00 UTC,8468.36427563645
2020-05-08 00:00:00 UTC,9190.38848309127
2020-05-09 00:00:00 UTC,8954.56501977893
2020-05-10 00:00:00 UTC,8720.46181011697
2020-05-11 00:00:00 UTC,8076.68748052757
2020-05-12 00:00:00 UTC,7961.11617201154
2020-05-13 00:00:00 UTC,8101.08561107593
2020-05-14 00:00:00 UTC,8578.85254156641
2020-05-15 00:00:00 UTC,9065.58786685775
2020-05-16 00:00:00 UTC,8602.51503712996
2020-05-17 00:00:00 UTC,8663.50580136683
2020-05-18 00:00:00 UTC,8932.51763084341
2020-05-19 00:00:00 UTC,8893.36779044813
2020-05-20 00:00:00 UTC,8932.53406729084
2020-05-21 00:00:00 UTC,8676.19057826932
2020-05-22 00:00:00 UTC,8274.21007857575
2020-05-23 00:00:00 UTC,8377.38284872019
2020-05-24 00:00:00 UTC,8412.78836568883
2020-05-25 00:00:00 UTC,8004.92213609192
2020-05-26 00:00:00 UTC,8149.89882967269
2020-05-27 00:00:00 UTC,8050.51226462667
2020-05-28 00:00:00 UTC,8327.48503231802
2020-05-29 00:00:00 UTC,8618.03635467266
2020-05-30 00:00:00 UTC,8489.07476063891
2020-05-31 00:00:00 UTC,8701.21832470027
2020-06-01 00:00:00 UTC,8513.95113977836
2020-06-02 00:00:00 UTC,9139.33265646068
2020-06-03 00:00:00 UTC,8506.9991041487
2020-06-04 00:00:00 UTC,8584.87009831432
2020-06-05 00:00:00 UTC,8614.25238519946
2020-06-06 00:00:00 UTC,8535.1230735148
2020-06-07 00:00:00 UTC,8557.64025558398
2020-06-08 00:00:00 UTC,8604.7475065964
2020-06-09 00:00:00 UTC,8646.74649988802
2020-06-10 00:00:00 UTC,8617.87807312974
2020-06-11 00:00:00 UTC,8685.05238986091
2020-06-12 00:00:00 UTC,8258.58988602596
2020-06-13 00:00:00 UTC,8413.32049257224
2020-06-14 00:00:00 UTC,8413.26732581011
2020-06-15 00:00:00 UTC,8304.4283322437
2020-06-16 00:00:00 UTC,8321.98317381109
2020-06-17 00:00:00 UTC,8455.98220240086
2020-06-18 00:00:00 UTC,8418.55899736469
2020-06-19 00:00:00 UTC,8386.73550460476
2020-06-20 00:00:00 UTC,8330.22592679265
2020-06-21 00:00:00 UTC,8374.29560871913
2020-06-22 00:00:00 UTC,8319.83852890799
2020-06-23 00:00:00 UTC,8584.50807220112
2020-06-24 00:00:00 UTC,8507.06595186394
2020-06-25 00:00:00 UTC,8255.81445305579
2020-06-26 00:00:00 UTC,8252.29633394197
2020-06-27 00:00:00 UTC,8171.19843788859
2020-06-28 00:00:00 UTC,8034.82415614659
2020-06-29 00:00:00 UTC,8141.36884336229
2020-06-30 00:00:00 UTC,8163.95972466156
2020-07-01 00:00:00 UTC,8144.16754931431
2020-07-02 00:00:00 UTC,8203.36370855864
2020-07-03 00:00:00 UTC,8091.53308993943
2020-07-04 00:00:00 UTC,8065.36844153819
2020-07-05 00:00:00 UTC,8121.74928649223
2020-07-06 00:00:00 UTC,8078.70510088555
2020-07-07 00:00:00 UTC,8259.12793830662
2020-07-08 00:00:00 UTC,8205.99040244518
2020-07-09 00:00:00 UTC,8319.29877720295
2020-07-10 00:00:00 UTC,8181.09909324782
2020-07-11 00:00:00 UTC,8214.53382523217
2020-07-12 00:00:00 UTC,8171.96217727499
2020-07-13 00:00:00 UTC,8219.66930908413
2020-07-14 00:00:00 UTC,8141.98965231682
2020-07-15 00:00:00 UTC,8105.97340608188
2020-07-16 00:00:00 UTC,8060.56119395912
2020-07-17 00:00:00 UTC,8022.55418663431
2020-07-18 00:00:00 UTC,8012.18151150204
2020-07-19 00:00:00 UTC,8021.70143789932
2020-07-20 00:00:00 UTC,8041.75186442637
2020-07-21 00:00:00 UTC,7998.47624668192
2020-07-22 00:00:00 UTC,8132.52226175888
2020-07-23 00:00:00 UTC,8225.78266315265
2020-07-24 00:00:00 UTC,8268.6477118692
2020-07-25 00:00:00 UTC,8181.11075539427
2020-07-26 00:00:00 UTC,8314.84939048035
2020-07-27 00:00:00 UTC,8516.61232307942
2020-07-28 00:00:00 UTC,9317.95259580169
2020-07-29 00:00:00 UTC,9305.84137724468
2020-07-30 00:00:00 UTC,9411.7651567301
2020-07-31 00:00:00 UTC,9367.80097729492
2020-08-01 00:00:00 UTC,9615.20071227955
2020-08-02 00:00:00 UTC,10028.2672612677
2020-08-03 00:00:00 UTC,9394.03243934968
2020-08-04 00:00:00 UTC,9549.53979249583
2020-08-05 00:00:00 UTC,9472.35886790145
2020-08-06 00:00:00 UTC,9870.18640587899
2020-08-07 00:00:00 UTC,9908.76355896611
2020-08-08 00:00:00 UTC,9818.70841029718
2020-08-09 00:00:00 UTC,9960.95787634878
2020-08-10 00:00:00 UTC,9915.75008733644
2020-08-11 00:00:00 UTC,10104.8505992201
2020-08-12 00:00:00 UTC,9709.67297644824
2020-08-13 00:00:00 UTC,9816.77515663093
2020-08-14 00:00:00 UTC,10001.2795267807
2020-08-15 00:00:00 UTC,9945.06478053696
2020-08-16 00:00:00 UTC,10018.9993589298
2020-08-17 00:00:00 UTC,10041.9929924638
2020-08-18 00:00:00 UTC,10333.8457467743
2020-08-19 00:00:00 UTC,10003.1388396226
2020-08-20 00:00:00 UTC,9907.41649709038
2020-08-21 00:00:00 UTC,9993.44311248262
2020-08-22 00:00:00 UTC,9762.30359310099
2020-08-23 00:00:00 UTC,9899.43796019807
2020-08-24 00:00:00 UTC,9870.45428967979
2020-08-25 00:00:00 UTC,9971.48624607278
2020-08-26 00:00:00 UTC,9588.81006382656
2020-08-27 00:00:00 UTC,9683.68511565841
2020-08-28 00:00:00 UTC,9559.18778232149
2020-08-29 00:00:00 UTC,9674.64259449325
2020-08-30 00:00:00 UTC,9643.032509322
2020-08-31 00:00:00 UTC,9818.95601888526
2020-09-01 00:00:00 UTC,9776.78535959722
2020-09-02 00:00:00 UTC,9974.6103658608
2020-09-03 00:00:00 UTC,9634.43790751692
2020-09-04 00:00:00 UTC,8613.25384692233
2020-09-05 00:00:00 UTC,8856.62006575121
2020-09-06 00:00:00 UTC,8597.55555305637
2020-09-07 00:00:00 UTC,8668.04259706286
2020-09-08 00:00:00 UTC,8765.92427537693
2020-09-09 00:00:00 UTC,8603.66058381553
2020-09-10 00:00:00 UTC,8666.32210124299
2020-09-11 00:00:00 UTC,8745.45408711624
2020-09-12 00:00:00 UTC,8761.24400312309
2020-09-13 00:00:00 UTC,8811.46702647115
2020-09-14 00:00:00 UTC,8723.33679582425
2020-09-15 00:00:00 UTC,8983.51943706329
2020-09-16 00:00:00 UTC,9109.29162962461
2020-09-17 00:00:00 UTC,9276.45715358398
2020-09-18 00:00:00 UTC,9228.81414197543
2020-09-19 00:00:00 UTC,9228.7433375644
2020-09-20 00:00:00 UTC,9361.72235984177
2020-09-21 00:00:00 UTC,9218.38107183158
2020-09-22 00:00:00 UTC,8872.84246985434
2020-09-23 00:00:00 UTC,8990.7074073453
2020-09-24 00:00:00 UTC,8769.23611779217
2020-09-25 00:00:00 UTC,9188.03460000119
2020-09-26 00:00:00 UTC,9184.11126076195
2020-09-27 00:00:00 UTC,9236.28818728702
2020-09-28 00:00:00 UTC,9252.77579836752
2020-09-29 00:00:00 UTC,9142.09720418253
2020-09-30 00:00:00 UTC,9229.98775123555
2020-10-01 00:00:00 UTC,9186.37699244067
2020-10-02 00:00:00 UTC,9049.72161846462
2020-10-03 00:00:00 UTC,9023.32335349175
2020-10-04 00:00:00 UTC,9001.11760774769
2020-10-05 00:00:00 UTC,9106.37607239346
2020-10-06 00:00:00 UTC,9148.35490107342
2020-10-07 00:00:00 UTC,9037.15633268958
2020-10-08 00:00:00 UTC,9066.58253791113
2020-10-09 00:00:00 UTC,9254.85479748275
2020-10-10 00:00:00 UTC,9351.19195298078
2020-10-11 00:00:00 UTC,9539.92700342876
2020-10-12 00:00:00 UTC,9624.49360424864
2020-10-13 00:00:00 UTC,9770.15073511698
2020-10-14 00:00:00 UTC,9730.84854294106
2020-10-15 00:00:00 UTC,9738.61353684993
2020-10-16 00:00:00 UTC,9819.49421660091
2020-10-17 00:00:00 UTC,9660.84996007588
2020-10-18 00:00:00 UTC,9700.72236083085
2020-10-19 00:00:00 UTC,9811.86558825108
2020-10-20 00:00:00 UTC,9986.10474609109
2020-10-21 00:00:00 UTC,10069.5160084314
2020-10-22 00:00:00 UTC,10804.0470493677
2020-10-23 00:00:00 UTC,10959.5231617939
2020-10-24 00:00:00 UTC,10900.2912285938
2020-10-25 00:00:00 UTC,11048.3050519136
2020-10-26 00:00:00 UTC,10993.599553091
2020-10-27 00:00:00 UTC,11059.1474408289
2020-10-28 00:00:00 UTC,11589.8659321016
2020-10-29 00:00:00 UTC,11306.9141012457
2020-10-30 00:00:00 UTC,11513.0092574865
2020-10-31 00:00:00 UTC,11594.5897635611
2020-11-01 00:00:00 UTC,11799.3087843283
2020-11-02 00:00:00 UTC,11787.1899754301
2020-11-03 00:00:00 UTC,11646.6734574406
2020-11-04 00:00:00 UTC,11900.5314191571
2020-11-05 00:00:00 UTC,12017.3131979109
2020-11-06 00:00:00 UTC,13163.1890052495
2020-11-07 00:00:00 UTC,13094.3064908956
2020-11-08 00:00:00 UTC,12479.379990544
2020-11-09 00:00:00 UTC,13029.7830040037
2020-11-10 00:00:00 UTC,12970.9851440902
2020-11-11 00:00:00 UTC,12928.9969012188
2020-11-12 00:00:00 UTC,13317.6968882095
2020-11-13 00:00:00 UTC,13779.9320375994
2020-11-14 00:00:00 UTC,13794.4279270651
2020-11-15 00:00:00 UTC,13599.0433469628
2020-11-16 00:00:00 UTC,13494.4853940179
2020-11-17 00:00:00 UTC,14093.5853374687
2020-11-18 00:00:00 UTC,14879.7255922573
2020-11-19 00:00:00 UTC,15041.9215187136
2020-11-20 00:00:00 UTC,15016.2462733838
2020-11-21 00:00:00 UTC,15711.5040390261
2020-11-22 00:00:00 UTC,15762.9166740815
2020-11-23 00:00:00 UTC,15501.832925981
2020-11-24 00:00:00 UTC,15505.0179499903
2020-11-25 00:00:00 UTC,16046.9415458959
2020-11-26 00:00:00 UTC,15737.3287374328
2020-11-27 00:00:00 UTC,14387.2558094492
2020-11-28 00:00:00 UTC,14327.7448773856
2020-11-29 00:00:00 UTC,14810.545193936
2020-11-30 00:00:00 UTC,15179.5794858451
2020-12-01 00:00:00 UTC,16425.8764148176
2020-12-02 00:00:00 UTC,15619.8816697578
2020-12-03 00:00:00 UTC,15854.6118676723
2020-12-04 00:00:00 UTC,16000.5960115701
2020-12-05 00:00:00 UTC,15434.423000338
2020-12-06 00:00:00 UTC,15787.374660624
2020-12-07 00:00:00 UTC,15942.0747546164
2020-12-08 00:00:00 UTC,15850.2274604891
2020-12-09 00:00:00 UTC,15143.9623640626
2020-12-10 00:00:00 UTC,15371.8644802692
2020-12-11 00:00:00 UTC,15037.9285009594
2020-12-12 00:00:00 UTC,14909.7005630523
2020-12-13 00:00:00 UTC,15528.1723551457
2020-12-14 00:00:00 UTC,15782.4881805968
2020-12-15 00:00:00 UTC,15853.7869137293
2020-12-16 00:00:00 UTC,15987.0045932607
2020-12-17 00:00:00 UTC,17479.1825747748
2020-12-18 00:00:00 UTC,18596.3703025659
2020-12-19 00:00:00 UTC,18862.3857113737
2020-12-20 00:00:00 UTC,19468.7771039556
2020-12-21 00:00:00 UTC,19250.2845485416
2020-12-22 00:00:00 UTC,18662.4606842754
2020-12-23 00:00:00 UTC,19533.8596659269
2020-12-24 00:00:00 UTC,19123.0597551308
2020-12-25 00:00:00 UTC,19502.8237740369
2020-12-26 00:00:00 UTC,20235.2425473635
2020-12-27 00:00:00 UTC,21715.7219383834
2020-12-28 00:00:00 UTC,21651.4579043726
2020-12-29 00:00:00 UTC,22197.5427128368
2020-12-30 00:00:00 UTC,22383.9909683669
2020-12-31 00:00:00 UTC,23445.609529988
2021-01-01 00:00:00 UTC,23758.6804157847
2021-01-02 00:00:00 UTC,24106.9017342277
2021-01-03 00:00:00 UTC,26505.0180676872
2021-01-04 00:00:00 UTC,26944.8461074917
2021-01-05 00:00:00 UTC,25728.4968142048
2021-01-06 00:00:00 UTC,27711.0147790601
2021-01-07 00:00:00 UTC,29930.8877857552
2021-01-08 00:00:00 UTC,32228.8170779327
2021-01-09 00:00:00 UTC,33401.6199359758
2021-01-10 00:00:00 UTC,32962.3995390165
2021-01-11 00:00:00 UTC,31506.0112265795
2021-01-12 00:00:00 UTC,29336.0726961014
2021-01-13 00:00:00 UTC,27802.7598880426
2021-01-14 00:00:00 UTC,30797.0786720495
2021-01-15 00:00:00 UTC,32288.5924592151
2021-01-16 00:00:00 UTC,30465.1074578218
2021-01-17 00:00:00 UTC,30013.4279680772
2021-01-18 00:00:00 UTC,29660.2880071568
2021-01-19 00:00:00 UTC,30302.8014112749
2021-01-20 00:00:00 UTC,29740.1179325907
2021-01-21 00:00:00 UTC,29377.258811923
2021-01-22 00:00:00 UTC,25410.625103296
2021-01-23 00:00:00 UTC,27071.263737077
2021-01-24 00:00:00 UTC,26340.3742203778
2021-01-25 00:00:00 UTC,26523.1833964344
2021-01-26 00:00:00 UTC,26664.3136038716
2021-01-27 00:00:00 UTC,26786.7948022542
2021-01-28 00:00:00 UTC,25154.3065884379
2021-01-29 00:00:00 UTC,27330.2241441539
2021-01-30 00:00:00 UTC,28136.1424152439
2021-01-31 00:00:00 UTC,28176.7449751194
2021-02-01 00:00:00 UTC,27271.2078944855
2021-02-02 00:00:00 UTC,27681.606661524
2021-02-03 00:00:00 UTC,29475.8664401563
2021-02-04 00:00:00 UTC,31144.3872793956
2021-02-05 00:00:00 UTC,30766.304042881
2021-02-06 00:00:00 UTC,31544.9804368505
2021-02-07 00:00:00 UTC,32599.5951958932
2021-02-08 00:00:00 UTC,32235.5557536073
2021-02-09 00:00:00 UTC,38421.9962471501
2021-02-10 00:00:00 UTC,38434.8398150605
2021-02-11 00:00:00 UTC,37009.0521371446
2021-02-12 00:00:00 UTC,39412.40210893
2021-02-13 00:00:00 UTC,39120.1174817918
2021-02-14 00:00:00 UTC,38728.8660941166
2021-02-15 00:00:00 UTC,40099.8924211904
2021-02-16 00:00:00 UTC,39481.9085825986
2021-02-17 00:00:00 UTC,40718.7575065757
2021-02-18 00:00:00 UTC,43291.0900561321
2021-02-19 00:00:00 UTC,42779.3734901141
2021-02-20 00:00:00 UTC,46244.6151535907
2021-02-21 00:00:00 UTC,46522.9359012382
2021-02-22 00:00:00 UTC,47559.1825870069
2021-02-23 00:00:00 UTC,44724.6356569663
2021-02-24 00:00:00 UTC,40067.294267744
2021-02-25 00:00:00 UTC,40960.3372001344
2021-02-26 00:00:00 UTC,38648.2718314142
2021-02-27 00:00:00 UTC,38561.2970632696
2021-02-28 00:00:00 UTC,38645.7285140978
2021-03-01 00:00:00 UTC,37203.2765884525
2021-03-02 00:00:00 UTC,41322.4466322431
2021-03-03 00:00:00 UTC,40159.6979600217
2021-03-04 00:00:00 UTC,41970.0340246793
2021-03-05 00:00:00 UTC,40721.4822410584
2021-03-06 00:00:00 UTC,41197.900141066
2021-03-07 00:00:00 UTC,41137.103142082
2021-03-08 00:00:00 UTC,43033.7764390851
2021-03-09 00:00:00 UTC,44151.7835479964
2021-03-10 00:00:00 UTC,45969.8362970016
2021-03-11 00:00:00 UTC,46979.3412065218
2021-03-12 00:00:00 UTC,48228.1043976816
2021-03-13 00:00:00 UTC,47981.1507840842
2021-03-14 00:00:00 UTC,51295.1296017919
2021-03-15 00:00:00 UTC,49729.0903378359
2021-03-16 00:00:00 UTC,46797.4562231399
2021-03-17 00:00:00 UTC,47746.8466235176
2021-03-18 00:00:00 UTC,49256.5126041632
2021-03-19 00:00:00 UTC,48605.8796217027
2021-03-20 00:00:00 UTC,48753.4033122587
2021-03-21 00:00:00 UTC,48864.639090839
2021-03-22 00:00:00 UTC,48446.4637259902
2021-03-23 00:00:00 UTC,45572.396859377
2021-03-24 00:00:00 UTC,46114.7173378396
2021-03-25 00:00:00 UTC,44461.5763385364
2021-03-26 00:00:00 UTC,43661.541774615
2021-03-27 00:00:00 UTC,46661.080003658
2021-03-28 00:00:00 UTC,47338.7998398564
2021-03-29 00:00:00 UTC,47277.4920424579
2021-03-30 00:00:00 UTC,48973.8974198418
2021-03-31 00:00:00 UTC,50043.8119536021
2021-04-01 00:00:00 UTC,50151.4572891947
2021-04-02 00:00:00 UTC,49928.2709455214
2021-04-03 00:00:00 UTC,50218.9770139795
2021-04-04 00:00:00 UTC,48523.6562755062
2021-04-05 00:00:00 UTC,49486.9124856053
2021-04-06 00:00:00 UTC,49682.8148478496
2021-04-07 00:00:00 UTC,48900.6636677809
2021-04-08 00:00:00 UTC,47281.0654813764
2021-04-09 00:00:00 UTC,48727.1206932364
2021-04-10 00:00:00 UTC,48864.7971783125
2021-04-11 00:00:00 UTC,50398.6444836923
2021-04-12 00:00:00 UTC,50399.5356885185
2021-04-13 00:00:00 UTC,50284.5178056672
2021-04-14 00:00:00 UTC,53178.6470978588
2021-04-15 00:00:00 UTC,52411.3510022574
2021-04-16 00:00:00 UTC,52786.1944405242
2021-04-17 00:00:00 UTC,51323.2478259724
2021-04-18 00:00:00 UTC,50303.9061160468
2021-04-19 00:00:00 UTC,47007.3485650066
2021-04-20 00:00:00 UTC,46274.2552812877
2021-04-21 00:00:00 UTC,46775.7966118869
2021-04-22 00:00:00 UTC,45015.6913673363
2021-04-23 00:00:00 UTC,43252.7597349179
2021-04-24 00:00:00 UTC,42311.9729266912
2021-04-25 00:00:00 UTC,41442.0820312389
2021-04-26 00:00:00 UTC,40507.6520321897
2021-04-27 00:00:00 UTC,44682.3597407132
2021-04-28 00:00:00 UTC,45484.9398762584
2021-04-29 00:00:00 UTC,45166.2478587414
2021-04-30 00:00:00 UTC,44204.7927866628
2021-05-01 00:00:00 UTC,48112.2230878779
2021-05-02 00:00:00 UTC,48097.4996923949
2021-05-03 00:00:00 UTC,47047.7280985249
2021-05-04 00:00:00 UTC,47437.639045229
2021-05-05 00:00:00 UTC,44498.3953336929
2021-05-06 00:00:00 UTC,47831.0611679249
2021-05-07 00:00:00 UTC,46834.930702231
2021-05-08 00:00:00 UTC,47159.7566273709
2021-05-09 00:00:00 UTC,48319.2437591484
2021-05-10 00:00:00 UTC,47807.663043401
2021-05-11 00:00:00 UTC,46040.6134308808
2021-05-12 00:00:00 UTC,46869.6229411901
2021-05-13 00:00:00 UTC,41398.2425447485
2021-05-14 00:00:00 UTC,41379.8732840315
2021-05-15 00:00:00 UTC,41099.7288778123
2021-05-16 00:00:00 UTC,38515.7928282028
2021-05-17 00:00:00 UTC,38340.0202191302
2021-05-18 00:00:00 UTC,36013.756890166
2021-05-19 00:00:00 UTC,35248.2995399459
2021-05-20 00:00:00 UTC,30638.2664801552
2021-05-21 00:00:00 UTC,33070.5822386693
2021-05-22 00:00:00 UTC,30656.511792721
2021-05-23 00:00:00 UTC,30804.8561772827
2021-05-24 00:00:00 UTC,28708.9252243503
2021-05-25 00:00:00 UTC,31635.408235563
2021-05-26 00:00:00 UTC,31198.5875088923
2021-05-27 00:00:00 UTC,32324.6018009609
2021-05-28 00:00:00 UTC,31698.4194371669
2021-05-29 00:00:00 UTC,29288.6661668393
2021-05-30 00:00:00 UTC,28521.5812077863
2021-05-31 00:00:00 UTC,29295.7753543457
2021-06-01 00:00:00 UTC,30522.2712319811
2021-06-02 00:00:00 UTC,30027.4775921782
2021-06-03 00:00:00 UTC,30864.6407127698
2021-06-04 00:00:00 UTC,32272.4299303066
2021-06-05 00:00:00 UTC,30359.1215720861
2021-06-06 00:00:00 UTC,29216.9919861319
2021-06-07 00:00:00 UTC,29452.067894717
2021-06-08 00:00:00 UTC,27440.5377740988
2021-06-09 00:00:00 UTC,27570.2529868721
2021-06-10 00:00:00 UTC,30837.1745723079
2021-06-11 00:00:00 UTC,30313.9614925391
2021-06-12 00:00:00 UTC,30796.0744792985
2021-06-13 00:00:00 UTC,29454.3548025531
2021-06-14 00:00:00 UTC,32328.0970541416
2021-06-15 00:00:00 UTC,33509.1702164134
2021-06-16 00:00:00 UTC,33297.4809505938
2021-06-17 00:00:00 UTC,31953.6168577459
2021-06-18 00:00:00 UTC,32056.4010628824
2021-06-19 00:00:00 UTC,30242.7894115888
2021-06-20 00:00:00 UTC,29990.3785834228
2021-06-21 00:00:00 UTC,30145.3878006071
2021-06-22 00:00:00 UTC,26621.0916193509
2021-06-23 00:00:00 UTC,27223.6382879384
2021-06-24 00:00:00 UTC,28249.534234691
2021-06-25 00:00:00 UTC,29066.8685897661
2021-06-26 00:00:00 UTC,26761.8000170933
2021-06-27 00:00:00 UTC,26829.5252150375
2021-06-28 00:00:00 UTC,28983.6081170448
2021-06-29 00:00:00 UTC,28971.6961887038
2021-06-30 00:00:00 UTC,30224.7813481892
2021-07-01 00:00:00 UTC,29666.796983278
2021-07-02 00:00:00 UTC,28430.0288977398
2021-07-03 00:00:00 UTC,28614.605629157
2021-07-04 00:00:00 UTC,29271.2549248672
2021-07-05 00:00:00 UTC,29847.1258184717
2021-07-06 00:00:00 UTC,28593.6815314854
2021-07-07 00:00:00 UTC,28883.6515854582
2021-07-08 00:00:00 UTC,28773.1607108513
2021-07-09 00:00:00 UTC,27801.4399077621
2021-07-10 00:00:00 UTC,28600.7752884987
2021-07-11 00:00:00 UTC,28378.008032064
2021-07-12 00:00:00 UTC,28897.5262792259
2021-07-13 00:00:00 UTC,28042.0474891754
2021-07-14 00:00:00 UTC,27751.6933219336
2021-07-15 00:00:00 UTC,27781.9066626435
2021-07-16 00:00:00 UTC,26862.0563682054
2021-07-17 00:00:00 UTC,26597.7041757128
2021-07-18 00:00:00 UTC,26757.8158413057
2021-07-19 00:00:00 UTC,27019.0647287761
2021-07-20 00:00:00 UTC,26226.5669908898
2021-07-21 00:00:00 UTC,25444.557801386
2021-07-22 00:00:00 UTC,27462.5150604467
2021-07-23 00:00:00 UTC,27522.8278017805
2021-07-24 00:00:00 UTC,28420.7919061393
2021-07-25 00:00:00 UTC,29065.2742687824
2021-07-26 00:00:00 UTC,30118.7723910829
2021-07-27 00:00:00 UTC,31580.7298956029
2021-07-28 00:00:00 UTC,33052.7414579205
2021-07-29 00:00:00 UTC,33791.735530077
2021-07-30 00:00:00 UTC,33618.0154098214
2021-07-31 00:00:00 UTC,35337.213308654
2021-08-01 00:00:00 UTC,35185.1088349898
2021-08-02 00:00:00 UTC,33642.2541767713
2021-08-03 00:00:00 UTC,33078.2597059009
2021-08-04 00:00:00 UTC,32323.8802576398
2021-08-05 00:00:00 UTC,33576.4939240337
2021-08-06 00:00:00 UTC,34497.4885650619
2021-08-07 00:00:00 UTC,36387.7232934604
2021-08-08 00:00:00 UTC,37956.6023282602
2021-08-09 00:00:00 UTC,37239.9388387414
2021-08-10 00:00:00 UTC,39460.6321867375
2021-08-11 00:00:00 UTC,38939.6333609314
2021-08-12 00:00:00 UTC,38875.8791886451
2021-08-13 00:00:00 UTC,37911.8320378953
2021-08-14 00:00:00 UTC,40450.6937026301
2021-08-15 00:00:00 UTC,39917.9742237783
2021-08-16 00:00:00 UTC,39872.5002388127
2021-08-17 00:00:00 UTC,39077.8319950254
2021-08-18 00:00:00 UTC,38036.8778909892
2021-08-19 00:00:00 UTC,38450.5000817755
2021-08-20 00:00:00 UTC,40026.5577767489
2021-08-21 00:00:00 UTC,42045.9463894109
2021-08-22 00:00:00 UTC,41821.8625048167
2021-08-23 00:00:00 UTC,42110.2993755961
2021-08-24 00:00:00 UTC,42165.7124724601
2021-08-25 00:00:00 UTC,40787.8692140486
2021-08-26 00:00:00 UTC,41628.237873785
2021-08-27 00:00:00 UTC,40174.9366584613
2021-08-28 00:00:00 UTC,41612.0659854702
2021-08-29 00:00:00 UTC,41487.8090456148
2021-08-30 00:00:00 UTC,41454.780817063
2021-08-31 00:00:00 UTC,39944.261478257
2021-09-01 00:00:00 UTC,40076.7229380037
2021-09-02 00:00:00 UTC,41232.7301084258
2021-09-03 00:00:00 UTC,41553.124433774
2021-09-04 00:00:00 UTC,42020.0553480813
2021-09-05 00:00:00 UTC,42086.1147394448
2021-09-06 00:00:00 UTC,43495.1719392601
2021-09-07 00:00:00 UTC,44422.2062821112
2021-09-08 00:00:00 UTC,39682.011698496
2021-09-09 00:00:00 UTC,38993.9713477002
2021-09-10 00:00:00 UTC,39341.1150804508
2021-09-11 00:00:00 UTC,37933.9188149302
2021-09-12 00:00:00 UTC,38254.4432675901
2021-09-13 00:00:00 UTC,39111.6897217985
2021-09-14 00:00:00 UTC,38219.897421326
2021-09-15 00:00:00 UTC,39936.8145503908
2021-09-16 00:00:00 UTC,40765.2284740689
2021-09-17 00:00:00 UTC,40694.4402581593
2021-09-18 00:00:00 UTC,40279.4334462962
2021-09-19 00:00:00 UTC,41162.4070338278
2021-09-20 00:00:00 UTC,40393.2852387074
2021-09-21 00:00:00 UTC,36613.3027229228
2021-09-22 00:00:00 UTC,34450.9207863635
2021-09-23 00:00:00 UTC,37289.7410642362
2021-09-24 00:00:00 UTC,38301.9995051811
2021-09-25 00:00:00 UTC,36476.2353737619
2021-09-26 00:00:00 UTC,36566.9688160471
2021-09-27 00:00:00 UTC,36970.8496655243
2021-09-28 00:00:00 UTC,36116.5884550359
2021-09-29 00:00:00 UTC,35093.8903892477
2021-09-30 00:00:00 UTC,35846.4903139292
2021-10-01 00:00:00 UTC,37893.0104334535
2021-10-02 00:00:00 UTC,41557.7837407667
2021-10-03 00:00:00 UTC,41209.2275189203
2021-10-04 00:00:00 UTC,41585.5919289718
2021-10-05 00:00:00 UTC,42401.7301750597
2021-10-06 00:00:00 UTC,44557.0155143442
2021-10-07 00:00:00 UTC,47957.5867593012
2021-10-08 00:00:00 UTC,46624.2149948602
2021-10-09 00:00:00 UTC,46685.9201226175
2021-10-10 00:00:00 UTC,47644.1636134125
2021-10-11 00:00:00 UTC,47309.1895046084
2021-10-12 00:00:00 UTC,49829.9293056925
2021-10-13 00:00:00 UTC,48855.3201323485
2021-10-14 00:00:00 UTC,49571.430320801
2021-10-15 00:00:00 UTC,49564.2703533819
2021-10-16 00:00:00 UTC,53285.0032611399
2021-10-17 00:00:00 UTC,52730.3439963467
2021-10-18 00:00:00 UTC,53090.0786851274
2021-10-19 00:00:00 UTC,53397.4745163788
2021-10-20 00:00:00 UTC,55472.5323028457
2021-10-21 00:00:00 UTC,56825.6962065376
2021-10-22 00:00:00 UTC,53799.4690479711
2021-10-23 00:00:00 UTC,52412.4261104154
2021-10-24 00:00:00 UTC,52887.9441752393
2021-10-25 00:00:00 UTC,52556.4976924251
2021-10-26 00:00:00 UTC,54458.4605681978
2021-10-27 00:00:00 UTC,52262.9919545437
2021-10-28 00:00:00 UTC,50556.6357289594
2021-10-29 00:00:00 UTC,52002.504363521
2021-10-30 00:00:00 UTC,53873.0978223889
2021-10-31 00:00:00 UTC,53487.3721898667
2021-11-01 00:00:00 UTC,53178.4528009775
2021-11-02 00:00:00 UTC,52688.791028423
2021-11-03 00:00:00 UTC,54624.7169635873
2021-11-04 00:00:00 UTC,54360.791840215
2021-11-05 00:00:00 UTC,53315.5698406862
2021-11-06 00:00:00 UTC,53021.126175824
2021-11-07 00:00:00 UTC,53379.4982588787
2021-11-08 00:00:00 UTC,54588.3259610121
2021-11-09 00:00:00 UTC,58358.4204573504
2021-11-10 00:00:00 UTC,57914.2959346308
2021-11-11 00:00:00 UTC,56635.6478612611
2021-11-12 00:00:00 UTC,56786.1363686557
2021-11-13 00:00:00 UTC,56302.7853219245
2021-11-14 00:00:00 UTC,56502.2701618973
2021-11-15 00:00:00 UTC,57377.2065894236
2021-11-16 00:00:00 UTC,56257.0440856647
2021-11-17 00:00:00 UTC,53407.8161939327
2021-11-18 00:00:00 UTC,53543.8753917388
2021-11-19 00:00:00 UTC,50120.3499967552
2021-11-20 00:00:00 UTC,51792.9712323417
2021-11-21 00:00:00 UTC,53231.4770021325
2021-11-22 00:00:00 UTC,52442.8498136929
2021-11-23 00:00:00 UTC,50150.6396457641
2021-11-24 00:00:00 UTC,51358.9469579021
2021-11-25 00:00:00 UTC,51049.3218846348
2021-11-26 00:00:00 UTC,52548.070099761
2021-11-27 00:00:00 UTC,47551.0415946287
2021-11-28 00:00:00 UTC,48174.3727225049
2021-11-29 00:00:00 UTC,50701.9788001517
2021-11-30 00:00:00 UTC,51223.9898404313
2021-12-01 00:00:00 UTC,50310.2315785803
2021-12-02 00:00:00 UTC,50506.9105510238
2021-12-03 00:00:00 UTC,49974.160510668
2021-12-04 00:00:00 UTC,47537.2210782265
2021-12-05 00:00:00 UTC,43452.3662705559
2021-12-06 00:00:00 UTC,43584.4157877377
2021-12-07 00:00:00 UTC,44721.7743176908
2021-12-08 00:00:00 UTC,44927.8708348874
2021-12-09 00:00:00 UTC,44540.2238524101
2021-12-10 00:00:00 UTC,42404.0889075566
2021-12-11 00:00:00 UTC,41793.1246605232
2021-12-12 00:00:00 UTC,43511.7786334099
2021-12-13 00:00:00 UTC,44253.812096783
2021-12-14 00:00:00 UTC,41388.1489590597
2021-12-15 00:00:00 UTC,42995.31048329
2021-12-16 00:00:00 UTC,43340.6876618264
2021-12-17 00:00:00 UTC,42082.0289308688
2021-12-18 00:00:00 UTC,41217.1586380524
2021-12-19 00:00:00 UTC,41788.3203568908
2021-12-20 00:00:00 UTC,41634.776130214
2021-12-21 00:00:00 UTC,41783.3628754938
2021-12-22 00:00:00 UTC,43541.4338605986
2021-12-23 00:00:00 UTC,43045.8489256925
2021-12-24 00:00:00 UTC,44939.3894297034
2021-12-25 00:00:00 UTC,44944.7657535271
2021-12-26 00:00:00 UTC,44745.8398181419
2021-12-27 00:00:00 UTC,44908.0591894798
2021-12-28 00:00:00 UTC,44818.168111938
2021-12-29 00:00:00 UTC,42181.4425744069
2021-12-30 00:00:00 UTC,40960.337931024
2021-12-31 00:00:00 UTC,41672.3546548323
2022-01-01 00:00:00 UTC,40724.3298759179
2022-01-02 00:00:00 UTC,42039.9911252537
2022-01-03 00:00:00 UTC,41678.0482329452
2022-01-04 00:00:00 UTC,41182.3862186126
2022-01-05 00:00:00 UTC,40712.0227545239
2022-01-06 00:00:00 UTC,38583.9474556897
2022-01-07 00:00:00 UTC,38256.89466271
2022-01-08 00:00:00 UTC,36548.8751339755
2022-01-09 00:00:00 UTC,36754.3812042149
2022-01-10 00:00:00 UTC,36877.3491771193
2022-01-11 00:00:00 UTC,36950.1506165601
2022-01-12 00:00:00 UTC,37634.1497167008
2022-01-13 00:00:00 UTC,38443.0196059765
2022-01-14 00:00:00 UTC,37184.9985435791
2022-01-15 00:00:00 UTC,37774.6016062332
2022-01-16 00:00:00 UTC,37867.2804894075
2022-01-17 00:00:00 UTC,37793.2042196455
2022-01-18 00:00:00 UTC,37075.1727623965
2022-01-19 00:00:00 UTC,37421.4115888521
2022-01-20 00:00:00 UTC,36804.8180586025
2022-01-21 00:00:00 UTC,35990.1912223626
2022-01-22 00:00:00 UTC,32181.2292067432
2022-01-23 00:00:00 UTC,31010.3225452439
2022-01-24 00:00:00 UTC,32010.1630921462
2022-01-25 00:00:00 UTC,32475.0153852908
2022-01-26 00:00:00 UTC,32723.7351641023
2022-01-27 00:00:00 UTC,32807.2439196548
2022-01-28 00:00:00 UTC,33451.6393900733
2022-01-29 00:00:00 UTC,33950.3188034537
2022-01-30 00:00:00 UTC,34290.7851944982
2022-01-31 00:00:00 UTC,34072.4442041791
2022-02-01 00:00:00 UTC,34331.698549917
2022-02-02 00:00:00 UTC,34449.7468991146
2022-02-03 00:00:00 UTC,32740.3193639234
2022-02-04 00:00:00 UTC,32442.8687863141
2022-02-05 00:00:00 UTC,36399.0566604018
2022-02-06 00:00:00 UTC,36241.7092200966
2022-02-07 00:00:00 UTC,37089.6868160778
2022-02-08 00:00:00 UTC,38378.1528081512
2022-02-09 00:00:00 UTC,38685.339543268
2022-02-10 00:00:00 UTC,38856.5405564357
2022-02-11 00:00:00 UTC,38228.371958712
2022-02-12 00:00:00 UTC,37393.5385967781
2022-02-13 00:00:00 UTC,37227.8609476682
2022-02-14 00:00:00 UTC,37171.1247459433
2022-02-15 00:00:00 UTC,37706.0170542716
2022-02-16 00:00:00 UTC,39246.5749047496
2022-02-17 00:00:00 UTC,38743.9625818327
2022-02-18 00:00:00 UTC,35684.4359463854
2022-02-19 00:00:00 UTC,35394.1934558966
2022-02-20 00:00:00 UTC,35499.5310243402
2022-02-21 00:00:00 UTC,34031.7867367873
2022-02-22 00:00:00 UTC,32780.1818009731
2022-02-23 00:00:00 UTC,33839.2914130958
2022-02-24 00:00:00 UTC,33059.6422219136
2022-02-25 00:00:00 UTC,34280.5264449491
2022-02-26 00:00:00 UTC,34873.3178127359
2022-02-27 00:00:00 UTC,34679.029201383
2022-02-28 00:00:00 UTC,33811.7578610469
2022-03-01 00:00:00 UTC,38535.707622362
2022-03-02 00:00:00 UTC,39946.9430775275
2022-03-03 00:00:00 UTC,39565.5721294176
2022-03-04 00:00:00 UTC,38398.7686067051
2022-03-05 00:00:00 UTC,35864.0406256789
2022-03-06 00:00:00 UTC,36114.4225625079
2022-03-07 00:00:00 UTC,35379.1621897231
2022-03-08 00:00:00 UTC,35045.109919828
2022-03-09 00:00:00 UTC,35547.8501365707
2022-03-10 00:00:00 UTC,37916.034224977
2022-03-11 00:00:00 UTC,35846.1070453549
2022-03-12 00:00:00 UTC,35527.9097335801
2022-03-13 00:00:00 UTC,35645.6648281346
2022-03-14 00:00:00 UTC,34612.6139566639
2022-03-15 00:00:00 UTC,36250.7525373097
2022-03-16 00:00:00 UTC,35862.7776757141
2022-03-17 00:00:00 UTC,37351.8448011397
2022-03-18 00:00:00 UTC,36949.0596016188
2022-03-19 00:00:00 UTC,37809.8927248353
2022-03-20 00:00:00 UTC,38139.3279722833
2022-03-21 00:00:00 UTC,37381.5369095978
2022-03-22 00:00:00 UTC,37265.1582726727
2022-03-23 00:00:00 UTC,38448.5972633531
2022-03-24 00:00:00 UTC,38891.4502407658
2022-03-25 00:00:00 UTC,39912.7800301513
2022-03-26 00:00:00 UTC,40361.867241009
2022-03-27 00:00:00 UTC,40521.5152937728
2022-03-28 00:00:00 UTC,42535.7029056529
2022-03-29 00:00:00 UTC,42737.1430702343
2022-03-30 00:00:00 UTC,42784.6189241639
2022-03-31 00:00:00 UTC,42171.3642866891
2022-04-01 00:00:00 UTC,41115.1110057488
2022-04-02 00:00:00 UTC,41879.1586588683
2022-04-03 00:00:00 UTC,41504.8819206956
2022-04-04 00:00:00 UTC,42050.7687605945
2022-04-05 00:00:00 UTC,42485.9957368113
2022-04-06 00:00:00 UTC,41838.5845767454
2022-04-07 00:00:00 UTC,39639.8873675736
2022-04-08 00:00:00 UTC,40058.4373266059
2022-04-09 00:00:00 UTC,38905.6136246725
2022-04-10 00:00:00 UTC,39347.5641945413
2022-04-11 00:00:00 UTC,38835.9282055005
2022-04-12 00:00:00 UTC,36410.2618048743
2022-04-13 00:00:00 UTC,37138.06512521
2022-04-14 00:00:00 UTC,37820.2053139402
2022-04-15 00:00:00 UTC,36934.4462499938
2022-04-16 00:00:00 UTC,37538.8279576329
2022-04-17 00:00:00 UTC,37412.8389722564
2022-04-18 00:00:00 UTC,36747.3199238982
2022-04-19 00:00:00 UTC,37875.025638853
2022-04-20 00:00:00 UTC,38450.1683492332
2022-04-21 00:00:00 UTC,38162.0276969802
2022-04-22 00:00:00 UTC,37404.4393947942
2022-04-23 00:00:00 UTC,36857.3024826792
2022-04-24 00:00:00 UTC,36676.460437884
2022-04-25 00:00:00 UTC,36519.2120133967
2022-04-26 00:00:00 UTC,37792.3996260646
2022-04-27 00:00:00 UTC,35823.5870681011
2022-04-28 00:00:00 UTC,37171.7573823117
2022-04-29 00:00:00 UTC,37838.2155070087
2022-04-30 00:00:00 UTC,36657.4958696717
2022-05-01 00:00:00 UTC,35870.354099003
2022-05-02 00:00:00 UTC,36563.8331648548
2022-05-03 00:00:00 UTC,36688.6301675931
2022-05-04 00:00:00 UTC,35876.7636957089
2022-05-05 00:00:00 UTC,37372.3833392681
2022-05-06 00:00:00 UTC,34729.1527464195
2022-05-07 00:00:00 UTC,34239.0641195298
2022-05-08 00:00:00 UTC,33724.2095346995
2022-05-09 00:00:00 UTC,32341.2779238646
2022-05-10 00:00:00 UTC,28653.9477528194
2022-05-11 00:00:00 UTC,29465.503421437
2022-05-12 00:00:00 UTC,27502.3944775545
2022-05-13 00:00:00 UTC,28051.9156935175
2022-05-14 00:00:00 UTC,28151.1965222063
2022-05-15 00:00:00 UTC,28995.0431565237
2022-05-16 00:00:00 UTC,30104.5897072549
2022-05-17 00:00:00 UTC,28668.8503051824
2022-05-18 00:00:00 UTC,28918.1838810388
2022-05-19 00:00:00 UTC,27476.0128685375
2022-05-20 00:00:00 UTC,28713.1360784368
2022-05-21 00:00:00 UTC,27690.3743295366
2022-05-22 00:00:00 UTC,27912.5031207296
2022-05-23 00:00:00 UTC,28712.7917687722
2022-05-24 00:00:00 UTC,27282.2309437074
2022-05-25 00:00:00 UTC,27628.9057813528
2022-05-26 00:00:00 UTC,27685.4481467391
2022-05-27 00:00:00 UTC,27342.5136570393
2022-05-28 00:00:00 UTC,26692.3775700811
2022-05-29 00:00:00 UTC,27103.836962006
2022-05-30 00:00:00 UTC,27488.8415315361
2022-05-31 00:00:00 UTC,29460.4176159452
2022-06-01 00:00:00 UTC,29678.3252384278
2022-06-02 00:00:00 UTC,28005.7934960762
2022-06-03 00:00:00 UTC,28354.9632698032
2022-06-04 00:00:00 UTC,27718.0364701135
2022-06-05 00:00:00 UTC,27868.6119962863
2022-06-06 00:00:00 UTC,27893.4383833748
2022-06-07 00:00:00 UTC,29346.9824551693
2022-06-08 00:00:00 UTC,29219.1443134683
2022-06-09 00:00:00 UTC,28207.868227372
2022-06-10 00:00:00 UTC,28342.3751345542
2022-06-11 00:00:00 UTC,27664.7999749541
2022-06-12 00:00:00 UTC,26971.6110101062
2022-06-13 00:00:00 UTC,25520.342706056
2022-06-14 00:00:00 UTC,21630.7970480618
2022-06-15 00:00:00 UTC,21314.5248944616
2022-06-16 00:00:00 UTC,21548.1416535493
2022-06-17 00:00:00 UTC,19349.0100542488
2022-06-18 00:00:00 UTC,19500.0096234766
2022-06-19 00:00:00 UTC,18147.3130513886
2022-06-20 00:00:00 UTC,19557.7621136083
2022-06-21 00:00:00 UTC,19616.3124577057
2022-06-22 00:00:00 UTC,19649.1099880014
2022-06-23 00:00:00 UTC,18916.643868343
2022-06-24 00:00:00 UTC,20056.229147513
2022-06-25 00:00:00 UTC,20142.7851010953
2022-06-26 00:00:00 UTC,20392.0907176534
2022-06-27 00:00:00 UTC,19921.3013189236
2022-06-28 00:00:00 UTC,19611.1838404738
2022-06-29 00:00:00 UTC,19273.567121096
2022-06-30 00:00:00 UTC,19249.2517914543
2022-07-01 00:00:00 UTC,18713.6663157982
2022-07-02 00:00:00 UTC,18608.9474131918
2022-07-03 00:00:00 UTC,18475.4550708685
2022-07-04 00:00:00 UTC,18509.2447446176
2022-07-05 00:00:00 UTC,19416.2855459193
2022-07-06 00:00:00 UTC,19670.9980319313
2022-07-07 00:00:00 UTC,20192.1267160507
2022-07-08 00:00:00 UTC,21303.5652194097
2022-07-09 00:00:00 UTC,21458.1028839069
2022-07-10 00:00:00 UTC,21193.8470391037
2022-07-11 00:00:00 UTC,20512.2478574555
2022-07-12 00:00:00 UTC,19903.7950928232
2022-07-13 00:00:00 UTC,19284.5191268653
2022-07-14 00:00:00 UTC,20159.3043862861
2022-07-15 00:00:00 UTC,20526.5720154728
2022-07-16 00:00:00 UTC,20628.4534855852
2022-07-17 00:00:00 UTC,21023.5386766214
2022-07-18 00:00:00 UTC,20628.7595123254
2022-07-19 00:00:00 UTC,22080.1730107021
2022-07-20 00:00:00 UTC,22840.1007638781
2022-07-21 00:00:00 UTC,22903.3324089281
2022-07-22 00:00:00 UTC,22652.6469304692
2022-07-23 00:00:00 UTC,22225.7150531111
2022-07-24 00:00:00 UTC,22036.8102753214
2022-07-25 00:00:00 UTC,22166.6685932206
2022-07-26 00:00:00 UTC,20864.2284951884
2022-07-27 00:00:00 UTC,20963.0107607842
2022-07-28 00:00:00 UTC,22449.7902198889
2022-07-29 00:00:00 UTC,23370.7585271824
2022-07-30 00:00:00 UTC,23319.8839950615
2022-07-31 00:00:00 UTC,23130.055796521
2022-08-01 00:00:00 UTC,22901.866205759
2022-08-02 00:00:00 UTC,22736.8952714175
2022-08-03 00:00:00 UTC,22700.8232907072
2022-08-04 00:00:00 UTC,22505.9472965993
2022-08-05 00:00:00 UTC,22133.6066610249
2022-08-06 00:00:00 UTC,22797.9510112254
2022-08-07 00:00:00 UTC,22561.8931138652
2022-08-08 00:00:00 UTC,22803.174617733
2022-08-09 00:00:00 UTC,23363.1200714721
2022-08-10 00:00:00 UTC,22729.049408129
2022-08-11 00:00:00 UTC,23252.9723617717
2022-08-12 00:00:00 UTC,23209.3818923337
2022-08-13 00:00:00 UTC,23786.8635402695
2022-08-14 00:00:00 UTC,23808.5675834279
2022-08-15 00:00:00 UTC,23700.7163199342
2022-08-16 00:00:00 UTC,23792.7307142239
2022-08-17 00:00:00 UTC,23503.220052234
2022-08-18 00:00:00 UTC,22949.4610364794
2022-08-19 00:00:00 UTC,23029.384448763
2022-08-20 00:00:00 UTC,20870.7012596133
2022-08-21 00:00:00 UTC,21097.1808251357
2022-08-22 00:00:00 UTC,21531.7628434764
2022-08-23 00:00:00 UTC,21517.1429848183
2022-08-24 00:00:00 UTC,21638.2866819795
2022-08-25 00:00:00 UTC,21464.9937097866
2022-08-26 00:00:00 UTC,21684.2682168205
2022-08-27 00:00:00 UTC,20344.5632415305
2022-08-28 00:00:00 UTC,20140.4390076967
2022-08-29 00:00:00 UTC,19782.470864548
2022-08-30 00:00:00 UTC,20293.1220802693
2022-08-31 00:00:00 UTC,19757.3821394654
2022-09-01 00:00:00 UTC,19946.9643491607
2022-09-02 00:00:00 UTC,20248.3368935114
2022-09-03 00:00:00 UTC,20035.6149034165
2022-09-04 00:00:00 UTC,19908.1286174801
2022-09-05 00:00:00 UTC,20156.7164591798
2022-09-06 00:00:00 UTC,19883.7915970903
2022-09-07 00:00:00 UTC,19050.9617325705
2022-09-08 00:00:00 UTC,19289.4945641759
2022-09-09 00:00:00 UTC,19305.0201166199
2022-09-10 00:00:00 UTC,21044.7422791521
2022-09-11 00:00:00 UTC,21383.4262709646
2022-09-12 00:00:00 UTC,21579.6255011252
2022-09-13 00:00:00 UTC,22054.8397037149
2022-09-14 00:00:00 UTC,20226.4274151249
2022-09-15 00:00:00 UTC,20292.3228719192
2022-09-16 00:00:00 UTC,19723.1724029143
2022-09-17 00:00:00 UTC,19732.5712447757
2022-09-18 00:00:00 UTC,20099.2230451212
2022-09-19 00:00:00 UTC,19385.7854597375
2022-09-20 00:00:00 UTC,19523.2416479402
2022-09-21 00:00:00 UTC,18928.7463774895
2022-09-22 00:00:00 UTC,18855.9955740192
2022-09-23 00:00:00 UTC,19786.4182747816
2022-09-24 00:00:00 UTC,19904.9822451692
2022-09-25 00:00:00 UTC,19545.8981193107
2022-09-26 00:00:00 UTC,19414.0587794612
2022-09-27 00:00:00 UTC,19991.649707511
2022-09-28 00:00:00 UTC,19925.8886690354
2022-09-29 00:00:00 UTC,20027.1786099031
2022-09-30 00:00:00 UTC,19896.9752100123
2022-10-01 00:00:00 UTC,19870.3605132434
2022-10-02 00:00:00 UTC,19701.8154074327
2022-10-03 00:00:00 UTC,19470.8603108034
2022-10-04 00:00:00 UTC,19954.3133975078
2022-10-05 00:00:00 UTC,20380.697786539
2022-10-06 00:00:00 UTC,20345.6258628713
2022-10-07 00:00:00 UTC,20383.1423920797
2022-10-08 00:00:00 UTC,19960.4944180395
2022-10-09 00:00:00 UTC,19926.1497893085
2022-10-10 00:00:00 UTC,19982.4285511339
2022-10-11 00:00:00 UTC,19714.1042061995
2022-10-12 00:00:00 UTC,19642.3556993394
2022-10-13 00:00:00 UTC,19728.3396358584
2022-10-14 00:00:00 UTC,19837.876402417
2022-10-15 00:00:00 UTC,19748.0945184403
2022-10-16 00:00:00 UTC,19619.1775295056
2022-10-17 00:00:00 UTC,19786.0633919689
2022-10-18 00:00:00 UTC,19873.1883830117
2022-10-19 00:00:00 UTC,19617.0830652131
2022-10-20 00:00:00 UTC,19592.8139241618
2022-10-21 00:00:00 UTC,19465.4509402375
2022-10-22 00:00:00 UTC,19444.3331348469
2022-10-23 00:00:00 UTC,19480.7852112715
2022-10-24 00:00:00 UTC,19835.8153633239
2022-10-25 00:00:00 UTC,19534.217571069
2022-10-26 00:00:00 UTC,20172.3578055452
2022-10-27 00:00:00 UTC,20583.4152589239
2022-10-28 00:00:00 UTC,20338.7754850574
2022-10-29 00:00:00 UTC,20663.4958734979
2022-10-30 00:00:00 UTC,20873.6967688956
2022-10-31 00:00:00 UTC,20717.8132317101
2022-11-01 00:00:00 UTC,20731.6827566326
2022-11-02 00:00:00 UTC,20741.6483618134
2022-11-03 00:00:00 UTC,20532.9716044261
2022-11-04 00:00:00 UTC,20731.0200372533
2022-11-05 00:00:00 UTC,21187.392087131
2022-11-06 00:00:00 UTC,21318.1020348532
2022-11-07 00:00:00 UTC,21050.3781187382
2022-11-08 00:00:00 UTC,20556.847875597
2022-11-09 00:00:00 UTC,18418.9590365031
2022-11-10 00:00:00 UTC,15714.170905934
2022-11-11 00:00:00 UTC,17260.2504603795
2022-11-12 00:00:00 UTC,16468.4190301469
2022-11-13 00:00:00 UTC,16211.9224972908
2022-11-14 00:00:00 UTC,15822.3367111126
2022-11-15 00:00:00 UTC,16131.9218369943
2022-11-16 00:00:00 UTC,16309.2249245895
2022-11-17 00:00:00 UTC,16058.1036119252
2022-11-18 00:00:00 UTC,16134.3052785529
2022-11-19 00:00:00 UTC,16150.6287993779
2022-11-20 00:00:00 UTC,16154.5912105514
2022-11-21 00:00:00 UTC,15782.8844307798
2022-11-22 00:00:00 UTC,15439.9150787457
2022-11-23 00:00:00 UTC,15689.213114263
2022-11-24 00:00:00 UTC,15946.2472195637
2022-11-25 00:00:00 UTC,15944.6413549526
2022-11-26 00:00:00 UTC,15868.2961865223
2022-11-27 00:00:00 UTC,15801.2010512094
2022-11-28 00:00:00 UTC,15872.1998118759
2022-11-29 00:00:00 UTC,15683.6333325373
2022-11-30 00:00:00 UTC,15928.1681040935
2022-12-01 00:00:00 UTC,16486.0151002339
2022-12-02 00:00:00 UTC,16125.3533400563
2022-12-03 00:00:00 UTC,16214.6724017471
2022-12-04 00:00:00 UTC,16060.1549566432
2022-12-05 00:00:00 UTC,16270.1402521385
2022-12-06 00:00:00 UTC,16168.5801167888
2022-12-07 00:00:00 UTC,16323.913913085
2022-12-08 00:00:00 UTC,16026.9545542498
2022-12-09 00:00:00 UTC,16324.7296502237
2022-12-10 00:00:00 UTC,16260.7258677212
2022-12-11 00:00:00 UTC,16245.6691820834
2022-12-12 00:00:00 UTC,16256.6229643946
2022-12-13 00:00:00 UTC,16298.3514798278
2022-12-14 00:00:00 UTC,16733.6701760645
2022-12-15 00:00:00 UTC,16681.1573081869
2022-12-16 00:00:00 UTC,16301.3682654369
2022-12-17 00:00:00 UTC,15686.0116471715
2022-12-18 00:00:00 UTC,15863.4064595486
2022-12-19 00:00:00 UTC,15818.1443851237
2022-12-20 00:00:00 UTC,15474.9804301111
2022-12-21 00:00:00 UTC,15905.7864439226
2022-12-22 00:00:00 UTC,15851.8690021083
2022-12-23 00:00:00 UTC,15868.5027391886
2022-12-24 00:00:00 UTC,15741.4689390985
2022-12-25 00:00:00 UTC,15794.8086755988
2022-12-26 00:00:00 UTC,15865.9539321414
2022-12-27 00:00:00 UTC,15879.5366279374
2022-12-28 00:00:00 UTC,15701.1828581262
2022-12-29 00:00:00 UTC,15561.1259657246
2022-12-30 00:00:00 UTC,15613.5427570404
2022-12-31 00:00:00 UTC,15479.9947472262
2023-01-01 00:00:00 UTC,15420.4089862643
2023-01-02 00:00:00 UTC,15392.2862575878
2023-01-03 00:00:00 UTC,15620.0071833882
2023-01-04 00:00:00 UTC,15815.9122074274
2023-01-05 00:00:00 UTC,15885.86734989
2023-01-06 00:00:00 UTC,15997.6140169451
2023-01-07 00:00:00 UTC,15904.4576165861
2023-01-08 00:00:00 UTC,15896.1450162411
2023-01-09 00:00:00 UTC,16019.6090596556
2023-01-10 00:00:00 UTC,16018.5539974973
2023-01-11 00:00:00 UTC,16238.3594112414
2023-01-12 00:00:00 UTC,16717.9056451425
2023-01-13 00:00:00 UTC,17373.5022929487
2023-01-14 00:00:00 UTC,18385.4442225753
2023-01-15 00:00:00 UTC,19384.1435507244
2023-01-16 00:00:00 UTC,19265.8618053101
2023-01-17 00:00:00 UTC,19553.4974440394
2023-01-18 00:00:00 UTC,19601.5275876031
2023-01-19 00:00:00 UTC,19195.9601999847
2023-01-20 00:00:00 UTC,19454.8617144339
2023-01-21 00:00:00 UTC,20875.7434843798
2023-01-22 00:00:00 UTC,20934.2897776673
2023-01-23 00:00:00 UTC,20927.7553823054
2023-01-24 00:00:00 UTC,21136.3853610822
2023-01-25 00:00:00 UTC,20765.4633236551
2023-01-26 00:00:00 UTC,21222.6273772345
2023-01-27 00:00:00 UTC,21132.3422922158
2023-01-28 00:00:00 UTC,21232.4441227785
2023-01-29 00:00:00 UTC,21174.7448382633
2023-01-30 00:00:00 UTC,21889.975416852
2023-01-31 00:00:00 UTC,21051.7552421948
2023-02-01 00:00:00 UTC,21300.1737892466
2023-02-02 00:00:00 UTC,21546.4801884025
2023-02-03 00:00:00 UTC,21585.5069634419
2023-02-04 00:00:00 UTC,21703.2625369094
2023-02-05 00:00:00 UTC,21588.6563491446
2023-02-06 00:00:00 UTC,21274.6496013409
2023-02-07 00:00:00 UTC,21240.9897964795
2023-02-08 00:00:00 UTC,21711.9310862926
2023-02-09 00:00:00 UTC,21412.2736598215
2023-02-10 00:00:00 UTC,20319.3913074709
2023-02-11 00:00:00 UTC,20236.827963697
2023-02-12 00:00:00 UTC,20479.4243126133
2023-02-13 00:00:00 UTC,20396.090083596
2023-02-14 00:00:00 UTC,20326.8206334581
2023-02-15 00:00:00 UTC,20695.7741270539
2023-02-16 00:00:00 UTC,22740.0171575763
2023-02-17 00:00:00 UTC,22275.5453280347
2023-02-18 00:00:00 UTC,22982.2152290886
2023-02-19 00:00:00 UTC,22995.1985159117
2023-02-20 00:00:00 UTC,22724.8074039261
2023-02-21 00:00:00 UTC,23194.1226541464
2023-02-22 00:00:00 UTC,22922.847610591
2023-02-23 00:00:00 UTC,22766.6587396901
2023-02-24 00:00:00 UTC,22596.2445380771
2023-02-25 00:00:00 UTC,21892.2262573722
2023-02-26 00:00:00 UTC,21903.0844939406
2023-02-27 00:00:00 UTC,22305.5839299863
2023-02-28 00:00:00 UTC,22166.9841697365
2023-03-01 00:00:00 UTC,21891.5057692304
2023-03-02 00:00:00 UTC,22152.1298986869
2023-03-03 00:00:00 UTC,22136.0204502186
2023-03-04 00:00:00 UTC,21019.0570575761
2023-03-05 00:00:00 UTC,21001.1055430988
2023-03-06 00:00:00 UTC,21096.7299328415
2023-03-07 00:00:00 UTC,20976.2650987654
2023-03-08 00:00:00 UTC,21059.4710778029
2023-03-09 00:00:00 UTC,20582.33399806
2023-03-10 00:00:00 UTC,19251.6082719787
2023-03-11 00:00:00 UTC,18951.0816755627
2023-03-12 00:00:00 UTC,19275.4051759922
2023-03-13 00:00:00 UTC,20672.0423926542
2023-03-14 00:00:00 UTC,22547.3352434876
2023-03-15 00:00:00 UTC,23080.1208130085
2023-03-16 00:00:00 UTC,23117.4954515469
2023-03-17 00:00:00 UTC,23702.3963046722
2023-03-18 00:00:00 UTC,25545.3837156333
2023-03-19 00:00:00 UTC,25156.8714878498
2023-03-20 00:00:00 UTC,26391.3125885622
2023-03-21 00:00:00 UTC,26059.3099534066
2023-03-22 00:00:00 UTC,26238.1741225213
2023-03-23 00:00:00 UTC,25254.0006757135
2023-03-24 00:00:00 UTC,26269.1608421272
2023-03-25 00:00:00 UTC,25607.2393517551
2023-03-26 00:00:00 UTC,25676.5616246301
2023-03-27 00:00:00 UTC,26031.3362115586
2023-03-28 00:00:00 UTC,25150.7216731393
2023-03-29 00:00:00 UTC,25174.9058269173
2023-03-30 00:00:00 UTC,26182.573133157
2023-03-31 00:00:00 UTC,25716.2896477643
2023-04-01 00:00:00 UTC,26240.4323886412
2023-04-02 00:00:00 UTC,26224.0163777155
2023-04-03 00:00:00 UTC,26131.2228838732
2023-04-04 00:00:00 UTC,25497.928638944
2023-04-05 00:00:00 UTC,25705.7626304214
2023-04-06 00:00:00 UTC,25856.8045157218
2023-04-07 00:00:00 UTC,25683.4467643492
2023-04-08 00:00:00 UTC,25403.5785654648
2023-04-09 00:00:00 UTC,25438.2989926868
2023-04-10 00:00:00 UTC,25983.3700313608
2023-04-11 00:00:00 UTC,27286.3742350185
2023-04-12 00:00:00 UTC,27720.9844370654
2023-04-13 00:00:00 UTC,27184.3572804343
2023-04-14 00:00:00 UTC,27514.999061674
2023-04-15 00:00:00 UTC,27440.3668387
2023-04-16 00:00:00 UTC,27302.1035806853
2023-04-17 00:00:00 UTC,27587.6784730102
2023-04-18 00:00:00 UTC,26969.0907150963
2023-04-19 00:00:00 UTC,27667.4988255012
2023-04-20 00:00:00 UTC,26330.5807217676
2023-04-21 00:00:00 UTC,25760.7519671989
2023-04-22 00:00:00 UTC,24602.4921018613
2023-04-23 00:00:00 UTC,25108.4926413151
2023-04-24 00:00:00 UTC,25111.7166492191
2023-04-25 00:00:00 UTC,24881.1656596828
2023-04-26 00:00:00 UTC,25823.8488976218
2023-04-27 00:00:00 UTC,25668.8832296328
2023-04-28 00:00:00 UTC,26724.6011614472
2023-04-29 00:00:00 UTC,26367.8535042976
2023-04-30 00:00:00 UTC,26257.4066483228
2023-05-01 00:00:00 UTC,26667.3241425637
2023-05-02 00:00:00 UTC,25637.3786959034
2023-05-03 00:00:00 UTC,26020.7364817825
2023-05-04 00:00:00 UTC,26183.6719515411
2023-05-05 00:00:00 UTC,26168.3271303295
2023-05-06 00:00:00 UTC,26351.3156733965
2023-05-07 00:00:00 UTC,25768.1538900173
2023-05-08 00:00:00 UTC,25962.2202079898
2023-05-09 00:00:00 UTC,25184.9415499772
2023-05-10 00:00:00 UTC,25178.1344647399
2023-05-11 00:00:00 UTC,25166.778964058
2023-05-12 00:00:00 UTC,24761.9550700198
2023-05-13 00:00:00 UTC,24486.627790909
2023-05-14 00:00:00 UTC,24501.1516762415
2023-05-15 00:00:00 UTC,24800.8701793882
2023-05-16 00:00:00 UTC,25038.3248700705
2023-05-17 00:00:00 UTC,24873.0833636489
2023-05-18 00:00:00 UTC,25273.329292981
2023-05-19 00:00:00 UTC,24911.4141620555
2023-05-20 00:00:00 UTC,24850.5683889319
2023-05-21 00:00:00 UTC,25046.259120375
2023-05-22 00:00:00 UTC,24744.6416494974
2023-05-23 00:00:00 UTC,24857.549584049
2023-05-24 00:00:00 UTC,25278.0494051733
2023-05-25 00:00:00 UTC,24487.0837854842
2023-05-26 00:00:00 UTC,24690.0399543716
2023-05-27 00:00:00 UTC,24897.1567017959
2023-05-28 00:00:00 UTC,25018.5323877093
2023-05-29 00:00:00 UTC,26214.0479417113
2023-05-30 00:00:00 UTC,25923.1063051423
2023-05-31 00:00:00 UTC,25824.2079793077
2023-06-01 00:00:00 UTC,25477.8153273534
2023-06-02 00:00:00 UTC,24926.8059763545
2023-06-03 00:00:00 UTC,25433.040592032
2023-06-04 00:00:00 UTC,25263.7509980463
2023-06-05 00:00:00 UTC,25521.4236208366
2023-06-06 00:00:00 UTC,24081.8950354326
2023-06-07 00:00:00 UTC,25444.8138914359
2023-06-08 00:00:00 UTC,24606.5756715776
2023-06-09 00:00:00 UTC,24580.6523034904
2023-06-10 00:00:00 UTC,24625.1547626837
2023-06-11 00:00:00 UTC,24046.2442211302
2023-06-12 00:00:00 UTC,24105.0887113625
2023-06-13 00:00:00 UTC,24074.2248871425
2023-06-14 00:00:00 UTC,23980.715316799
2023-06-15 00:00:00 UTC,23159.8699788195
2023-06-16 00:00:00 UTC,23354.9745928178
2023-06-17 00:00:00 UTC,24028.9501385106
2023-06-18 00:00:00 UTC,24187.5032624266
2023-06-19 00:00:00 UTC,24069.3682303518
2023-06-20 00:00:00 UTC,24515.1902516511
2023-06-21 00:00:00 UTC,25944.6370972999
2023-06-22 00:00:00 UTC,27382.7928104035
2023-06-23 00:00:00 UTC,27319.7667663655
2023-06-24 00:00:00 UTC,28057.9192898733
2023-06-25 00:00:00 UTC,27974.1669556387
2023-06-26 00:00:00 UTC,27926.0680480729
2023-06-27 00:00:00 UTC,27759.7242272323
2023-06-28 00:00:00 UTC,28012.7413237826
2023-06-29 00:00:00 UTC,27553.1258906875
2023-06-30 00:00:00 UTC,28034.613277172
2023-07-01 00:00:00 UTC,27921.9198765353
2023-07-02 00:00:00 UTC,28016.124734303
2023-07-03 00:00:00 UTC,28023.1699913803
2023-07-04 00:00:00 UTC,28529.048991365
2023-07-05 00:00:00 UTC,28277.3204154869
2023-07-06 00:00:00 UTC,28083.3236600495
2023-07-07 00:00:00 UTC,27536.8086597402
2023-07-08 00:00:00 UTC,27637.2148567079
2023-07-09 00:00:00 UTC,27588.1462233975
2023-07-10 00:00:00 UTC,27507.9829693699
2023-07-11 00:00:00 UTC,27621.5628487975
2023-07-12 00:00:00 UTC,27803.0869199711
2023-07-13 00:00:00 UTC,27296.7984402335
2023-07-14 00:00:00 UTC,28015.5063058475
2023-07-15 00:00:00 UTC,26959.3396525513
2023-07-16 00:00:00 UTC,26963.8917333415
2023-07-17 00:00:00 UTC,26929.823919673
2023-07-18 00:00:00 UTC,26824.6011669598
2023-07-19 00:00:00 UTC,26585.1349285719
2023-07-20 00:00:00 UTC,26702.9497353957
2023-07-21 00:00:00 UTC,26750.1632852113
2023-07-22 00:00:00 UTC,26870.8637607484
2023-07-23 00:00:00 UTC,26697.3678631466
2023-07-24 00:00:00 UTC,27017.6244545733
2023-07-25 00:00:00 UTC,26382.3049672487
2023-07-26 00:00:00 UTC,26444.7464322729
2023-07-27 00:00:00 UTC,26504.1209855081
2023-07-28 00:00:00 UTC,26592.808213196
2023-07-29 00:00:00 UTC,26573.2292814047
2023-07-30 00:00:00 UTC,26611.8918316735
2023-07-31 00:00:00 UTC,26554.1925760221
2023-08-01 00:00:00 UTC,26581.6324309495
2023-08-02 00:00:00 UTC,26818.9867595762
2023-08-03 00:00:00 UTC,26632.4765727569
2023-08-04 00:00:00 UTC,26640.7139335916
2023-08-05 00:00:00 UTC,26381.3927109189
2023-08-06 00:00:00 UTC,26344.0828148985
2023-08-07 00:00:00 UTC,26398.3064011668
2023-08-08 00:00:00 UTC,26515.0290284119
2023-08-09 00:00:00 UTC,27173.9989228248
2023-08-10 00:00:00 UTC,26951.5216593382
2023-08-11 00:00:00 UTC,26784.2375448442
2023-08-12 00:00:00 UTC,26830.5031435155
2023-08-13 00:00:00 UTC,26844.4622540129
2023-08-14 00:00:00 UTC,26759.2875007819
2023-08-15 00:00:00 UTC,26955.104794992
2023-08-16 00:00:00 UTC,26752.3442546155
2023-08-17 00:00:00 UTC,26436.9825457722
2023-08-18 00:00:00 UTC,24370.9656597672
2023-08-19 00:00:00 UTC,23915.5550566766
2023-08-20 00:00:00 UTC,23972.4358931198
2023-08-21 00:00:00 UTC,24058.6881410858
2023-08-22 00:00:00 UTC,23960.3745921412
2023-08-23 00:00:00 UTC,23998.8573031317
2023-08-24 00:00:00 UTC,24347.6561390947
2023-08-25 00:00:00 UTC,24197.8913323741
2023-08-26 00:00:00 UTC,24126.0492066922
2023-08-27 00:00:00 UTC,24087.1232718331
2023-08-28 00:00:00 UTC,24157.7083195973
2023-08-29 00:00:00 UTC,24118.7774203619
2023-08-30 00:00:00 UTC,25507.7652085861
2023-08-31 00:00:00 UTC,24976.3117846736
2023-09-01 00:00:00 UTC,23909.9009788917
2023-09-02 00:00:00 UTC,23928.0045560019
2023-09-03 00:00:00 UTC,23966.3140395979
2023-09-04 00:00:00 UTC,24062.3651746365
2023-09-05 00:00:00 UTC,23930.8289740359
2023-09-06 00:00:00 UTC,24039.0665686731
2023-09-07 00:00:00 UTC,24015.7411025466
2023-09-08 00:00:00 UTC,24487.0815649293
2023-09-09 00:00:00 UTC,24196.0557187843
2023-09-10 00:00:00 UTC,24179.3350925878
2023-09-11 00:00:00 UTC,24101.5189618111
2023-09-12 00:00:00 UTC,23382.8690784066
2023-09-13 00:00:00 UTC,24047.0509475982
2023-09-14 00:00:00 UTC,24429.1236856199
2023-09-15 00:00:00 UTC,24945.9589614101
2023-09-16 00:00:00 UTC,24960.8309074965
2023-09-17 00:00:00 UTC,24888.7988340837
2023-09-18 00:00:00 UTC,24862.1534814237
2023-09-19 00:00:00 UTC,25008.8551041095
2023-09-20 00:00:00 UTC,25482.4879796576
2023-09-21 00:00:00 UTC,25459.1495766002
2023-09-22 00:00:00 UTC,24915.0072083747
2023-09-23 00:00:00 UTC,24917.9287391084
2023-09-24 00:00:00 UTC,24919.6967431169
2023-09-25 00:00:00 UTC,24652.4869920145
2023-09-26 00:00:00 UTC,24825.2536704306
2023-09-27 00:00:00 UTC,24793.08109466
2023-09-28 00:00:00 UTC,25078.5678566954
2023-09-29 00:00:00 UTC,25570.0275161137
2023-09-30 00:00:00 UTC,25440.7907309131
2023-10-01 00:00:00 UTC,25490.5784375702
2023-10-02 00:00:00 UTC,26477.4575504545
2023-10-03 00:00:00 UTC,26349.079850503
2023-10-04 00:00:00 UTC,26210.1785529562
2023-10-05 00:00:00 UTC,26450.9473633431
2023-10-06 00:00:00 UTC,26013.3245163404
2023-10-07 00:00:00 UTC,26391.139527037
2023-10-08 00:00:00 UTC,26409.4021780463
2023-10-09 00:00:00 UTC,26453.0198468983
2023-10-10 00:00:00 UTC,26085.7823189326
2023-10-11 00:00:00 UTC,25828.3421046404
2023-10-12 00:00:00 UTC,25265.6143836523
2023-10-13 00:00:00 UTC,25368.0628101578
2023-10-14 00:00:00 UTC,25532.6039887517
2023-10-15 00:00:00 UTC,25553.5765069037
2023-10-16 00:00:00 UTC,25801.9861020202
2023-10-17 00:00:00 UTC,27013.9945562979
2023-10-18 00:00:00 UTC,26877.8790808622
2023-10-19 00:00:00 UTC,26883.1647540876
2023-10-20 00:00:00 UTC,27132.2469268431
2023-10-21 00:00:00 UTC,28002.1040599217
2023-10-22 00:00:00 UTC,28231.0862875413
2023-10-23 00:00:00 UTC,28344.8994565254
2023-10-24 00:00:00 UTC,30890.9816707327
2023-10-25 00:00:00 UTC,31946.4337706285
2023-10-26 00:00:00 UTC,32630.6304258042
2023-10-27 00:00:00 UTC,32351.2445625646
2023-10-28 00:00:00 UTC,32070.2369860453
2023-10-29 00:00:00 UTC,32253.3334940119
2023-10-30 00:00:00 UTC,32714.1531790352
2023-10-31 00:00:00 UTC,32503.2298873544
2023-11-01 00:00:00 UTC,32778.0381037254
2023-11-02 00:00:00 UTC,33499.104219855
2023-11-03 00:00:00 UTC,32897.5522088759
2023-11-04 00:00:00 UTC,32350.5451761251
2023-11-05 00:00:00 UTC,32645.8394778186
2023-11-06 00:00:00 UTC,32672.5985526531
2023-11-07 00:00:00 UTC,32676.8873630597
2023-11-08 00:00:00 UTC,33127.8117664749
2023-11-09 00:00:00 UTC,33423.6565389257
2023-11-10 00:00:00 UTC,34470.7622021394
2023-11-11 00:00:00 UTC,34909.3292773754
2023-11-12 00:00:00 UTC,34702.2470507161
2023-11-13 00:00:00 UTC,34676.3486467125
2023-11-14 00:00:00 UTC,34157.0193922373
2023-11-15 00:00:00 UTC,32667.2131089916
2023-11-16 00:00:00 UTC,34928.1491418825
2023-11-17 00:00:00 UTC,33349.7778812972
2023-11-18 00:00:00 UTC,33459.0630887794
2023-11-19 00:00:00 UTC,33509.0836691168
2023-11-20 00:00:00 UTC,34296.4735072016
2023-11-21 00:00:00 UTC,34253.9720127719
2023-11-22 00:00:00 UTC,32940.8533811493
2023-11-23 00:00:00 UTC,34405.90425296
2023-11-24 00:00:00 UTC,34197.0758492633
2023-11-25 00:00:00 UTC,34476.4010522248
2023-11-26 00:00:00 UTC,34541.1910859657
2023-11-27 00:00:00 UTC,34271.5142368592
2023-11-28 00:00:00 UTC,33988.9167510239
2023-11-29 00:00:00 UTC,34360.6826721134
2023-11-30 00:00:00 UTC,34456.0393445443
2023-12-01 00:00:00 UTC,34611.9069053576
2023-12-02 00:00:00 UTC,35517.9880674534
2023-12-03 00:00:00 UTC,36265.8846864746
2023-12-04 00:00:00 UTC,36693.4829445165
2023-12-05 00:00:00 UTC,38734.2071800254
2023-12-06 00:00:00 UTC,40867.6863073952
2023-12-07 00:00:00 UTC,40676.1675460722
2023-12-08 00:00:00 UTC,40096.5159107203
2023-12-09 00:00:00 UTC,41028.4598647787
2023-12-10 00:00:00 UTC,40604.5656668774
2023-12-11 00:00:00 UTC,40648.4755464921
2023-12-12 00:00:00 UTC,38275.3647648467
2023-12-13 00:00:00 UTC,38386.6090149849
2023-12-14 00:00:00 UTC,39445.0587893312
2023-12-15 00:00:00 UTC,39121.3989983313
2023-12-16 00:00:00 UTC,38494.7512776553
2023-12-17 00:00:00 UTC,38728.5630802609
2023-12-18 00:00:00 UTC,38014.0143324105
2023-12-19 00:00:00 UTC,39078.4789175591
2023-12-20 00:00:00 UTC,38477.4740217046
2023-12-21 00:00:00 UTC,39864.8776204492
2023-12-22 00:00:00 UTC,39838.6798776402
2023-12-23 00:00:00 UTC,39908.5800587816
2023-12-24 00:00:00 UTC,39678.9793215957
2023-12-25 00:00:00 UTC,39062.3268143154
2023-12-26 00:00:00 UTC,39597.8592794527
2023-12-27 00:00:00 UTC,38502.068425008
2023-12-28 00:00:00 UTC,39086.6506635946
2023-12-29 00:00:00 UTC,38491.6474769857
2023-12-30 00:00:00 UTC,38057.7086398657
2023-12-31 00:00:00 UTC,38189.6829689057
2024-01-01 00:00:00 UTC,38240.2090896032
2024-01-02 00:00:00 UTC,40022.5670838628
2024-01-03 00:00:00 UTC,41121.4423693609
2024-01-04 00:00:00 UTC,39193.9734409504
2024-01-05 00:00:00 UTC,40376.0198804489
2024-01-06 00:00:00 UTC,40269.1908020822
2024-01-07 00:00:00 UTC,40125.3447966974
2024-01-08 00:00:00 UTC,40118.3431192536
2024-01-09 00:00:00 UTC,42857.4310359477
2024-01-10 00:00:00 UTC,42178.4110616081
2024-01-11 00:00:00 UTC,42492.3896513921
2024-01-12 00:00:00 UTC,42171.8143245395
2024-01-13 00:00:00 UTC,39122.5237388704
2024-01-14 00:00:00 UTC,39081.0652430269
2024-01-15 00:00:00 UTC,38190.2100457082
2024-01-16 00:00:00 UTC,38908.8974753776
2024-01-17 00:00:00 UTC,39668.7625309092
2024-01-18 00:00:00 UTC,39242.2902815206
2024-01-19 00:00:00 UTC,37938.7797205056
2024-01-20 00:00:00 UTC,38150.1428821901
2024-01-21 00:00:00 UTC,38173.2215252592
2024-01-22 00:00:00 UTC,38141.4457351052
2024-01-23 00:00:00 UTC,36313.4194493426
2024-01-24 00:00:00 UTC,36689.3597390539
2024-01-25 00:00:00 UTC,36871.2061588008
2024-01-26 00:00:00 UTC,36811.1585514712
2024-01-27 00:00:00 UTC,38535.1252704195
2024-01-28 00:00:00 UTC,38771.3962975925
2024-01-29 00:00:00 UTC,38759.1801854152
2024-01-30 00:00:00 UTC,39930.0756996349
2024-01-31 00:00:00 UTC,39555.5060560791
2024-02-01 00:00:00 UTC,39390.4556124346
2024-02-02 00:00:00 UTC,39601.9854255514
2024-02-03 00:00:00 UTC,39978.1883609694
2024-02-04 00:00:00 UTC,39798.71036813
2024-02-05 00:00:00 UTC,39517.8500683694
2024-02-06 00:00:00 UTC,39701.7470870834
2024-02-07 00:00:00 UTC,40053.7177700111
2024-02-08 00:00:00 UTC,41066.2917315988
2024-02-09 00:00:00 UTC,42076.0465628706
2024-02-10 00:00:00 UTC,43713.5720634707
2024-02-11 00:00:00 UTC,44293.8008467197
2024-02-12 00:00:00 UTC,44634.2395548222
2024-02-13 00:00:00 UTC,46463.6934924358
2024-02-14 00:00:00 UTC,46442.3639533576
2024-02-15 00:00:00 UTC,48260.3067287149
2024-02-16 00:00:00 UTC,48219.731705153
2024-02-17 00:00:00 UTC,48405.7560603712
2024-02-18 00:00:00 UTC,47958.5806266005
2024-02-19 00:00:00 UTC,48348.8520876684
2024-02-20 00:00:00 UTC,48043.5978823412
2024-02-21 00:00:00 UTC,48367.898535817
2024-02-22 00:00:00 UTC,47916.2900542938
2024-02-23 00:00:00 UTC,47410.4938011279
2024-02-24 00:00:00 UTC,46933.9440126377
2024-02-25 00:00:00 UTC,47591.2412304501
2024-02-26 00:00:00 UTC,47833.386649947
2024-02-27 00:00:00 UTC,50208.1359878367
2024-02-28 00:00:00 UTC,52573.7826745519
2024-02-29 00:00:00 UTC,57717.736388579
2024-03-01 00:00:00 UTC,56734.5646157926
2024-03-02 00:00:00 UTC,57560.4838999414
2024-03-03 00:00:00 UTC,57229.6765848964
2024-03-04 00:00:00 UTC,58157.0948548264
2024-03-05 00:00:00 UTC,62819.675032831
2024-03-06 00:00:00 UTC,59216.1697871053
2024-03-07 00:00:00 UTC,60688.0210410809
2024-03-08 00:00:00 UTC,61130.9147106469
2024-03-09 00:00:00 UTC,62425.384161181
2024-03-10 00:00:00 UTC,62601.5178929749
2024-03-11 00:00:00 UTC,63133.5017141039
2024-03-12 00:00:00 UTC,65996.2101271206
2024-03-13 00:00:00 UTC,65396.9661874142
2024-03-14 00:00:00 UTC,66750.1762316227
2024-03-15 00:00:00 UTC,65624.653320897
2024-03-16 00:00:00 UTC,63816.3210519229
2024-03-17 00:00:00 UTC,59954.6666815845
2024-03-18 00:00:00 UTC,62871.8036455077
2024-03-19 00:00:00 UTC,62274.4206683942
2024-03-20 00:00:00 UTC,57178.7539006452
2024-03-21 00:00:00 UTC,62011.6421476079
2024-03-22 00:00:00 UTC,60327.1133454132
2024-03-23 00:00:00 UTC,58488.6549607298
2024-03-24 00:00:00 UTC,59204.0100803917
2024-03-25 00:00:00 UTC,62277.1986953794
2024-03-26 00:00:00 UTC,64530.7764786346
2024-03-27 00:00:00 UTC,64695.8250958296
2024-03-28 00:00:00 UTC,64211.4739784769
2024-03-29 00:00:00 UTC,65526.7137684062
2024-03-30 00:00:00 UTC,64739.2420757328
2024-03-31 00:00:00 UTC,64538.5526084268
2024-04-01 00:00:00 UTC,66012.1529304547
2024-04-02 00:00:00 UTC,64987.5844042593
2024-04-03 00:00:00 UTC,60773.8629308747
2024-04-04 00:00:00 UTC,61012.0952224338
2024-04-05 00:00:00 UTC,63241.8791357465
2024-04-06 00:00:00 UTC,62689.8743578732
2024-04-07 00:00:00 UTC,63632.3993529757
2024-04-08 00:00:00 UTC,64086.8234602564
2024-04-09 00:00:00 UTC,65931.0649043997
2024-04-10 00:00:00 UTC,63687.5035001032
2024-04-11 00:00:00 UTC,65668.1657170079
2024-04-12 00:00:00 UTC,65354.1333692886
2024-04-13 00:00:00 UTC,63099.2875559064
2024-04-14 00:00:00 UTC,60427.8275151238
2024-04-15 00:00:00 UTC,61736.6848295806
2024-04-16 00:00:00 UTC,59686.8991299545
2024-04-17 00:00:00 UTC,59995.2099031718
2024-04-18 00:00:00 UTC,57478.3631283925
2024-04-19 00:00:00 UTC,59623.5624920924
2024-04-20 00:00:00 UTC,60012.9372248598
2024-04-21 00:00:00 UTC,60862.2688801395
2024-04-22 00:00:00 UTC,60924.5188095789
2024-04-23 00:00:00 UTC,62738.5911323591
2024-04-24 00:00:00 UTC,62051.5860609393
2024-04-25 00:00:00 UTC,60081.6156381524
2024-04-26 00:00:00 UTC,60110.9892767901
2024-04-27 00:00:00 UTC,59659.00673586
2024-04-28 00:00:00 UTC,59381.3230914825
2024-04-29 00:00:00 UTC,58876.980163077
2024-04-30 00:00:00 UTC,59532.8047522396
2024-05-01 00:00:00 UTC,56955.3030631756
2024-05-02 00:00:00 UTC,54392.8608613343
2024-05-03 00:00:00 UTC,55109.4281638919
2024-05-04 00:00:00 UTC,58355.7537742021
2024-05-05 00:00:00 UTC,59266.8626596513
2024-05-06 00:00:00 UTC,59488.7897109845
2024-05-07 00:00:00 UTC,58653.248328595
2024-05-08 00:00:00 UTC,57997.6431882983
2024-05-09 00:00:00 UTC,56957.9657049805
2024-05-10 00:00:00 UTC,58566.9164228256
2024-05-11 00:00:00 UTC,56489.043089415
2024-05-12 00:00:00 UTC,56385.8358464519
2024-05-13 00:00:00 UTC,57100.9961905361
2024-05-14 00:00:00 UTC,58257.9472735253
2024-05-15 00:00:00 UTC,56927.1712998161
2024-05-16 00:00:00 UTC,60811.2952758224
2024-05-17 00:00:00 UTC,60054.3015517554
2024-05-18 00:00:00 UTC,61631.8782491127
2024-05-19 00:00:00 UTC,61502.7333990921
2024-05-20 00:00:00 UTC,60924.8682070904
2024-05-21 00:00:00 UTC,65770.160267701
2024-05-22 00:00:00 UTC,64653.8932769224
2024-05-23 00:00:00 UTC,63912.0838747219
2024-05-24 00:00:00 UTC,62795.077789946
2024-05-25 00:00:00 UTC,63150.0745145135
2024-05-26 00:00:00 UTC,63850.683386382
2024-05-27 00:00:00 UTC,63150.4813924166
2024-05-28 00:00:00 UTC,63871.1336594878
2024-05-29 00:00:00 UTC,62950.7057152627
2024-05-30 00:00:00 UTC,62561.0051652169
2024-05-31 00:00:00 UTC,63123.7417230887
2024-06-01 00:00:00 UTC,62145.9178538688
2024-06-02 00:00:00 UTC,62362.9289940109
2024-06-03 00:00:00 UTC,62419.715974724
2024-06-04 00:00:00 UTC,63083.7876927065
2024-06-05 00:00:00 UTC,64881.8338623203
2024-06-06 00:00:00 UTC,65462.7101437616
2024-06-07 00:00:00 UTC,64964.3779200064
2024-06-08 00:00:00 UTC,64146.7578180534
2024-06-09 00:00:00 UTC,64137.2658453789
2024-06-10 00:00:00 UTC,64623.8069032945
2024-06-11 00:00:00 UTC,64559.6484511505
2024-06-12 00:00:00 UTC,62689.9044152868
2024-06-13 00:00:00 UTC,63085.6441795384
2024-06-14 00:00:00 UTC,62107.4665400235
2024-06-15 00:00:00 UTC,61562.526129963
2024-06-16 00:00:00 UTC,61759.2329231799
2024-06-17 00:00:00 UTC,62231.3694306833
2024-06-18 00:00:00 UTC,61877.2805551008
2024-06-19 00:00:00 UTC,60621.9157260194
2024-06-20 00:00:00 UTC,60398.3695770606
2024-06-21 00:00:00 UTC,60572.188509926
2024-06-22 00:00:00 UTC,59924.844689379
2024-06-23 00:00:00 UTC,60079.4061387227
2024-06-24 00:00:00 UTC,59147.1834504535
2024-06-25 00:00:00 UTC,56243.9270941121
2024-06-26 00:00:00 UTC,57677.5062470629
2024-06-27 00:00:00 UTC,56873.3845679835
2024-06-28 00:00:00 UTC,57491.1382142531
2024-06-29 00:00:00 UTC,56265.0547214687
2024-06-30 00:00:00 UTC,56775.6307347587
2024-07-01 00:00:00 UTC,58430.8144220681
2024-07-02 00:00:00 UTC,58509.4401642161
2024-07-03 00:00:00 UTC,57718.0741688845
2024-07-04 00:00:00 UTC,55833.8062174897
2024-07-05 00:00:00 UTC,52904.9043337545
2024-07-06 00:00:00 UTC,52307.6852043233
2024-07-07 00:00:00 UTC,53715.700026297
2024-07-08 00:00:00 UTC,51613.9087175856
2024-07-09 00:00:00 UTC,52316.6011684892
2024-07-10 00:00:00 UTC,53621.436327803
2024-07-11 00:00:00 UTC,53272.288732207
2024-07-12 00:00:00 UTC,52781.0683869392
2024-07-13 00:00:00 UTC,53014.0364517072
2024-07-14 00:00:00 UTC,54166.6772899381
2024-07-15 00:00:00 UTC,55984.2427820228
2024-07-16 00:00:00 UTC,59500.9553089462
2024-07-17 00:00:00 UTC,59763.5449788369
2024-07-18 00:00:00 UTC,58625.7217581641
2024-07-19 00:00:00 UTC,58665.9552791389
2024-07-20 00:00:00 UTC,61224.6070407825
2024-07-21 00:00:00 UTC,61705.0466917566
2024-07-22 00:00:00 UTC,62467.8725381193
2024-07-23 00:00:00 UTC,62073.819234325
2024-07-24 00:00:00 UTC,60765.8058093729
2024-07-25 00:00:00 UTC,60341.4977217512
2024-07-26 00:00:00 UTC,60594.5747221998
2024-07-27 00:00:00 UTC,62469.7606130213
2024-07-28 00:00:00 UTC,62599.8146315365
2024-07-29 00:00:00 UTC,62873.0838996464
2024-07-30 00:00:00 UTC,61707.7284161224
2024-07-31 00:00:00 UTC,61216.2679389839
2024-08-01 00:00:00 UTC,59750.9207950141
2024-08-02 00:00:00 UTC,60586.1031586661
2024-08-03 00:00:00 UTC,56231.2131311778
2024-08-04 00:00:00 UTC,55639.4235948742
2024-08-05 00:00:00 UTC,53169.5330690756
2024-08-06 00:00:00 UTC,49271.401494677
2024-08-07 00:00:00 UTC,51222.2809286692
2024-08-08 00:00:00 UTC,50411.0010122633
2024-08-09 00:00:00 UTC,56671.842504304
2024-08-10 00:00:00 UTC,55761.515484028
2024-08-11 00:00:00 UTC,55729.9108195186
2024-08-12 00:00:00 UTC,53884.9074586003
2024-08-13 00:00:00 UTC,54270.1234203476
2024-08-14 00:00:00 UTC,55114.1460264777
2024-08-15 00:00:00 UTC,53343.8813913433
2024-08-16 00:00:00 UTC,52521.9623674368
2024-08-17 00:00:00 UTC,53376.1713203769
2024-08-18 00:00:00 UTC,53873.7154626786
2024-08-19 00:00:00 UTC,53006.7465307716
2024-08-20 00:00:00 UTC,53742.2607431249
2024-08-21 00:00:00 UTC,53072.9648774049
2024-08-22 00:00:00 UTC,54811.2597394012
2024-08-23 00:00:00 UTC,54317.0831020651
2024-08-24 00:00:00 UTC,57173.9518647258
2024-08-25 00:00:00 UTC,57319.0338066512
2024-08-26 00:00:00 UTC,57448.0486575602
2024-08-27 00:00:00 UTC,56355.54477751
2024-08-28 00:00:00 UTC,53250.6755660558
2024-08-29 00:00:00 UTC,53049.5580625748
2024-08-30 00:00:00 UTC,53564.8004906029
2024-08-31 00:00:00 UTC,53481.2690416936
2024-09-01 00:00:00 UTC,53307.0111822451
2024-09-02 00:00:00 UTC,51929.8407759559
2024-09-03 00:00:00 UTC,53412.3056037704
2024-09-04 00:00:00 UTC,52046.1502790778
2024-09-05 00:00:00 UTC,52329.6819392749
2024-09-06 00:00:00 UTC,50518.5468024277
2024-09-07 00:00:00 UTC,48622.6902050353
2024-09-08 00:00:00 UTC,48827.9011182267
2024-09-09 00:00:00 UTC,49416.6696597937
2024-09-10 00:00:00 UTC,51694.7737107547
2024-09-11 00:00:00 UTC,52293.6386975916
2024-09-12 00:00:00 UTC,52115.4956312962
2024-09-13 00:00:00 UTC,52451.7503083248
2024-09-14 00:00:00 UTC,54674.7744685274
2024-09-15 00:00:00 UTC,54142.3571252555
2024-09-16 00:00:00 UTC,53407.5473947913
2024-09-17 00:00:00 UTC,52308.1660688945
2024-09-18 00:00:00 UTC,54228.9926736474
2024-09-19 00:00:00 UTC,55288.4450632917
2024-09-20 00:00:00 UTC,56427.2033831988
2024-09-21 00:00:00 UTC,56488.0822424297
2024-09-22 00:00:00 UTC,56759.6768340922
2024-09-23 00:00:00 UTC,56960.916902308
2024-09-24 00:00:00 UTC,56989.4477090078
2024-09-25 00:00:00 UTC,57493.815020999
2024-09-26 00:00:00 UTC,56737.4348484502
2024-09-27 00:00:00 UTC,58275.0389813406
2024-09-28 00:00:00 UTC,58891.8286875355
2024-09-29 00:00:00 UTC,59019.9269539579
2024-09-30 00:00:00 UTC,58791.9190583913
2024-10-01 00:00:00 UTC,56785.5677245197
2024-10-02 00:00:00 UTC,55018.604882544
2024-10-03 00:00:00 UTC,54905.8373126085
2024-10-04 00:00:00 UTC,55029.8899328335
2024-10-05 00:00:00 UTC,56557.5221526609
2024-10-06 00:00:00 UTC,56539.7340653586
2024-10-07 00:00:00 UTC,57252.3273341774
2024-10-08 00:00:00 UTC,56754.33895468
2024-10-09 00:00:00 UTC,56657.3365504408
2024-10-10 00:00:00 UTC,55382.0990907732
2024-10-11 00:00:00 UTC,55055.7162063377
2024-10-12 00:00:00 UTC,57015.1814030911
2024-10-13 00:00:00 UTC,57760.3353258221
2024-10-14 00:00:00 UTC,57417.5233134366
2024-10-15 00:00:00 UTC,60551.2007494109
2024-10-16 00:00:00 UTC,61522.6779321783
2024-10-17 00:00:00 UTC,62295.1351596169
2024-10-18 00:00:00 UTC,62168.14661024
2024-10-19 00:00:00 UTC,62971.2532653507
2024-10-20 00:00:00 UTC,62900.6643686581
2024-10-21 00:00:00 UTC,63461.0436312693
2024-10-22 00:00:00 UTC,62314.6333796068
2024-10-23 00:00:00 UTC,62379.8670870334
2024-10-24 00:00:00 UTC,61857.3157728796
2024-10-25 00:00:00 UTC,62996.9049225656
2024-10-26 00:00:00 UTC,61649.9363249086
2024-10-27 00:00:00 UTC,62050.3765169744
2024-10-28 00:00:00 UTC,62938.344483527
2024-10-29 00:00:00 UTC,64580.7147021322
2024-10-30 00:00:00 UTC,67268.4532334431
2024-10-31 00:00:00 UTC,66618.6564536183
2024-11-01 00:00:00 UTC,64550.8369757725
2024-11-02 00:00:00 UTC,63941.7976329574
2024-11-03 00:00:00 UTC,63726.3297877616
2024-11-04 00:00:00 UTC,63270.259485616
2024-11-05 00:00:00 UTC,62346.7164863249
2024-11-06 00:00:00 UTC,63437.0608813866
2024-11-07 00:00:00 UTC,70456.7357599368
2024-11-08 00:00:00 UTC,70367.3013681625
2024-11-09 00:00:00 UTC,71385.2679917661
2024-11-10 00:00:00 UTC,71493.3957234108
2024-11-11 00:00:00 UTC,75100.3912217269
2024-11-12 00:00:00 UTC,83136.6703552488
2024-11-13 00:00:00 UTC,83116.390436454
2024-11-14 00:00:00 UTC,85646.805744767
2024-11-15 00:00:00 UTC,83012.8378117053
2024-11-16 00:00:00 UTC,86243.418238752
2024-11-17 00:00:00 UTC,85927.7187760006
2024-11-18 00:00:00 UTC,85275.3689714038
2024-11-19 00:00:00 UTC,85439.4264588364
2024-11-20 00:00:00 UTC,86966.3707376593
2024-11-21 00:00:00 UTC,89326.4051029836
2024-11-22 00:00:00 UTC,94069.1155978897
2024-11-23 00:00:00 UTC,94955.5560234708
2024-11-24 00:00:00 UTC,93760.2706897237
2024-11-25 00:00:00 UTC,93546.1148210193
2024-11-26 00:00:00 UTC,88960.1124969441
2024-11-27 00:00:00 UTC,87635.2127980843
2024-11-28 00:00:00 UTC,90869.1269136548
2024-11-29 00:00:00 UTC,90578.8083801327
2024-11-30 00:00:00 UTC,92112.0297646138
2024-12-01 00:00:00 UTC,91239.4712228585
2024-12-02 00:00:00 UTC,92304.3386739241
2024-12-03 00:00:00 UTC,91254.9956460552
2024-12-04 00:00:00 UTC,91374.2889384467
2024-12-05 00:00:00 UTC,94065.6452492579
2024-12-06 00:00:00 UTC,91830.0482524581
2024-12-07 00:00:00 UTC,94532.3747429456
2024-12-08 00:00:00 UTC,94396.5048454845
2024-12-09 00:00:00 UTC,95806.8273657268
2024-12-10 00:00:00 UTC,92230.5008390079
2024-12-11 00:00:00 UTC,91771.9966779587
2024-12-12 00:00:00 UTC,96256.9428651589
2024-12-13 00:00:00 UTC,95478.4718086457
2024-12-14 00:00:00 UTC,96474.2482490697
2024-12-15 00:00:00 UTC,96521.6675366772
2024-12-16 00:00:00 UTC,99631.3034938
2024-12-17 00:00:00 UTC,100856.746196931
2024-12-18 00:00:00 UTC,101033.246537442
2024-12-19 00:00:00 UTC,96953.1206944233
2024-12-20 00:00:00 UTC,94409.7259559329
2024-12-21 00:00:00 UTC,93650.4281364069
2024-12-22 00:00:00 UTC,93195.444103501
2024-12-23 00:00:00 UTC,91140.9196977557
2024-12-24 00:00:00 UTC,90965.4953002581
2024-12-25 00:00:00 UTC,94886.059447124
2024-12-26 00:00:00 UTC,95543.4201572626
2024-12-27 00:00:00 UTC,91803.3407916051
2024-12-28 00:00:00 UTC,90481.9775065786
2024-12-29 00:00:00 UTC,91277.9571166812
2024-12-30 00:00:00 UTC,89809.0093273124
2024-12-31 00:00:00 UTC,89022.9693288461
2025-01-01 00:00:00 UTC,90345.8905038711
2025-01-02 00:00:00 UTC,91178.2288052758
2025-01-03 00:00:00 UTC,94323.1435547866
2025-01-04 00:00:00 UTC,95112.0929531571
2025-01-05 00:00:00 UTC,95288.5009470417
2025-01-06 00:00:00 UTC,95454.5714512363
2025-01-07 00:00:00 UTC,98447.2136224008
2025-01-08 00:00:00 UTC,93725.1452090354
2025-01-09 00:00:00 UTC,92092.7650573562
2025-01-10 00:00:00 UTC,89707.5251760768
2025-01-11 00:00:00 UTC,92367.3584439038
2025-01-12 00:00:00 UTC,92212.7727188404
2025-01-13 00:00:00 UTC,92206.747349054
2025-01-14 00:00:00 UTC,92008.0407989071
2025-01-15 00:00:00 UTC,93716.547303282
2025-01-16 00:00:00 UTC,97450.2150288372
2025-01-17 00:00:00 UTC,97121.7768844561
2025-01-18 00:00:00 UTC,101102.327299804
2025-01-19 00:00:00 UTC,101591.658708986
2025-01-20 00:00:00 UTC,98556.6007224003
2025-01-21 00:00:00 UTC,97645.2615716912
2025-01-22 00:00:00 UTC,101985.065363153
2025-01-23 00:00:00 UTC,99609.0141519636
2025-01-24 00:00:00 UTC,99919.4749809745
2025-01-25 00:00:00 UTC,99809.812746175
2025-01-26 00:00:00 UTC,99781.9694103477
2025-01-27 00:00:00 UTC,97969.4964032325
2025-01-28 00:00:00 UTC,97617.9955307769
2025-01-29 00:00:00 UTC,97146.003008782
2025-01-30 00:00:00 UTC,99490.252889095
2025-01-31 00:00:00 UTC,100807.150702576
2025-02-01 00:00:00 UTC,98810.3747495637
2025-02-02 00:00:00 UTC,97148.3511645054
2025-02-03 00:00:00 UTC,95191.747476205
2025-02-04 00:00:00 UTC,98238.8954273459
2025-02-05 00:00:00 UTC,94583.3299701082
2025-02-06 00:00:00 UTC,92866.5705097769
2025-02-07 00:00:00 UTC,93047.1523841738
2025-02-08 00:00:00 UTC,93460.2816805147
2025-02-09 00:00:00 UTC,93491.7411145158
2025-02-10 00:00:00 UTC,93615.4328342935
2025-02-11 00:00:00 UTC,94540.7077535763
2025-02-12 00:00:00 UTC,92364.0900287209
2025-02-13 00:00:00 UTC,94159.6024313307
2025-02-14 00:00:00 UTC,92307.8330149462
2025-02-15 00:00:00 UTC,92877.1788226253
2025-02-16 00:00:00 UTC,92999.0921672816
2025-02-17 00:00:00 UTC,91660.7122715556
2025-02-18 00:00:00 UTC,91341.529606069
2025-02-19 00:00:00 UTC,91405.0385315025
2025-02-20 00:00:00 UTC,92663.0343545194
2025-02-21 00:00:00 UTC,93680.6615526678
2025-02-22 00:00:00 UTC,91867.9081345783
2025-02-23 00:00:00 UTC,92326.3396741869
2025-02-24 00:00:00 UTC,91955.0632141021
2025-02-25 00:00:00 UTC,87363.0619602929
2025-02-26 00:00:00 UTC,84371.1455747451
2025-02-27 00:00:00 UTC,79980.8888948767
2025-02-28 00:00:00 UTC,81478.6768332076
2025-03-01 00:00:00 UTC,81363.9939241088
2025-03-02 00:00:00 UTC,82870.3647047915
2025-03-03 00:00:00 UTC,90504.0796423044
2025-03-04 00:00:00 UTC,82148.3361331977
2025-03-05 00:00:00 UTC,82166.1907294557
2025-03-06 00:00:00 UTC,83930.0031717019
2025-03-07 00:00:00 UTC,83424.9085126551
2025-03-08 00:00:00 UTC,80085.8017452538
2025-03-09 00:00:00 UTC,79526.4269498492
2025-03-10 00:00:00 UTC,74356.456240904
2025-03-11 00:00:00 UTC,72665.185834248
2025-03-12 00:00:00 UTC,75856.7340173886
2025-03-13 00:00:00 UTC,77065.4632166514
2025-03-14 00:00:00 UTC,74718.5256245086
2025-03-15 00:00:00 UTC,76880.2983220297
2025-03-16 00:00:00 UTC,77306.5864689375
2025-03-17 00:00:00 UTC,75910.6485920578
2025-03-18 00:00:00 UTC,76998.9943007467
2025-03-19 00:00:00 UTC,75664.5074063217
2025-03-20 00:00:00 UTC,79563.2264074195
2025-03-21 00:00:00 UTC,77616.2278839175
2025-03-22 00:00:00 UTC,77238.3645646455
2025-03-23 00:00:00 UTC,77054.9020489095
2025-03-24 00:00:00 UTC,79173.1336227919
2025-03-25 00:00:00 UTC,80835.7862710389
2025-03-26 00:00:00 UTC,81135.6072363484
2025-03-27 00:00:00 UTC,80937.6858112063
2025-03-28 00:00:00 UTC,80762.2478926049
2025-03-29 00:00:00 UTC,77568.3631691394
2025-03-30 00:00:00 UTC,76023.3338049204
2025-03-31 00:00:00 UTC,76084.4485518845
2025-04-01 00:00:00 UTC,76278.0085119854
2025-04-02 00:00:00 UTC,78934.6941898124
2025-04-03 00:00:00 UTC,75695.3800853804
2025-04-04 00:00:00 UTC,75301.4146966801
2025-04-05 00:00:00 UTC,76509.5904557815
2025-04-06 00:00:00 UTC,76275.8953836975
2025-04-07 00:00:00 UTC,71140.6961972856
2025-04-08 00:00:00 UTC,72531.2405302074
2025-04-09 00:00:00 UTC,69491.4541131142
2025-04-10 00:00:00 UTC,75456.1842213969
2025-04-11 00:00:00 UTC,70705.9217877275
2025-04-12 00:00:00 UTC,73506.1746797092
2025-04-13 00:00:00 UTC,75105.7639373685
2025-04-14 00:00:00 UTC,73716.1099343172
2025-04-15 00:00:00 UTC,74558.6445834622
2025-04-16 00:00:00 UTC,74064.1880903623
2025-04-17 00:00:00 UTC,73774.7301121894
2025-04-18 00:00:00 UTC,74681.5314599657
2025-04-19 00:00:00 UTC,74244.3696351285
2025-04-20 00:00:00 UTC,74853.6619460574
2025-04-21 00:00:00 UTC,74302.9027027906
2025-04-22 00:00:00 UTC,75967.7567278194
2025-04-23 00:00:00 UTC,82373.9759152261
2025-04-24 00:00:00 UTC,82601.2889407699
2025-04-25 00:00:00 UTC,82541.3329503156
2025-04-26 00:00:00 UTC,83097.0646072425
2025-04-27 00:00:00 UTC,83069.0970540032
2025-04-28 00:00:00 UTC,82671.1675216757
2025-04-29 00:00:00 UTC,83297.36753699
2025-04-30 00:00:00 UTC,82775.5578551274
2025-05-01 00:00:00 UTC,83211.4894737017
2025-05-02 00:00:00 UTC,85360.4104272984
2025-05-03 00:00:00 UTC,85692.9639069055
2025-05-04 00:00:00 UTC,84867.7578381731
2025-05-05 00:00:00 UTC,83301.3477764896
2025-05-06 00:00:00 UTC,83747.7536365645
2025-05-07 00:00:00 UTC,85389.7641821884
2025-05-08 00:00:00 UTC,85813.6270171763
2025-05-09 00:00:00 UTC,91820.3462645092
2025-05-10 00:00:00 UTC,91518.2540851361
2025-05-11 00:00:00 UTC,93001.1570652865
2025-05-12 00:00:00 UTC,92608.0637925134
2025-05-13 00:00:00 UTC,92720.5210981984
2025-05-14 00:00:00 UTC,93135.4126330897
2025-05-15 00:00:00 UTC,92628.7485963221
2025-05-16 00:00:00 UTC,92661.5770992152
2025-05-17 00:00:00 UTC,92774.9196982743
2025-05-18 00:00:00 UTC,92467.0287478466
2025-05-19 00:00:00 UTC,94801.8871218542
2025-05-20 00:00:00 UTC,94038.2774904906
2025-05-21 00:00:00 UTC,94607.6945470917
2025-05-22 00:00:00 UTC,96787.0336790071
2025-05-23 00:00:00 UTC,98871.8166210704
2025-05-24 00:00:00 UTC,94299.5259895543
2025-05-25 00:00:00 UTC,94840.1645340416
2025-05-26 00:00:00 UTC,95724.2582392831
2025-05-27 00:00:00 UTC,96017.0084737501
2025-05-28 00:00:00 UTC,96193.0346746403
2025-05-29 00:00:00 UTC,95930.6919993808
2025-05-30 00:00:00 UTC,92934.1478912234
2025-05-31 00:00:00 UTC,91658.5827551927
2025-06-01 00:00:00 UTC,92254.8190470394
2025-06-02 00:00:00 UTC,93091.6139493938
2025-06-03 00:00:00 UTC,92458.4513817045
2025-06-04 00:00:00 UTC,92624.3993100535
2025-06-05 00:00:00 UTC,91782.9954775176
2025-06-06 00:00:00 UTC,88768.2356799631
2025-06-07 00:00:00 UTC,91583.533980202
2025-06-08 00:00:00 UTC,92699.0163220974
2025-06-09 00:00:00 UTC,92659.6534559763
2025-06-10 00:00:00 UTC,96512.9488286809
2025-06-11 00:00:00 UTC,96361.5269360423
2025-06-12 00:00:00 UTC,94451.7023016785
2025-06-13 00:00:00 UTC,91371.6879704984
2025-06-14 00:00:00 UTC,91818.2793960602
2025-06-15 00:00:00 UTC,91331.1084659157
2025-06-16 00:00:00 UTC,91393.091829314
2025-06-17 00:00:00 UTC,92573.8125207499
2025-06-18 00:00:00 UTC,91181.1473010155
2025-06-19 00:00:00 UTC,91265.2004024382
2025-06-20 00:00:00 UTC,90951.0491153552
2025-06-21 00:00:00 UTC,89626.5801658932
2025-06-22 00:00:00 UTC,88101.5356410953
2025-06-23 00:00:00 UTC,87680.6302373611
2025-06-24 00:00:00 UTC,90967.4800283869
2025-06-25 00:00:00 UTC,91260.2323153525
2025-06-26 00:00:00 UTC,91826.1016153349
2025-06-27 00:00:00 UTC,91494.4392664901
2025-06-28 00:00:00 UTC,91359.7307954153
2025-06-29 00:00:00 UTC,91575.3087354912
2025-06-30 00:00:00 UTC,92416.3535498248
2025-07-01 00:00:00 UTC,90905.501159078
2025-07-02 00:00:00 UTC,89468.8073901262
2025-07-03 00:00:00 UTC,92222.8399663599
2025-07-04 00:00:00 UTC,93134.1447554449
2025-07-05 00:00:00 UTC,91725.8529299334
2025-07-06 00:00:00 UTC,91875.7650166877
2025-07-07 00:00:00 UTC,92716.2762294792
2025-07-08 00:00:00 UTC,92275.2430977577
2025-07-09 00:00:00 UTC,92941.3218458014
2025-07-10 00:00:00 UTC,94912.397491502
2025-07-11 00:00:00 UTC,99004.5603463734
2025-07-12 00:00:00 UTC,100582.011973358
2025-07-13 00:00:00 UTC,100451.918098541
2025-07-14 00:00:00 UTC,101971.060851824
2025-07-15 00:00:00 UTC,102728.136438989
2025-07-16 00:00:00 UTC,101378.823510119
2025-07-17 00:00:00 UTC,102050.864826195
2025-07-18 00:00:00 UTC,102832.784366356
2025-07-19 00:00:00 UTC,101464.594666988
2025-07-20 00:00:00 UTC,101389.503759419
2025-07-21 00:00:00 UTC,100808.823510845
2025-07-22 00:00:00 UTC,100452.328441171
2025-07-23 00:00:00 UTC,102195.020638039
2025-07-24 00:00:00 UTC,100740.743286851
2025-07-25 00:00:00 UTC,100674.294584731
2025-07-26 00:00:00 UTC,100064.488359853
2025-07-27 00:00:00 UTC,100420.963709332
2025-07-28 00:00:00 UTC,101566.622333127
2025-07-29 00:00:00 UTC,101773.599869995
2025-07-30 00:00:00 UTC,102015.474154954
2025-07-31 00:00:00 UTC,103094.659110694
2025-08-01 00:00:00 UTC,101266.77423488
2025-08-02 00:00:00 UTC,97670.5086586068
2025-08-03 00:00:00 UTC,97113.8329373393
2025-08-04 00:00:00 UTC,98544.6957117832
2025-08-05 00:00:00 UTC,99402.6818972188
2025-08-06 00:00:00 UTC,98535.1111980158
2025-08-07 00:00:00 UTC,98617.0693593539
2025-08-08 00:00:00 UTC,100593.370301604
2025-08-09 00:00:00 UTC,100188.631590115
2025-08-10 00:00:00 UTC,100012.95510785
2025-08-11 00:00:00 UTC,102388.269918916
2025-08-12 00:00:00 UTC,102252.364083052
2025-08-13 00:00:00 UTC,102941.210444779
2025-08-14 00:00:00 UTC,105497.364854172
2025-08-15 00:00:00 UTC,101636.758510101
2025-08-16 00:00:00 UTC,100249.016532003
2025-08-17 00:00:00 UTC,100386.929343347
2025-08-18 00:00:00 UTC,100408.147374759
2025-08-19 00:00:00 UTC,99638.8373828487
2025-08-20 00:00:00 UTC,96863.6287040887
2025-08-21 00:00:00 UTC,98066.4888955638
2025-08-22 00:00:00 UTC,96791.6086509642
2025-08-23 00:00:00 UTC,99649.6838969596
2025-08-24 00:00:00 UTC,98413.2558158731
2025-08-25 00:00:00 UTC,96831.8744412226
2025-08-26 00:00:00 UTC,94870.8022108815
2025-08-27 00:00:00 UTC,96085.1905817478
2025-08-28 00:00:00 UTC,95491.242566944
2025-08-29 00:00:00 UTC,96327.4251344064
2025-08-30 00:00:00 UTC,92833.2157131397
2025-08-31 00:00:00 UTC,93079.4993099107
2025-09-01 00:00:00 UTC,92603.8220552599
2025-09-02 00:00:00 UTC,93160.3091753909
2025-09-03 00:00:00 UTC,95564.5146179763
2025-09-04 00:00:00 UTC,95810.6137636771
2025-09-05 00:00:00 UTC,94986.4330735265
2025-09-06 00:00:00 UTC,94407.787975913
2025-09-07 00:00:00 UTC,94063.2120343819
2025-09-08 00:00:00 UTC,94891.3852834126
2025-09-09 00:00:00 UTC,95188.9842017918
2025-09-10 00:00:00 UTC,95333.1268441535
2025-09-11 00:00:00 UTC,97391.2312705612
2025-09-12 00:00:00 UTC,98432.145113231
2025-09-13 00:00:00 UTC,98980.0582302897
2025-09-14 00:00:00 UTC,98832.9157325488
2025-09-15 00:00:00 UTC,98393.9140137141
2025-09-16 00:00:00 UTC,98091.2421330184
2025-09-17 00:00:00 UTC,98354.7193819566
2025-09-18 00:00:00 UTC,98474.7989775539
2025-09-19 00:00:00 UTC,99360.9346070095
2025-09-20 00:00:00 UTC,98467.6221922447
2025-09-21 00:00:00 UTC,98498.0881207248
2025-09-22 00:00:00 UTC,98240.4546952679
2025-09-23 00:00:00 UTC,95491.2168692941
2025-09-24 00:00:00 UTC,94822.9546626052
2025-09-25 00:00:00 UTC,96484.3054952526
2025-09-26 00:00:00 UTC,93429.362389184
2025-09-27 00:00:00 UTC,93733.3304673164
2025-09-28 00:00:00 UTC,93706.0663396537
2025-09-29 00:00:00 UTC,95794.8778144005
2025-09-30 00:00:00 UTC,97441.234939917
2025-10-01 00:00:00 UTC,97152.7469880486
2025-10-02 00:00:00 UTC,100978.392202051
2025-10-03 00:00:00 UTC,102871.303186309
2025-10-04 00:00:00 UTC,104109.085082216
2025-10-05 00:00:00 UTC,104264.886967995
2025-10-06 00:00:00 UTC,105463.166604368
2025-10-07 00:00:00 UTC,106551.585088726
2025-10-08 00:00:00 UTC,104255.922986274
2025-10-09 00:00:00 UTC,106071.312352232
2025-10-10 00:00:00 UTC,105228.27108342
2025-10-11 00:00:00 UTC,97419.9463733511
2025-10-12 00:00:00 UTC,95390.3262520041
2025-10-13 00:00:00 UTC,99291.5675685881
2025-10-14 00:00:00 UTC,99618.766232156
2025-10-15 00:00:00 UTC,97526.3656583305
2025-10-16 00:00:00 UTC,95060.9955376177
2025-10-17 00:00:00 UTC,92383.5553177453
2025-10-18 00:00:00 UTC,91285.6158337405
2025-10-19 00:00:00 UTC,91924.2061205245
2025-10-20 00:00:00 UTC,93170.2129084983
2025-10-21 00:00:00 UTC,94998.0519727074
2025-10-22 00:00:00 UTC,93520.3362836462
2025-10-23 00:00:00 UTC,92716.1802750522
2025-10-24 00:00:00 UTC,94718.7596774991
2025-10-25 00:00:00 UTC,95480.4223179941
2025-10-26 00:00:00 UTC,96015.9017430805
2025-10-27 00:00:00 UTC,98422.812121726
2025-10-28 00:00:00 UTC,97992.4734577286
2025-10-29 00:00:00 UTC,96931.0524874284
2025-10-30 00:00:00 UTC,94854.506473916
2025-10-31 00:00:00 UTC,93541.4528797171
2025-11-01 00:00:00 UTC,94468.0469363009
2025-11-02 00:00:00 UTC,94892.9126622433
2025-11-03 00:00:00 UTC,95987.1754988502
2025-11-04 00:00:00 UTC,92474.6836355173
2025-11-05 00:00:00 UTC,88489.8693158985
2025-11-06 00:00:00 UTC,90364.7875213195
2025-11-07 00:00:00 UTC,87737.5033291683
2025-11-08 00:00:00 UTC,89369.9918076979
2025-11-09 00:00:00 UTC,88414.0708820734
2025-11-10 00:00:00 UTC,90715.7536178522
2025-11-11 00:00:00 UTC,91627.7638118552
2025-11-12 00:00:00 UTC,88864.3128906723
2025-11-13 00:00:00 UTC,87583.2856130491
2025-11-14 00:00:00 UTC,85762.2060930298
2025-11-15 00:00:00 UTC,81256.3015780319
2025-11-16 00:00:00 UTC,82171.8162876493
2025-11-17 00:00:00 UTC,81307.886643105
2025-11-18 00:00:00 UTC,79409.7469489681
2025-11-19 00:00:00 UTC,80158.6799592857
2025-11-20 00:00:00 UTC,79175.4170501167
2025-11-21 00:00:00 UTC,75130.4652745881
2025-11-22 00:00:00 UTC,73858.984795578
2025-11-23 00:00:00 UTC,73512.3933690616
2025-11-24 00:00:00 UTC,75411.8658376246
2025-11-25 00:00:00 UTC,76580.9647248698
2025-11-26 00:00:00 UTC,75491.1320108795
2025-11-27 00:00:00 UTC,77981.4550717296
2025-11-28 00:00:00 UTC,78679.3554457408
2025-11-29 00:00:00 UTC,78428.9657120184
2025-11-30 00:00:00 UTC,78335.0372806238
2025-12-01 00:00:00 UTC,77939.4386677008
2025-12-02 00:00:00 UTC,74329.696201479
2025-12-03 00:00:00 UTC,78545.6914878267
2025-12-04 00:00:00 UTC,80248.8966821291
2025-12-05 00:00:00 UTC,79148.8649060458
2025-12-06 00:00:00 UTC,76688.0888168944
2025-12-07 00:00:00 UTC,76644.3833678994
2025-12-08 00:00:00 UTC,77445.6094137785
2025-12-09 00:00:00 UTC,77853.5945015687
2025-12-10 00:00:00 UTC,79740.7583980205
2025-12-11 00:00:00 UTC,78623.26596658
2025-12-12 00:00:00 UTC,78784.8750022086
2025-12-13 00:00:00 UTC,76899.7928873648
2025-12-14 00:00:00 UTC,76899.8712984537
2025-12-15 00:00:00 UTC,75164.8552196944
2025-12-16 00:00:00 UTC,73516.2095362987
2025-12-17 00:00:00 UTC,74744.0682059783
2025-12-18 00:00:00 UTC,73294.6303022387
2025-12-19 00:00:00 UTC,72867.257229606
2025-12-20 00:00:00 UTC,75222.1071720378
2025-12-21 00:00:00 UTC,75436.9513961021
2025-12-22 00:00:00 UTC,75656.1891851324
2025-12-23 00:00:00 UTC,75215.2398986937
2025-12-24 00:00:00 UTC,74108.7707641921
2025-12-25 00:00:00 UTC,74434.3418671495
2025-12-26 00:00:00 UTC,74027.4661274212
2025-12-27 00:00:00 UTC,74154.6237932565
2025-12-28 00:00:00 UTC,74573.8731778887
2025-12-29 00:00:00 UTC,74582.6388139435
2025-12-30 00:00:00 UTC,74039.3256672253
2025-12-31 00:00:00 UTC,75269.8489033522
2026-01-01 00:00:00 UTC,74596.2504752111
2026-01-02 00:00:00 UTC,75513.6355984084
2026-01-03 00:00:00 UTC,76689.1309440027
2026-01-04 00:00:00 UTC,77249.3796739994
2026-01-05 00:00:00 UTC,78064.3414951409
2026-01-06 00:00:00 UTC,80175.5370584332
2026-01-07 00:00:00 UTC,80143.9914020497
2026-01-08 00:00:00 UTC,78141.129517538
2026-01-09 00:00:00 UTC,78048.4803262967
2026-01-10 00:00:00 UTC,77786.1521193588
2026-01-11 00:00:00 UTC,77732.1116953535
2026-01-12 00:00:00 UTC,78132.8995733987
2026-01-13 00:00:00 UTC,78102.6685868444
2026-01-14 00:00:00 UTC,81821.0038373829
2026-01-15 00:00:00 UTC,83294.5668809446
2026-01-16 00:00:00 UTC,82340.6897988726
2026-01-17 00:00:00 UTC,82325.307386757
2026-01-18 00:00:00 UTC,81938.1371051784
2026-01-19 00:00:00 UTC,80668.76565977
2026-01-20 00:00:00 UTC,79524.750769512
2026-01-21 00:00:00 UTC,75297.6473462297
2026-01-22 00:00:00 UTC,76556.1211162107
2026-01-23 00:00:00 UTC,76098.9792035865
2026-01-24 00:00:00 UTC,75603.7265000605
2026-01-25 00:00:00 UTC,75383.2731622764
2026-01-26 00:00:00 UTC,72996.3262098808
2026-01-27 00:00:00 UTC,74363.4317674231
2026-01-28 00:00:00 UTC,74201.5886611439
2026-01-29 00:00:00 UTC,74501.6192139349
2026-01-30 00:00:00 UTC,70676.5056974868
2026-01-31 00:00:00 UTC,70983.3506698331
2026-02-01 00:00:00 UTC,66414.3938771067
2026-02-02 00:00:00 UTC,64920.3409669064
2026-02-03 00:00:00 UTC,66775.9123408603
2026-02-04 00:00:00 UTC,64016.8797268869
2026-02-05 00:00:00 UTC,61997.4927655795
2026-02-06 00:00:00 UTC,53368.1885537795
2026-02-07 00:00:00 UTC,59677.3700189572
2026-02-08 00:00:00 UTC,58638.9578917792
2026-02-09 00:00:00 UTC,59666.5028919378
2026-02-10 00:00:00 UTC,58879.5798869511
2026-02-11 00:00:00 UTC,57853.8084594864
