datetime,price
2015-08-07 00:00:00 UTC,2.58021325643
2015-08-08 00:00:00 UTC,1.17530558004
2015-08-10 00:00:00 UTC,0.624115986108648
2015-08-11 00:00:00 UTC,0.966606550111675
2015-08-12 00:00:00 UTC,1.12629204642291
2015-08-13 00:00:00 UTC,1.63667299240258
2015-08-14 00:00:00 UTC,1.64355653678531
2015-08-15 00:00:00 UTC,1.50503607014238
2015-08-16 00:00:00 UTC,1.32939085838256
2015-08-17 00:00:00 UTC,1.08677440182118
2015-08-18 00:00:00 UTC,1.16214665682713
2015-08-19 00:00:00 UTC,1.12647472689706
2015-08-20 00:00:00 UTC,1.32127373022701
2015-08-21 00:00:00 UTC,1.23476829757495
2015-08-22 00:00:00 UTC,1.21231359987058
2015-08-23 00:00:00 UTC,1.18989842008167
2015-08-24 00:00:00 UTC,1.07501166594736
2015-08-25 00:00:00 UTC,1.00732539544438
2015-08-26 00:00:00 UTC,0.988153254439526
2015-08-27 00:00:00 UTC,1.00819582858965
2015-08-28 00:00:00 UTC,1.06312155828687
2015-08-29 00:00:00 UTC,1.04987753406946
2015-08-30 00:00:00 UTC,1.18165767512374
2015-08-31 00:00:00 UTC,1.20610603560412
2015-09-01 00:00:00 UTC,1.19514507658172
2015-09-02 00:00:00 UTC,1.13992916486275
2015-09-03 00:00:00 UTC,1.13561459080962
2015-09-04 00:00:00 UTC,1.13865932977699
2015-09-05 00:00:00 UTC,1.19736846321138
2015-09-06 00:00:00 UTC,1.1651442144477
2015-09-07 00:00:00 UTC,1.12527696881736
2015-09-08 00:00:00 UTC,1.10301129691337
2015-09-09 00:00:00 UTC,1.07576268413828
2015-09-10 00:00:00 UTC,1.03398087947732
2015-09-11 00:00:00 UTC,0.861395268298533
2015-09-12 00:00:00 UTC,0.915953915208079
2015-09-13 00:00:00 UTC,0.826802164437376
2015-09-14 00:00:00 UTC,0.772623997694737
2015-09-15 00:00:00 UTC,0.835686512236612
2015-09-16 00:00:00 UTC,0.799991114850668
2015-09-17 00:00:00 UTC,0.773388031789544
2015-09-18 00:00:00 UTC,0.748413039503509
2015-09-19 00:00:00 UTC,0.780216486183515
2015-09-20 00:00:00 UTC,0.829287652282359
2015-09-21 00:00:00 UTC,0.80553154572731
2015-09-22 00:00:00 UTC,0.806301006093898
2015-09-23 00:00:00 UTC,0.799153147155733
2015-09-24 00:00:00 UTC,0.729777020382117
2015-09-25 00:00:00 UTC,0.66128659282511
2015-09-26 00:00:00 UTC,0.694710674817792
2015-09-27 00:00:00 UTC,0.644547369154903
2015-09-28 00:00:00 UTC,0.51891711560701
2015-09-29 00:00:00 UTC,0.58441767357142
2015-09-30 00:00:00 UTC,0.657740437602348
2015-10-01 00:00:00 UTC,0.612790392504517
2015-10-02 00:00:00 UTC,0.603166143012207
2015-10-03 00:00:00 UTC,0.613238313368996
2015-10-04 00:00:00 UTC,0.595353654802318
2015-10-05 00:00:00 UTC,0.561448345576029
2015-10-06 00:00:00 UTC,0.572722464858088
2015-10-07 00:00:00 UTC,0.542621669711703
2015-10-08 00:00:00 UTC,0.552342782599487
2015-10-09 00:00:00 UTC,0.572912117206408
2015-10-10 00:00:00 UTC,0.554447539197327
2015-10-11 00:00:00 UTC,0.560715807892856
2015-10-12 00:00:00 UTC,0.553730289209655
2015-10-13 00:00:00 UTC,0.529381527440976
2015-10-14 00:00:00 UTC,0.451182291186725
2015-10-15 00:00:00 UTC,0.493525215636551
2015-10-16 00:00:00 UTC,0.469715082619653
2015-10-17 00:00:00 UTC,0.482997588985023
2015-10-18 00:00:00 UTC,0.456562037285602
2015-10-19 00:00:00 UTC,0.429863629750914
2015-10-20 00:00:00 UTC,0.381455429944806
2015-10-21 00:00:00 UTC,0.387791263186829
2015-10-22 00:00:00 UTC,0.509201008396327
2015-10-23 00:00:00 UTC,0.490781176682259
2015-10-24 00:00:00 UTC,0.516045569496765
2015-10-25 00:00:00 UTC,0.573649327160033
2015-10-26 00:00:00 UTC,0.672880924292526
2015-10-27 00:00:00 UTC,0.773767451857107
2015-10-28 00:00:00 UTC,0.924752545833199
2015-10-29 00:00:00 UTC,1.05877160735948
2015-10-30 00:00:00 UTC,0.946632285132999
2015-10-31 00:00:00 UTC,0.823871589376286
2015-11-01 00:00:00 UTC,0.961015159211923
2015-11-02 00:00:00 UTC,0.867126199862059
2015-11-03 00:00:00 UTC,0.912469585468469
2015-11-04 00:00:00 UTC,0.8274524915094
2015-11-05 00:00:00 UTC,0.830517845471579
2015-11-06 00:00:00 UTC,0.846355509701917
2015-11-07 00:00:00 UTC,0.858827108949259
2015-11-08 00:00:00 UTC,0.959991813275229
2015-11-09 00:00:00 UTC,0.926104833195722
2015-11-10 00:00:00 UTC,0.871768508679281
2015-11-11 00:00:00 UTC,0.733715992813532
2015-11-12 00:00:00 UTC,0.833326937990277
2015-11-13 00:00:00 UTC,0.839318595294408
2015-11-14 00:00:00 UTC,0.820916439614627
2015-11-15 00:00:00 UTC,0.848307112816833
2015-11-16 00:00:00 UTC,0.873861044874202
2015-11-17 00:00:00 UTC,0.935041248880534
2015-11-18 00:00:00 UTC,0.93276990315208
2015-11-19 00:00:00 UTC,0.886459189104323
2015-11-20 00:00:00 UTC,0.870472098225829
2015-11-21 00:00:00 UTC,0.914311464433987
2015-11-22 00:00:00 UTC,0.906323516522174
2015-11-23 00:00:00 UTC,0.888765183703945
2015-11-24 00:00:00 UTC,0.844698031228655
2015-11-25 00:00:00 UTC,0.817078222835039
2015-11-26 00:00:00 UTC,0.844661104089409
2015-11-27 00:00:00 UTC,0.824109507480739
2015-11-28 00:00:00 UTC,0.86594736656886
2015-11-29 00:00:00 UTC,0.823122541714084
2015-11-30 00:00:00 UTC,0.826493711140721
2015-12-01 00:00:00 UTC,0.823215894758167
2015-12-02 00:00:00 UTC,0.775416614662871
2015-12-03 00:00:00 UTC,0.754621280668917
2015-12-04 00:00:00 UTC,0.770870681365191
2015-12-05 00:00:00 UTC,0.794574900784291
2015-12-06 00:00:00 UTC,0.767785945166137
2015-12-07 00:00:00 UTC,0.739122228893461
2015-12-08 00:00:00 UTC,0.751570076637414
2015-12-09 00:00:00 UTC,0.71844291969933
2015-12-10 00:00:00 UTC,0.774556029893827
2015-12-11 00:00:00 UTC,0.834363236777353
2015-12-12 00:00:00 UTC,0.883522509857998
2015-12-13 00:00:00 UTC,0.871749254669943
2015-12-14 00:00:00 UTC,0.905096425679372
2015-12-15 00:00:00 UTC,0.930599101356902
2015-12-16 00:00:00 UTC,0.906765524950723
2015-12-17 00:00:00 UTC,0.867714410536175
2015-12-18 00:00:00 UTC,0.847628147752321
2015-12-19 00:00:00 UTC,0.836853897015712
2015-12-20 00:00:00 UTC,0.831320006613389
2015-12-21 00:00:00 UTC,0.821765136203571
2015-12-22 00:00:00 UTC,0.802705280333761
2015-12-23 00:00:00 UTC,0.795266080549372
2015-12-24 00:00:00 UTC,0.785501941523916
2015-12-25 00:00:00 UTC,0.793566663639295
2015-12-26 00:00:00 UTC,0.777434451317139
2015-12-27 00:00:00 UTC,0.782869628209746
2015-12-28 00:00:00 UTC,0.76765032966663
2015-12-29 00:00:00 UTC,0.795605269375941
2015-12-30 00:00:00 UTC,0.823740513100614
2015-12-31 00:00:00 UTC,0.862971643632446
2016-01-01 00:00:00 UTC,0.871377861212777
2016-01-02 00:00:00 UTC,0.863884714485052
2016-01-03 00:00:00 UTC,0.895101532521705
2016-01-04 00:00:00 UTC,0.885705215068975
2016-01-05 00:00:00 UTC,0.886411662562543
2016-01-06 00:00:00 UTC,0.898069577578349
2016-01-07 00:00:00 UTC,0.877814813419796
2016-01-08 00:00:00 UTC,0.911356614416056
2016-01-09 00:00:00 UTC,0.938158680335553
2016-01-10 00:00:00 UTC,0.93302904043371
2016-01-11 00:00:00 UTC,0.983974396764549
2016-01-12 00:00:00 UTC,1.07520635167502
2016-01-13 00:00:00 UTC,1.03843287769447
2016-01-14 00:00:00 UTC,1.06508243452527
2016-01-15 00:00:00 UTC,1.10937021705544
2016-01-16 00:00:00 UTC,1.11159492609566
2016-01-17 00:00:00 UTC,1.2105132934774
2016-01-18 00:00:00 UTC,1.28325141389223
2016-01-19 00:00:00 UTC,1.26215868274114
2016-01-20 00:00:00 UTC,1.43739546945863
2016-01-21 00:00:00 UTC,1.42122294838399
2016-01-22 00:00:00 UTC,1.36405724514633
2016-01-23 00:00:00 UTC,1.56717181623028
2016-01-24 00:00:00 UTC,1.97463040212378
2016-01-25 00:00:00 UTC,2.28779424023447
2016-01-26 00:00:00 UTC,1.92053921953794
2016-01-27 00:00:00 UTC,2.18755621191608
2016-01-28 00:00:00 UTC,2.3043646610499
2016-01-29 00:00:00 UTC,2.29455708729962
2016-01-30 00:00:00 UTC,2.25062975847755
2016-01-31 00:00:00 UTC,2.12250162593042
2016-02-01 00:00:00 UTC,2.04004651776802
2016-02-02 00:00:00 UTC,2.20130595780074
2016-02-03 00:00:00 UTC,2.2652981035311
2016-02-04 00:00:00 UTC,2.28376248713352
2016-02-05 00:00:00 UTC,2.26911466861551
2016-02-06 00:00:00 UTC,2.25621721100525
2016-02-07 00:00:00 UTC,2.6449190306982
2016-02-08 00:00:00 UTC,2.82652410935244
2016-02-09 00:00:00 UTC,3.29464029416219
2016-02-10 00:00:00 UTC,3.92469173665856
2016-02-11 00:00:00 UTC,5.30412071648584
2016-02-12 00:00:00 UTC,4.86540453805549
2016-02-13 00:00:00 UTC,4.77378209629614
2016-02-14 00:00:00 UTC,4.59455480404371
2016-02-15 00:00:00 UTC,4.76668485985772
2016-02-16 00:00:00 UTC,3.92091488041153
2016-02-17 00:00:00 UTC,3.36523356041874
2016-02-18 00:00:00 UTC,3.96060071690615
2016-02-19 00:00:00 UTC,4.03703703955603
2016-02-20 00:00:00 UTC,3.86486061805239
2016-02-21 00:00:00 UTC,4.18447787942501
2016-02-22 00:00:00 UTC,5.08504482753988
2016-02-23 00:00:00 UTC,5.09404432121613
2016-02-24 00:00:00 UTC,5.56797000229895
2016-02-25 00:00:00 UTC,5.38488141431854
2016-02-26 00:00:00 UTC,5.39406687219145
2016-02-27 00:00:00 UTC,5.81474122789256
2016-02-28 00:00:00 UTC,5.89156370029898
2016-02-29 00:00:00 UTC,5.80351258735259
2016-03-01 00:00:00 UTC,6.95959941917091
2016-03-02 00:00:00 UTC,7.72693150028984
2016-03-03 00:00:00 UTC,8.67359126515088
2016-03-04 00:00:00 UTC,9.11709120416923
2016-03-05 00:00:00 UTC,9.93596091262323
2016-03-06 00:00:00 UTC,9.96282089027454
2016-03-07 00:00:00 UTC,8.53191642214219
2016-03-08 00:00:00 UTC,8.90238911316499
2016-03-09 00:00:00 UTC,10.8787610645202
2016-03-10 00:00:00 UTC,10.0230121921556
2016-03-11 00:00:00 UTC,10.0508847618214
2016-03-12 00:00:00 UTC,11.9961847002416
2016-03-13 00:00:00 UTC,13.3598473142473
2016-03-14 00:00:00 UTC,11.0686532554184
2016-03-15 00:00:00 UTC,11.6723698825811
2016-03-16 00:00:00 UTC,11.1740751663402
2016-03-17 00:00:00 UTC,9.68414661835416
2016-03-18 00:00:00 UTC,9.5805714999405
2016-03-19 00:00:00 UTC,9.26333346205182
2016-03-20 00:00:00 UTC,9.0636717779155
2016-03-21 00:00:00 UTC,10.542200814221
2016-03-22 00:00:00 UTC,10.0899423399232
2016-03-23 00:00:00 UTC,11.0935873139762
2016-03-24 00:00:00 UTC,9.95517227164217
2016-03-25 00:00:00 UTC,9.52899367534725
2016-03-26 00:00:00 UTC,9.81935477344168
2016-03-27 00:00:00 UTC,9.29687406442313
2016-03-28 00:00:00 UTC,10.4275580312691
2016-03-29 00:00:00 UTC,10.3963064456999
2016-03-30 00:00:00 UTC,10.4852381908201
2016-03-31 00:00:00 UTC,9.97589224800205
2016-04-01 00:00:00 UTC,10.2138256021033
2016-04-02 00:00:00 UTC,10.1497373250873
2016-04-03 00:00:00 UTC,10.1055206621619
2016-04-04 00:00:00 UTC,9.82146332967675
2016-04-05 00:00:00 UTC,9.15361089343134
2016-04-06 00:00:00 UTC,9.35935454935634
2016-04-07 00:00:00 UTC,8.81859870166525
2016-04-08 00:00:00 UTC,8.56152143296253
2016-04-09 00:00:00 UTC,8.68400324598913
2016-04-10 00:00:00 UTC,7.7280825366199
2016-04-11 00:00:00 UTC,7.59825288637031
2016-04-12 00:00:00 UTC,6.60231651315143
2016-04-13 00:00:00 UTC,7.10679759673152
2016-04-14 00:00:00 UTC,7.48701222745043
2016-04-15 00:00:00 UTC,7.27250099611277
2016-04-16 00:00:00 UTC,7.5819795071426
2016-04-17 00:00:00 UTC,8.25534908124285
2016-04-18 00:00:00 UTC,7.92138420939081
2016-04-19 00:00:00 UTC,7.65760462265495
2016-04-20 00:00:00 UTC,7.50779452841492
2016-04-21 00:00:00 UTC,7.18471043103733
2016-04-22 00:00:00 UTC,6.99797305857081
2016-04-23 00:00:00 UTC,7.46315643182553
2016-04-24 00:00:00 UTC,7.11984600807844
2016-04-25 00:00:00 UTC,6.93705483291817
2016-04-26 00:00:00 UTC,6.57162903757046
2016-04-27 00:00:00 UTC,6.81949183152493
2016-04-28 00:00:00 UTC,6.38673749683739
2016-04-29 00:00:00 UTC,6.5295290142757
2016-04-30 00:00:00 UTC,7.76729717797245
2016-05-01 00:00:00 UTC,7.70945995973667
2016-05-02 00:00:00 UTC,8.76867721900921
2016-05-03 00:00:00 UTC,8.07433254045211
2016-05-04 00:00:00 UTC,8.19450672160639
2016-05-05 00:00:00 UTC,8.61824731161359
2016-05-06 00:00:00 UTC,8.13442575401056
2016-05-07 00:00:00 UTC,8.22575845809039
2016-05-08 00:00:00 UTC,8.35915822259146
2016-05-09 00:00:00 UTC,8.21734082151311
2016-05-10 00:00:00 UTC,8.22050741542169
2016-05-11 00:00:00 UTC,8.73701458559273
2016-05-12 00:00:00 UTC,8.87072466684058
2016-05-13 00:00:00 UTC,9.36183163647832
2016-05-14 00:00:00 UTC,8.99987575885278
2016-05-15 00:00:00 UTC,8.81287118992879
2016-05-16 00:00:00 UTC,9.8407280822566
2016-05-17 00:00:00 UTC,10.7482112155611
2016-05-18 00:00:00 UTC,11.8757040762716
2016-05-19 00:00:00 UTC,13.1380039419173
2016-05-20 00:00:00 UTC,12.2020850332848
2016-05-21 00:00:00 UTC,12.4743103917732
2016-05-22 00:00:00 UTC,12.7011760486491
2016-05-23 00:00:00 UTC,11.7977386540499
2016-05-24 00:00:00 UTC,11.361279238187
2016-05-25 00:00:00 UTC,11.2086973622435
2016-05-26 00:00:00 UTC,11.1663796256396
2016-05-27 00:00:00 UTC,10.0689094872632
2016-05-28 00:00:00 UTC,10.5870189710953
2016-05-29 00:00:00 UTC,11.1108065142881
2016-05-30 00:00:00 UTC,11.3813351459709
2016-05-31 00:00:00 UTC,12.5846147645291
2016-06-01 00:00:00 UTC,12.3900966947879
2016-06-02 00:00:00 UTC,12.3516016582478
2016-06-03 00:00:00 UTC,12.1746477841564
2016-06-04 00:00:00 UTC,12.0498731579908
2016-06-05 00:00:00 UTC,12.2965941075979
2016-06-06 00:00:00 UTC,12.2766258560074
2016-06-07 00:00:00 UTC,12.8122314680699
2016-06-08 00:00:00 UTC,12.6596111174762
2016-06-09 00:00:00 UTC,12.760054019204
2016-06-10 00:00:00 UTC,12.3912241209911
2016-06-11 00:00:00 UTC,12.4099350272533
2016-06-12 00:00:00 UTC,13.9526880757824
2016-06-13 00:00:00 UTC,15.5477000810584
2016-06-14 00:00:00 UTC,16.7469658874943
2016-06-15 00:00:00 UTC,16.3549394923811
2016-06-16 00:00:00 UTC,18.258042155617
2016-06-17 00:00:00 UTC,13.6547212041278
2016-06-18 00:00:00 UTC,9.92983129413699
2016-06-19 00:00:00 UTC,10.8252075049877
2016-06-20 00:00:00 UTC,10.4408040025283
2016-06-21 00:00:00 UTC,11.540961625279
2016-06-22 00:00:00 UTC,11.2411852584815
2016-06-23 00:00:00 UTC,12.0121063892296
2016-06-24 00:00:00 UTC,12.5492595219099
2016-06-25 00:00:00 UTC,12.8599962939327
2016-06-26 00:00:00 UTC,12.4795463750055
2016-06-27 00:00:00 UTC,12.6501885776726
2016-06-28 00:00:00 UTC,11.1028345638441
2016-06-29 00:00:00 UTC,11.506339451401
2016-06-30 00:00:00 UTC,12.014066999433
2016-07-01 00:00:00 UTC,11.0695554549005
2016-07-02 00:00:00 UTC,10.7767599674615
2016-07-03 00:00:00 UTC,10.6193540725142
2016-07-04 00:00:00 UTC,10.2441580243141
2016-07-05 00:00:00 UTC,9.52472227288866
2016-07-06 00:00:00 UTC,9.47053979977369
2016-07-07 00:00:00 UTC,9.12943418039972
2016-07-08 00:00:00 UTC,10.3094892892644
2016-07-09 00:00:00 UTC,9.94783026430014
2016-07-10 00:00:00 UTC,9.91316513672844
2016-07-11 00:00:00 UTC,9.50720760187298
2016-07-12 00:00:00 UTC,9.59440761842702
2016-07-13 00:00:00 UTC,9.45236857256872
2016-07-14 00:00:00 UTC,10.1165380283146
2016-07-15 00:00:00 UTC,10.2591640564774
2016-07-16 00:00:00 UTC,10.6029256555671
2016-07-17 00:00:00 UTC,10.2315526034007
2016-07-18 00:00:00 UTC,9.95336851822325
2016-07-19 00:00:00 UTC,10.5105414470318
2016-07-20 00:00:00 UTC,11.0346039676231
2016-07-21 00:00:00 UTC,11.4296195567008
2016-07-22 00:00:00 UTC,13.0427802565796
2016-07-23 00:00:00 UTC,13.1068804952476
2016-07-24 00:00:00 UTC,11.6683221035861
2016-07-25 00:00:00 UTC,12.5667006433706
2016-07-26 00:00:00 UTC,10.7110173856235
2016-07-27 00:00:00 UTC,11.7232860256931
2016-07-28 00:00:00 UTC,11.6264466957546
2016-07-29 00:00:00 UTC,11.4886230741634
2016-07-30 00:00:00 UTC,11.2261522537326
2016-07-31 00:00:00 UTC,10.6199280204086
2016-08-01 00:00:00 UTC,9.82055544346085
2016-08-02 00:00:00 UTC,7.4315949875504
2016-08-03 00:00:00 UTC,9.16686213032065
2016-08-04 00:00:00 UTC,9.91228158343504
2016-08-05 00:00:00 UTC,9.86789106302165
2016-08-06 00:00:00 UTC,9.830444478483
2016-08-07 00:00:00 UTC,9.84553480177472
2016-08-08 00:00:00 UTC,10.1421270475313
2016-08-09 00:00:00 UTC,10.9620645877738
2016-08-10 00:00:00 UTC,10.8506096233676
2016-08-11 00:00:00 UTC,10.7611812361764
2016-08-12 00:00:00 UTC,10.7260590166508
2016-08-13 00:00:00 UTC,10.3717479018105
2016-08-14 00:00:00 UTC,10.0849320893355
2016-08-15 00:00:00 UTC,10.0386551916356
2016-08-16 00:00:00 UTC,9.08735321929576
2016-08-17 00:00:00 UTC,9.50594195851278
2016-08-18 00:00:00 UTC,9.44588908132966
2016-08-19 00:00:00 UTC,9.46161788393363
2016-08-20 00:00:00 UTC,9.94274796621199
2016-08-21 00:00:00 UTC,9.85592682853168
2016-08-22 00:00:00 UTC,9.76940858547042
2016-08-23 00:00:00 UTC,9.74059319960436
2016-08-24 00:00:00 UTC,9.77583870619326
2016-08-25 00:00:00 UTC,10.0461783583423
2016-08-26 00:00:00 UTC,10.051769160122
2016-08-27 00:00:00 UTC,9.95595189201732
2016-08-28 00:00:00 UTC,9.74479904400302
2016-08-29 00:00:00 UTC,9.74593479733417
2016-08-30 00:00:00 UTC,10.0572786552391
2016-08-31 00:00:00 UTC,10.2991558705406
2016-09-01 00:00:00 UTC,10.7191686932443
2016-09-02 00:00:00 UTC,10.8372019007212
2016-09-03 00:00:00 UTC,10.5741760527134
2016-09-04 00:00:00 UTC,10.4525862183824
2016-09-05 00:00:00 UTC,10.5391004989436
2016-09-06 00:00:00 UTC,10.3877474946468
2016-09-07 00:00:00 UTC,10.2720143752202
2016-09-08 00:00:00 UTC,10.0627538583355
2016-09-09 00:00:00 UTC,10.3548747648939
2016-09-10 00:00:00 UTC,10.7891107235055
2016-09-11 00:00:00 UTC,10.3193301002331
2016-09-12 00:00:00 UTC,10.5398351927614
2016-09-13 00:00:00 UTC,10.5939921181995
2016-09-14 00:00:00 UTC,10.5903698212721
2016-09-15 00:00:00 UTC,10.5804143389126
2016-09-16 00:00:00 UTC,11.2219195328631
2016-09-17 00:00:00 UTC,11.3676241185871
2016-09-18 00:00:00 UTC,11.0837715063179
2016-09-19 00:00:00 UTC,11.7717713255632
2016-09-20 00:00:00 UTC,12.8322380683016
2016-09-21 00:00:00 UTC,12.2455772329037
2016-09-22 00:00:00 UTC,11.8038903196892
2016-09-23 00:00:00 UTC,11.8612527097843
2016-09-24 00:00:00 UTC,11.4521213827663
2016-09-25 00:00:00 UTC,11.6105816080467
2016-09-26 00:00:00 UTC,11.3912301224755
2016-09-27 00:00:00 UTC,11.6536242072419
2016-09-28 00:00:00 UTC,11.8667447064547
2016-09-29 00:00:00 UTC,11.6707878400718
2016-09-30 00:00:00 UTC,11.739429617022
2016-10-01 00:00:00 UTC,11.8061656697255
2016-10-02 00:00:00 UTC,11.7434989571924
2016-10-03 00:00:00 UTC,12.0124069710531
2016-10-04 00:00:00 UTC,11.8344245063405
2016-10-05 00:00:00 UTC,11.6484904839
2016-10-06 00:00:00 UTC,11.5069610019497
2016-10-07 00:00:00 UTC,11.2970918652054
2016-10-08 00:00:00 UTC,10.8687948533835
2016-10-09 00:00:00 UTC,10.7459687328962
2016-10-10 00:00:00 UTC,10.6161675127089
2016-10-11 00:00:00 UTC,10.6234171924008
2016-10-12 00:00:00 UTC,10.7640563883143
2016-10-13 00:00:00 UTC,10.8177953349525
2016-10-14 00:00:00 UTC,10.8597273397351
2016-10-15 00:00:00 UTC,10.8857151625963
2016-10-16 00:00:00 UTC,10.8698270901773
2016-10-17 00:00:00 UTC,10.8816675673344
2016-10-18 00:00:00 UTC,11.3941762134634
2016-10-19 00:00:00 UTC,10.9075380470629
2016-10-20 00:00:00 UTC,10.9939154145162
2016-10-21 00:00:00 UTC,11.1064013667988
2016-10-22 00:00:00 UTC,11.0645725156578
2016-10-23 00:00:00 UTC,10.9660111593795
2016-10-24 00:00:00 UTC,10.9345352789468
2016-10-25 00:00:00 UTC,10.3526112534015
2016-10-26 00:00:00 UTC,10.5401108091206
2016-10-27 00:00:00 UTC,10.5130342549162
2016-10-28 00:00:00 UTC,10.4908444257143
2016-10-29 00:00:00 UTC,9.40702222899626
2016-10-30 00:00:00 UTC,10.082443803108
2016-10-31 00:00:00 UTC,9.91595114566423
2016-11-01 00:00:00 UTC,9.75883512388917
2016-11-02 00:00:00 UTC,9.71493113937408
2016-11-03 00:00:00 UTC,9.73370919106043
2016-11-04 00:00:00 UTC,9.98505625776133
2016-11-05 00:00:00 UTC,9.9302714272731
2016-11-06 00:00:00 UTC,9.85052773860458
2016-11-07 00:00:00 UTC,9.84386975219186
2016-11-08 00:00:00 UTC,9.87514779150444
2016-11-09 00:00:00 UTC,9.76693272488403
2016-11-10 00:00:00 UTC,9.66195885025071
2016-11-11 00:00:00 UTC,9.47835341603848
2016-11-12 00:00:00 UTC,8.90132610435265
2016-11-13 00:00:00 UTC,9.32966569477175
2016-11-14 00:00:00 UTC,9.29923147735385
2016-11-15 00:00:00 UTC,9.51055722027958
2016-11-16 00:00:00 UTC,9.36920631769458
2016-11-17 00:00:00 UTC,9.37710095177287
2016-11-18 00:00:00 UTC,8.92759814508253
2016-11-19 00:00:00 UTC,9.12932044900135
2016-11-20 00:00:00 UTC,8.99821744006317
2016-11-21 00:00:00 UTC,9.00422685695263
2016-11-22 00:00:00 UTC,9.23404605055861
2016-11-23 00:00:00 UTC,9.24192202351763
2016-11-24 00:00:00 UTC,8.69540959696609
2016-11-25 00:00:00 UTC,8.81141597747839
2016-11-26 00:00:00 UTC,8.76742572715522
2016-11-27 00:00:00 UTC,8.40147713764628
2016-11-28 00:00:00 UTC,8.20466835665174
2016-11-29 00:00:00 UTC,7.66041826628645
2016-11-30 00:00:00 UTC,8.16228467324659
2016-12-01 00:00:00 UTC,7.91483101915024
2016-12-02 00:00:00 UTC,7.1605471661114
2016-12-03 00:00:00 UTC,7.39933300703628
2016-12-04 00:00:00 UTC,7.07289364334999
2016-12-05 00:00:00 UTC,6.33170132646329
2016-12-06 00:00:00 UTC,7.11959797365417
2016-12-07 00:00:00 UTC,7.56203776535959
2016-12-08 00:00:00 UTC,7.81955572817652
2016-12-09 00:00:00 UTC,8.05201396358157
2016-12-10 00:00:00 UTC,7.66735957061346
2016-12-11 00:00:00 UTC,7.78955054020223
2016-12-12 00:00:00 UTC,7.96376181385546
2016-12-13 00:00:00 UTC,7.85829767298856
2016-12-14 00:00:00 UTC,7.79335557742771
2016-12-15 00:00:00 UTC,7.45721226440106
2016-12-16 00:00:00 UTC,7.47306687982517
2016-12-17 00:00:00 UTC,7.48248523090229
2016-12-18 00:00:00 UTC,7.52016892547918
2016-12-19 00:00:00 UTC,7.29906908442449
2016-12-20 00:00:00 UTC,7.3372812282418
2016-12-21 00:00:00 UTC,7.53333770946084
2016-12-22 00:00:00 UTC,7.25985818466647
2016-12-23 00:00:00 UTC,6.88695768275
2016-12-24 00:00:00 UTC,6.91044943634589
2016-12-25 00:00:00 UTC,6.89665460135871
2016-12-26 00:00:00 UTC,6.95264517491357
2016-12-27 00:00:00 UTC,6.85544001786862
2016-12-28 00:00:00 UTC,7.30755831022769
2016-12-29 00:00:00 UTC,7.78817105495084
2016-12-30 00:00:00 UTC,7.74780283756507
2016-12-31 00:00:00 UTC,7.61303253959982
2017-01-01 00:00:00 UTC,7.66636487792751
2017-01-02 00:00:00 UTC,7.98868373589244
2017-01-03 00:00:00 UTC,9.24363159892401
2017-01-04 00:00:00 UTC,10.4627671565842
2017-01-05 00:00:00 UTC,9.53932237055805
2017-01-06 00:00:00 UTC,9.63897375200553
2017-01-07 00:00:00 UTC,9.32736668829707
2017-01-08 00:00:00 UTC,9.74848544249886
2017-01-09 00:00:00 UTC,9.72488837864401
2017-01-10 00:00:00 UTC,9.97271677282256
2017-01-11 00:00:00 UTC,9.12874679399177
2017-01-12 00:00:00 UTC,9.10925705450214
2017-01-13 00:00:00 UTC,9.07401778343101
2017-01-14 00:00:00 UTC,9.11010549886668
2017-01-15 00:00:00 UTC,9.21205718081606
2017-01-16 00:00:00 UTC,8.98314073369059
2017-01-17 00:00:00 UTC,9.57637226630816
2017-01-18 00:00:00 UTC,9.52177214789476
2017-01-19 00:00:00 UTC,9.7431827936224
2017-01-20 00:00:00 UTC,9.85862158576083
2017-01-21 00:00:00 UTC,10.1635419771375
2017-01-22 00:00:00 UTC,10.0390095467879
2017-01-23 00:00:00 UTC,9.98708313125058
2017-01-24 00:00:00 UTC,9.69025334827544
2017-01-25 00:00:00 UTC,9.74102015092224
2017-01-26 00:00:00 UTC,9.88266899696008
2017-01-27 00:00:00 UTC,9.82470726995324
2017-01-28 00:00:00 UTC,9.86645778703878
2017-01-29 00:00:00 UTC,9.7360805171871
2017-01-30 00:00:00 UTC,9.87799565224501
2017-01-31 00:00:00 UTC,9.89223181885263
2017-02-01 00:00:00 UTC,9.93888930936695
2017-02-02 00:00:00 UTC,10.0474545435113
2017-02-03 00:00:00 UTC,10.1387530795036
2017-02-04 00:00:00 UTC,10.5054848052651
2017-02-05 00:00:00 UTC,10.4283678406379
2017-02-06 00:00:00 UTC,10.5081892559058
2017-02-07 00:00:00 UTC,10.7083176723804
2017-02-08 00:00:00 UTC,10.5970638859375
2017-02-09 00:00:00 UTC,10.2444792634711
2017-02-10 00:00:00 UTC,10.6073172679775
2017-02-11 00:00:00 UTC,10.7157955094064
2017-02-12 00:00:00 UTC,10.6801243505058
2017-02-13 00:00:00 UTC,10.647966260862
2017-02-14 00:00:00 UTC,12.2644310413624
2017-02-15 00:00:00 UTC,12.2109533741803
2017-02-16 00:00:00 UTC,12.0311010687921
2017-02-17 00:00:00 UTC,11.9675844146119
2017-02-18 00:00:00 UTC,12.0724466277809
2017-02-19 00:00:00 UTC,12.0304275415124
2017-02-20 00:00:00 UTC,12.0203225014658
2017-02-21 00:00:00 UTC,12.086581416331
2017-02-22 00:00:00 UTC,11.9359082686608
2017-02-23 00:00:00 UTC,12.4359467139601
2017-02-24 00:00:00 UTC,12.3857532715628
2017-02-25 00:00:00 UTC,12.8282494975852
2017-02-26 00:00:00 UTC,13.7770666682609
2017-02-27 00:00:00 UTC,14.506860657334
2017-02-28 00:00:00 UTC,14.8512662388149
2017-03-01 00:00:00 UTC,16.2725790967535
2017-03-02 00:00:00 UTC,18.0776924026177
2017-03-03 00:00:00 UTC,18.4369582334673
2017-03-04 00:00:00 UTC,17.5455894622147
2017-03-05 00:00:00 UTC,18.1401872045645
2017-03-06 00:00:00 UTC,18.589898321969
2017-03-07 00:00:00 UTC,17.818203403709
2017-03-08 00:00:00 UTC,15.8905322696797
2017-03-09 00:00:00 UTC,16.6736274784758
2017-03-10 00:00:00 UTC,18.0484820400886
2017-03-11 00:00:00 UTC,20.043624854183
2017-03-12 00:00:00 UTC,21.6292303090217
2017-03-13 00:00:00 UTC,26.7079730802947
2017-03-14 00:00:00 UTC,26.9043228900224
2017-03-15 00:00:00 UTC,31.8688992963566
2017-03-16 00:00:00 UTC,37.1257137657765
2017-03-17 00:00:00 UTC,41.0023709371345
2017-03-18 00:00:00 UTC,30.0285858413299
2017-03-19 00:00:00 UTC,41.0438043850491
2017-03-20 00:00:00 UTC,39.0008443151628
2017-03-21 00:00:00 UTC,39.2864475281145
2017-03-22 00:00:00 UTC,38.2319049132132
2017-03-23 00:00:00 UTC,40.1330978301965
2017-03-24 00:00:00 UTC,47.0866265390179
2017-03-25 00:00:00 UTC,46.9011043488722
2017-03-26 00:00:00 UTC,46.1355385352276
2017-03-27 00:00:00 UTC,45.1145058016431
2017-03-28 00:00:00 UTC,46.474333788686
2017-03-29 00:00:00 UTC,49.0912307288894
2017-03-30 00:00:00 UTC,48.9619930740054
2017-03-31 00:00:00 UTC,46.8622397588323
2017-04-01 00:00:00 UTC,47.2852350244622
2017-04-02 00:00:00 UTC,45.33459274182
2017-04-03 00:00:00 UTC,40.8497672900766
2017-04-04 00:00:00 UTC,39.1386983302734
2017-04-05 00:00:00 UTC,42.7315572687093
2017-04-06 00:00:00 UTC,40.3795519195764
2017-04-07 00:00:00 UTC,40.035294454782
2017-04-08 00:00:00 UTC,42.0182716290926
2017-04-09 00:00:00 UTC,41.7245130190955
2017-04-10 00:00:00 UTC,41.4275438625955
2017-04-11 00:00:00 UTC,41.3563822120738
2017-04-12 00:00:00 UTC,43.3095900497145
2017-04-13 00:00:00 UTC,46.8667255415109
2017-04-14 00:00:00 UTC,44.8279772016246
2017-04-15 00:00:00 UTC,46.3070838145958
2017-04-16 00:00:00 UTC,45.9140087276317
2017-04-17 00:00:00 UTC,45.4392573893015
2017-04-18 00:00:00 UTC,47.3122471726666
2017-04-19 00:00:00 UTC,44.944550419294
2017-04-20 00:00:00 UTC,46.7241482857048
2017-04-21 00:00:00 UTC,45.5005434449194
2017-04-22 00:00:00 UTC,45.7598638629168
2017-04-23 00:00:00 UTC,46.4968042834092
2017-04-24 00:00:00 UTC,47.0171961696313
2017-04-25 00:00:00 UTC,46.6375205307974
2017-04-26 00:00:00 UTC,50.3073189219886
2017-04-27 00:00:00 UTC,58.8374410363209
2017-04-28 00:00:00 UTC,66.9973458688634
2017-04-29 00:00:00 UTC,64.6589686022293
2017-04-30 00:00:00 UTC,73.1830248216618
2017-05-01 00:00:00 UTC,70.5024895272275
2017-05-02 00:00:00 UTC,70.7603372303216
2017-05-03 00:00:00 UTC,74.3332274455671
2017-05-04 00:00:00 UTC,85.705124204225
2017-05-05 00:00:00 UTC,82.8948682589824
2017-05-06 00:00:00 UTC,87.6854470281068
2017-05-07 00:00:00 UTC,81.6774540360547
2017-05-08 00:00:00 UTC,80.4958336386823
2017-05-09 00:00:00 UTC,80.4086202616694
2017-05-10 00:00:00 UTC,81.3597569035173
2017-05-11 00:00:00 UTC,81.4216023639432
2017-05-12 00:00:00 UTC,80.6492530447293
2017-05-13 00:00:00 UTC,81.5319952939888
2017-05-14 00:00:00 UTC,82.4236818589044
2017-05-15 00:00:00 UTC,82.4180098055425
2017-05-16 00:00:00 UTC,78.5227488092459
2017-05-17 00:00:00 UTC,79.0325565827802
2017-05-18 00:00:00 UTC,87.0025010506409
2017-05-19 00:00:00 UTC,108.996078372544
2017-05-20 00:00:00 UTC,109.786352119947
2017-05-21 00:00:00 UTC,132.655695523491
2017-05-22 00:00:00 UTC,136.923074339067
2017-05-23 00:00:00 UTC,152.91903044389
2017-05-24 00:00:00 UTC,169.754900783936
2017-05-25 00:00:00 UTC,158.872219371685
2017-05-26 00:00:00 UTC,145.713760208995
2017-05-27 00:00:00 UTC,142.17835983595
2017-05-28 00:00:00 UTC,154.130591737777
2017-05-29 00:00:00 UTC,176.022492745385
2017-05-30 00:00:00 UTC,206.559687060263
2017-05-31 00:00:00 UTC,205.869130811022
2017-06-01 00:00:00 UTC,197.93626910106
2017-06-02 00:00:00 UTC,198.791934829407
2017-06-03 00:00:00 UTC,199.778446149684
2017-06-04 00:00:00 UTC,219.373712754933
2017-06-05 00:00:00 UTC,221.223415066854
2017-06-06 00:00:00 UTC,235.831245408833
2017-06-07 00:00:00 UTC,227.586455938824
2017-06-08 00:00:00 UTC,232.373538447445
2017-06-09 00:00:00 UTC,250.561605302376
2017-06-10 00:00:00 UTC,301.70414571684
2017-06-11 00:00:00 UTC,304.335759412775
2017-06-12 00:00:00 UTC,356.046456677025
2017-06-13 00:00:00 UTC,347.901751915539
2017-06-14 00:00:00 UTC,310.244272439238
2017-06-15 00:00:00 UTC,310.749513896927
2017-06-16 00:00:00 UTC,320.326063728097
2017-06-17 00:00:00 UTC,332.585558671676
2017-06-18 00:00:00 UTC,320.806958212985
2017-06-19 00:00:00 UTC,324.651268822117
2017-06-20 00:00:00 UTC,321.546481678583
2017-06-21 00:00:00 UTC,293.626988696088
2017-06-22 00:00:00 UTC,293.236851801055
2017-06-23 00:00:00 UTC,296.537104140968
2017-06-24 00:00:00 UTC,277.007765891948
2017-06-25 00:00:00 UTC,257.262864474318
2017-06-26 00:00:00 UTC,231.573165838911
2017-06-27 00:00:00 UTC,247.560541545639
2017-06-28 00:00:00 UTC,278.875124416715
2017-06-29 00:00:00 UTC,262.365505164379
2017-06-30 00:00:00 UTC,249.138860807419
2017-07-01 00:00:00 UTC,229.748370001148
2017-07-02 00:00:00 UTC,250.426421923997
2017-07-03 00:00:00 UTC,245.090867849185
2017-07-04 00:00:00 UTC,237.582136056838
2017-07-05 00:00:00 UTC,234.238325313812
2017-07-06 00:00:00 UTC,234.164393659002
2017-07-07 00:00:00 UTC,211.765337139848
2017-07-08 00:00:00 UTC,215.997007585724
2017-07-09 00:00:00 UTC,209.430751848093
2017-07-10 00:00:00 UTC,184.728598287788
2017-07-11 00:00:00 UTC,169.433440733016
2017-07-12 00:00:00 UTC,194.585196730413
2017-07-13 00:00:00 UTC,181.13320040845
2017-07-14 00:00:00 UTC,172.627778704461
2017-07-15 00:00:00 UTC,149.788554284454
2017-07-16 00:00:00 UTC,136.413735095935
2017-07-17 00:00:00 UTC,164.114035137213
2017-07-18 00:00:00 UTC,197.828999724549
2017-07-19 00:00:00 UTC,173.141778366838
2017-07-20 00:00:00 UTC,192.179441149223
2017-07-21 00:00:00 UTC,186.092820984837
2017-07-22 00:00:00 UTC,198.152413056923
2017-07-23 00:00:00 UTC,194.225969791145
2017-07-24 00:00:00 UTC,193.161931587229
2017-07-25 00:00:00 UTC,177.572049241868
2017-07-26 00:00:00 UTC,170.724402481822
2017-07-27 00:00:00 UTC,173.889015202035
2017-07-28 00:00:00 UTC,163.92315657008
2017-07-29 00:00:00 UTC,174.917706437836
2017-07-30 00:00:00 UTC,167.688335793996
2017-07-31 00:00:00 UTC,171.823217240794
2017-08-01 00:00:00 UTC,192.350638045133
2017-08-02 00:00:00 UTC,184.838013905012
2017-08-03 00:00:00 UTC,189.327126303753
2017-08-04 00:00:00 UTC,188.274971702816
2017-08-05 00:00:00 UTC,215.012448752837
2017-08-06 00:00:00 UTC,223.3326215603
2017-08-07 00:00:00 UTC,227.695881286651
2017-08-08 00:00:00 UTC,250.989255496267
2017-08-09 00:00:00 UTC,252.555506955131
2017-08-10 00:00:00 UTC,252.238847540281
2017-08-11 00:00:00 UTC,259.516558654556
2017-08-12 00:00:00 UTC,261.106458275566
2017-08-13 00:00:00 UTC,251.370151582081
2017-08-14 00:00:00 UTC,251.641595203559
2017-08-15 00:00:00 UTC,245.753419263185
2017-08-16 00:00:00 UTC,254.760394207242
2017-08-17 00:00:00 UTC,255.211273183521
2017-08-18 00:00:00 UTC,251.787458916732
2017-08-19 00:00:00 UTC,252.220728938373
2017-08-20 00:00:00 UTC,251.123418014676
2017-08-21 00:00:00 UTC,272.844826229842
2017-08-22 00:00:00 UTC,265.351733892976
2017-08-23 00:00:00 UTC,268.204904251543
2017-08-24 00:00:00 UTC,272.616183023353
2017-08-25 00:00:00 UTC,275.912045983409
2017-08-26 00:00:00 UTC,276.681522491886
2017-08-27 00:00:00 UTC,287.273696775116
2017-08-28 00:00:00 UTC,287.607925593842
2017-08-29 00:00:00 UTC,306.324889393709
2017-08-30 00:00:00 UTC,318.548446780309
2017-08-31 00:00:00 UTC,321.447048931362
2017-09-01 00:00:00 UTC,325.700719058783
2017-09-02 00:00:00 UTC,292.111159392584
2017-09-03 00:00:00 UTC,294.555737575258
2017-09-04 00:00:00 UTC,251.960671940238
2017-09-05 00:00:00 UTC,267.525680540023
2017-09-06 00:00:00 UTC,279.434825283823
2017-09-07 00:00:00 UTC,273.916041112322
2017-09-08 00:00:00 UTC,252.949394646043
2017-09-09 00:00:00 UTC,249.025104743927
2017-09-10 00:00:00 UTC,243.683143359638
2017-09-11 00:00:00 UTC,247.874483186309
2017-09-12 00:00:00 UTC,242.737972433625
2017-09-13 00:00:00 UTC,233.306385067366
2017-09-14 00:00:00 UTC,179.826387169304
2017-09-15 00:00:00 UTC,206.715571265066
2017-09-16 00:00:00 UTC,204.94391399116
2017-09-17 00:00:00 UTC,209.188608209189
2017-09-18 00:00:00 UTC,240.770031327298
2017-09-19 00:00:00 UTC,233.797147195195
2017-09-20 00:00:00 UTC,235.341470971384
2017-09-21 00:00:00 UTC,215.493890421407
2017-09-22 00:00:00 UTC,220.476776014023
2017-09-23 00:00:00 UTC,237.005967088815
2017-09-24 00:00:00 UTC,235.368458234738
2017-09-25 00:00:00 UTC,243.03024965727
2017-09-26 00:00:00 UTC,240.896253376608
2017-09-27 00:00:00 UTC,257.185003422749
2017-09-28 00:00:00 UTC,249.819471981124
2017-09-29 00:00:00 UTC,243.865957106981
2017-09-30 00:00:00 UTC,251.614372445181
2017-10-01 00:00:00 UTC,253.779679769649
2017-10-02 00:00:00 UTC,252.106885663187
2017-10-03 00:00:00 UTC,248.835253529381
2017-10-04 00:00:00 UTC,249.243568254408
2017-10-05 00:00:00 UTC,250.796082036477
2017-10-06 00:00:00 UTC,262.261594963763
2017-10-07 00:00:00 UTC,263.937151351971
2017-10-08 00:00:00 UTC,261.513431663942
2017-10-09 00:00:00 UTC,252.037265962925
2017-10-10 00:00:00 UTC,253.835362402561
2017-10-11 00:00:00 UTC,255.580300518142
2017-10-12 00:00:00 UTC,255.251596999686
2017-10-13 00:00:00 UTC,285.902841675988
2017-10-14 00:00:00 UTC,283.697831817247
2017-10-15 00:00:00 UTC,284.004368532129
2017-10-16 00:00:00 UTC,281.511849731273
2017-10-17 00:00:00 UTC,270.081552879303
2017-10-18 00:00:00 UTC,266.522369394977
2017-10-19 00:00:00 UTC,260.300501013846
2017-10-20 00:00:00 UTC,256.657428910749
2017-10-21 00:00:00 UTC,255.137224829768
2017-10-22 00:00:00 UTC,251.430063682313
2017-10-23 00:00:00 UTC,246.246186792398
2017-10-24 00:00:00 UTC,254.00869793459
2017-10-25 00:00:00 UTC,252.541016164372
2017-10-26 00:00:00 UTC,253.717339263097
2017-10-27 00:00:00 UTC,256.636450246684
2017-10-28 00:00:00 UTC,255.375206899181
2017-10-29 00:00:00 UTC,261.691208307844
2017-10-30 00:00:00 UTC,262.934150193461
2017-10-31 00:00:00 UTC,260.553875330702
2017-11-01 00:00:00 UTC,251.430865385667
2017-11-02 00:00:00 UTC,246.282523140799
2017-11-03 00:00:00 UTC,263.487649532161
2017-11-04 00:00:00 UTC,258.418654141261
2017-11-05 00:00:00 UTC,256.182348854281
2017-11-06 00:00:00 UTC,259.5194323133
2017-11-07 00:00:00 UTC,254.407640023197
2017-11-08 00:00:00 UTC,266.491399815763
2017-11-09 00:00:00 UTC,276.820137816032
2017-11-10 00:00:00 UTC,258.319038030532
2017-11-11 00:00:00 UTC,271.094120661742
2017-11-12 00:00:00 UTC,269.40185283477
2017-11-13 00:00:00 UTC,270.370547345998
2017-11-14 00:00:00 UTC,287.442494737004
2017-11-15 00:00:00 UTC,283.756788396507
2017-11-16 00:00:00 UTC,280.297004018391
2017-11-17 00:00:00 UTC,282.716866153308
2017-11-18 00:00:00 UTC,295.774257164879
2017-11-19 00:00:00 UTC,301.093665264723
2017-11-20 00:00:00 UTC,311.665730259494
2017-11-21 00:00:00 UTC,307.619560830532
2017-11-22 00:00:00 UTC,321.02445331396
2017-11-23 00:00:00 UTC,348.10868654797
2017-11-24 00:00:00 UTC,398.111063803551
2017-11-25 00:00:00 UTC,391.7644822653
2017-11-26 00:00:00 UTC,393.249278347277
2017-11-27 00:00:00 UTC,407.010397436485
2017-11-28 00:00:00 UTC,400.145874294066
2017-11-29 00:00:00 UTC,361.470010995456
2017-11-30 00:00:00 UTC,381.631472771106
2017-12-01 00:00:00 UTC,395.075779390883
2017-12-02 00:00:00 UTC,395.070373659868
2017-12-03 00:00:00 UTC,389.181417816686
2017-12-04 00:00:00 UTC,397.880957951794
2017-12-05 00:00:00 UTC,394.823359152158
2017-12-06 00:00:00 UTC,380.137499573368
2017-12-07 00:00:00 UTC,383.797366778557
2017-12-08 00:00:00 UTC,397.72327518576
2017-12-09 00:00:00 UTC,409.402406876909
2017-12-10 00:00:00 UTC,379.616822179591
2017-12-11 00:00:00 UTC,432.21758505643
2017-12-12 00:00:00 UTC,563.634668037466
2017-12-13 00:00:00 UTC,599.548178445135
2017-12-14 00:00:00 UTC,598.373325163858
2017-12-15 00:00:00 UTC,589.558759207288
2017-12-16 00:00:00 UTC,597.339801316428
2017-12-17 00:00:00 UTC,620.664796750692
2017-12-18 00:00:00 UTC,677.328618787162
2017-12-19 00:00:00 UTC,701.103498580603
2017-12-20 00:00:00 UTC,684.770329806186
2017-12-21 00:00:00 UTC,685.367051309809
2017-12-22 00:00:00 UTC,565.625641928537
2017-12-23 00:00:00 UTC,603.351174548079
2017-12-24 00:00:00 UTC,578.761125700834
2017-12-25 00:00:00 UTC,618.153638076932
2017-12-26 00:00:00 UTC,652.797840756434
2017-12-27 00:00:00 UTC,642.856134871903
2017-12-28 00:00:00 UTC,617.049013213643
2017-12-29 00:00:00 UTC,629.505656705473
2017-12-30 00:00:00 UTC,613.85272562777
2017-12-31 00:00:00 UTC,645.465299603028
2018-01-01 00:00:00 UTC,646.072905575396
2018-01-02 00:00:00 UTC,726.835043945575
2018-01-03 00:00:00 UTC,801.961563049376
2018-01-04 00:00:00 UTC,810.667641537364
2018-01-05 00:00:00 UTC,835.393307921203
2018-01-06 00:00:00 UTC,874.572267817613
2018-01-07 00:00:00 UTC,945.026050368777
2018-01-08 00:00:00 UTC,989.963656333618
2018-01-09 00:00:00 UTC,1141.04709189842
2018-01-10 00:00:00 UTC,1125.20995550021
2018-01-11 00:00:00 UTC,982.108299721489
2018-01-12 00:00:00 UTC,1079.43756301398
2018-01-13 00:00:00 UTC,1187.07900932455
2018-01-14 00:00:00 UTC,1156.0662258766
2018-01-15 00:00:00 UTC,1084.20474900986
2018-01-16 00:00:00 UTC,871.038635361568
2018-01-17 00:00:00 UTC,838.829187736482
2018-01-18 00:00:00 UTC,846.823344134164
2018-01-19 00:00:00 UTC,856.63943389954
2018-01-20 00:00:00 UTC,959.755924833637
2018-01-21 00:00:00 UTC,859.607701876543
2018-01-22 00:00:00 UTC,816.230867441243
2018-01-23 00:00:00 UTC,805.698323059328
2018-01-24 00:00:00 UTC,852.915280112581
2018-01-25 00:00:00 UTC,855.069934553108
2018-01-26 00:00:00 UTC,843.784939723729
2018-01-27 00:00:00 UTC,881.584427308586
2018-01-28 00:00:00 UTC,995.892533358868
2018-01-29 00:00:00 UTC,944.891373720804
2018-01-30 00:05:11 UTC,938.305134278156
2018-01-31 00:00:00 UTC,853.179880868578
2018-02-01 00:00:00 UTC,890.594981951949
2018-02-02 00:00:00 UTC,816.504868233405
2018-02-03 00:00:00 UTC,734.203464847541
2018-02-04 00:00:00 UTC,755.70762038181
2018-02-05 00:00:00 UTC,671.538929711767
2018-02-06 00:00:00 UTC,552.93202163255
2018-02-07 00:00:00 UTC,634.478674097869
2018-02-08 00:05:23 UTC,613.139761477755
2018-02-09 00:00:00 UTC,658.789954741143
2018-02-10 00:00:00 UTC,711.22928147127
2018-02-11 00:00:00 UTC,697.687741215538
2018-02-12 00:00:00 UTC,667.366750569034
2018-02-13 00:00:00 UTC,701.622674570103
2018-02-14 00:00:00 UTC,674.974265279713
2018-02-15 00:00:00 UTC,734.73600315035
2018-02-16 00:00:00 UTC,742.544772652042
2018-02-17 00:00:00 UTC,753.315780263344
2018-02-18 00:00:00 UTC,777.173115698273
2018-02-19 00:00:00 UTC,736.759823921177
2018-02-20 00:00:00 UTC,748.532406818235
2018-02-21 00:00:00 UTC,731.949425245621
2018-02-22 00:00:00 UTC,656.28263960044
2018-02-23 00:00:00 UTC,658.686419186165
2018-02-24 00:00:00 UTC,703.209970527562
2018-02-25 00:00:00 UTC,674.033060610046
2018-02-26 00:00:00 UTC,685.703722446318
2018-02-27 00:00:00 UTC,701.497345111146
2018-02-28 00:00:00 UTC,710.361922853766
2018-03-01 00:00:00 UTC,694.098185637482
2018-03-02 00:00:00 UTC,697.46035064322
2018-03-03 00:00:00 UTC,690.402375586714
2018-03-04 00:00:00 UTC,685.357972253049
2018-03-05 00:00:00 UTC,683.933049381831
2018-03-06 00:00:00 UTC,680.909615934949
2018-03-07 00:00:00 UTC,651.243773921704
2018-03-08 00:00:00 UTC,606.236377234928
2018-03-09 00:00:00 UTC,568.114166597125
2018-03-10 00:00:00 UTC,577.608709870622
2018-03-11 00:00:00 UTC,556.518055456581
2018-03-12 00:00:00 UTC,579.252967855442
2018-03-13 00:00:00 UTC,563.534778694428
2018-03-14 00:00:00 UTC,552.420178385348
2018-03-15 00:00:00 UTC,491.857266367188
2018-03-16 00:00:00 UTC,497.713266536985
2018-03-17 00:00:00 UTC,494.361032589994
2018-03-18 00:00:00 UTC,455.511797002752
2018-03-19 00:00:00 UTC,438.644973669418
2018-03-20 00:00:00 UTC,449.807646291723
2018-03-21 00:00:00 UTC,452.545575505078
2018-03-22 00:00:00 UTC,454.504563421058
2018-03-23 00:00:00 UTC,436.219347200119
2018-03-24 00:00:00 UTC,435.381324950762
2018-03-25 00:00:00 UTC,420.419695950353
2018-03-26 00:00:00 UTC,420.327457707486
2018-03-27 00:00:00 UTC,391.392900241178
2018-03-28 00:00:00 UTC,361.946892762673
2018-03-29 00:00:00 UTC,360.745936252754
2018-03-30 00:00:00 UTC,313.216212331202
2018-03-31 00:00:00 UTC,320.633319104489
2018-04-01 00:00:00 UTC,321.030048798508
2018-04-02 00:00:00 UTC,307.876727153244
2018-04-03 00:00:00 UTC,313.02707464275
2018-04-04 00:00:00 UTC,338.588401081822
2018-04-05 00:00:00 UTC,309.554458772717
2018-04-06 00:00:00 UTC,313.884495207977
2018-04-07 00:00:00 UTC,301.043328201246
2018-04-08 00:00:00 UTC,312.056317413588
2018-04-09 00:00:00 UTC,323.566331534044
2018-04-10 00:00:00 UTC,323.598595999277
2018-04-11 00:00:00 UTC,333.788095015016
2018-04-12 00:00:00 UTC,345.438156460303
2018-04-13 00:00:00 UTC,396.313287067584
2018-04-14 00:00:00 UTC,396.279263698847
2018-04-15 00:00:00 UTC,401.239505207665
2018-04-16 00:00:00 UTC,426.164919545832
2018-04-17 00:00:00 UTC,409.522511553981
2018-04-18 00:00:00 UTC,402.870007988471
2018-04-19 00:00:00 UTC,417.948203818831
2018-04-20 00:00:00 UTC,458.825164854579
2018-04-21 00:00:00 UTC,479.404098630188
2018-04-22 00:00:00 UTC,487.758407892789
2018-04-23 00:00:00 UTC,502.875537063297
2018-04-24 00:00:00 UTC,521.189798168623
2018-04-25 00:00:00 UTC,576.118980205681
2018-04-26 00:00:00 UTC,504.253220666941
2018-04-27 00:00:00 UTC,542.62460817178
2018-04-28 00:00:00 UTC,528.540495636919
2018-04-29 00:00:00 UTC,553.735606151306
2018-04-30 00:00:00 UTC,561.074244237314
2018-05-01 00:00:00 UTC,548.506109686637
2018-05-02 00:00:00 UTC,554.777018416694
2018-05-03 00:00:00 UTC,566.197369024557
2018-05-04 00:00:00 UTC,651.808341990045
2018-05-05 00:00:00 UTC,649.914612315881
2018-05-06 00:00:00 UTC,674.157060195058
2018-05-07 00:00:00 UTC,657.23817193413
2018-05-08 00:00:00 UTC,627.488189785759
2018-05-09 00:00:00 UTC,627.198615468983
2018-05-10 00:00:00 UTC,627.763628731864
2018-05-11 00:00:00 UTC,602.100233415439
2018-05-12 00:00:00 UTC,564.746492617595
2018-05-13 00:00:00 UTC,571.188413197304
2018-05-14 00:00:00 UTC,608.066150493995
2018-05-15 00:00:00 UTC,609.969971879457
2018-05-16 00:00:00 UTC,594.576490594653
2018-05-17 00:00:00 UTC,594.483967000351
2018-05-18 00:00:00 UTC,564.495412363326
2018-05-19 00:00:00 UTC,582.052956665855
2018-05-20 00:00:00 UTC,581.694065919744
2018-05-21 00:00:00 UTC,598.118595270516
2018-05-22 00:00:00 UTC,584.348594684868
2018-05-23 00:00:00 UTC,543.833246967356
2018-05-24 00:00:00 UTC,496.360793641701
2018-05-25 00:00:00 UTC,509.993101294756
2018-05-26 00:00:00 UTC,499.531662698517
2018-05-27 00:00:00 UTC,497.990955316626
2018-05-28 00:00:00 UTC,484.204643266784
2018-05-29 00:00:00 UTC,439.929286479373
2018-05-30 00:00:00 UTC,486.891527015922
2018-05-31 00:00:00 UTC,475.975318226185
2018-06-01 00:00:00 UTC,488.831827586049
2018-06-02 00:00:00 UTC,491.781091100532
2018-06-03 00:00:00 UTC,499.791631601697
2018-06-04 00:00:00 UTC,522.293488128935
2018-06-05 00:00:00 UTC,501.382854437655
2018-06-06 00:00:00 UTC,512.188757683829
2018-06-07 00:00:00 UTC,507.77838691437
2018-06-08 00:00:00 UTC,504.634830479107
2018-06-09 00:00:00 UTC,501.250255505927
2018-06-10 00:00:00 UTC,493.500368774804
2018-06-11 00:00:00 UTC,443.759128829772
2018-06-12 00:00:00 UTC,449.387109793254
2018-06-13 00:00:00 UTC,421.416915330667
2018-06-14 00:00:00 UTC,402.278322186205
2018-06-15 00:00:00 UTC,446.748930493797
2018-06-16 00:00:00 UTC,417.748936120501
2018-06-17 00:00:00 UTC,424.319406615268
2018-06-18 00:00:00 UTC,423.949691297772
2018-06-19 00:00:00 UTC,440.414663685538
2018-06-20 00:00:00 UTC,458.969884130939
2018-06-21 00:00:00 UTC,457.586010051838
2018-06-22 00:00:00 UTC,448.604746276729
2018-06-23 00:00:00 UTC,397.669200983381
2018-06-24 00:00:00 UTC,405.414827376673
2018-06-25 00:00:00 UTC,390.777642828936
2018-06-26 00:00:00 UTC,392.156686418168
2018-06-27 00:00:00 UTC,369.612208870144
2018-06-28 00:00:00 UTC,378.722920272705
2018-06-29 00:00:00 UTC,363.93841756018
2018-06-30 00:00:00 UTC,369.616345559331
2018-07-01 00:00:00 UTC,384.037973513897
2018-07-02 00:00:00 UTC,383.420484344233
2018-07-03 00:00:00 UTC,405.711936104777
2018-07-04 00:00:00 UTC,394.297845841324
2018-07-05 00:00:00 UTC,397.155604067628
2018-07-06 00:00:00 UTC,399.181488606666
2018-07-07 00:00:00 UTC,397.830345311556
2018-07-08 00:00:00 UTC,409.685284282163
2018-07-09 00:00:00 UTC,411.679977279245
2018-07-10 00:00:00 UTC,399.581322954551
2018-07-11 00:00:00 UTC,368.189297365402
2018-07-12 00:00:00 UTC,379.41140887153
2018-07-13 00:00:00 UTC,366.715917843833
2018-07-14 00:00:00 UTC,368.662074409507
2018-07-15 00:00:00 UTC,369.046270627085
2018-07-16 00:00:00 UTC,382.453169976462
2018-07-17 00:00:00 UTC,408.513920947978
2018-07-18 00:00:00 UTC,426.688707956092
2018-07-19 00:00:00 UTC,408.768447857108
2018-07-20 00:00:00 UTC,398.785587706455
2018-07-21 00:00:00 UTC,381.198321206826
2018-07-22 00:00:00 UTC,390.552682630318
2018-07-23 00:00:00 UTC,388.001315812509
2018-07-24 00:00:00 UTC,383.09237416063
2018-07-25 00:00:00 UTC,408.412874237282
2018-07-26 00:00:00 UTC,399.352156283301
2018-07-27 00:00:00 UTC,395.804723101055
2018-07-28 00:00:00 UTC,400.90657504603
2018-07-29 00:00:00 UTC,399.159567173081
2018-07-30 00:00:00 UTC,400.065030323921
2018-07-31 00:00:00 UTC,391.263863799385
2018-08-01 00:00:00 UTC,369.872931781538
2018-08-02 00:00:00 UTC,357.761919151647
2018-08-03 00:00:00 UTC,354.692905117203
2018-08-04 00:00:00 UTC,360.394729160176
2018-08-05 00:00:00 UTC,351.352464077495
2018-08-06 00:00:00 UTC,353.889616785994
2018-08-07 00:00:00 UTC,350.213025336533
2018-08-08 00:00:00 UTC,325.557436887154
2018-08-09 00:00:00 UTC,304.619099966983
2018-08-10 00:00:00 UTC,315.618364380527
2018-08-11 00:00:00 UTC,291.112087352106
2018-08-12 00:00:00 UTC,277.823104140207
2018-08-13 00:00:00 UTC,278.92095903221
2018-08-14 00:00:00 UTC,249.872844113108
2018-08-15 00:00:00 UTC,244.791174000635
2018-08-16 00:00:00 UTC,247.887250529137
2018-08-17 00:00:00 UTC,251.743332535552
2018-08-18 00:00:00 UTC,274.916817437454
2018-08-19 00:00:00 UTC,256.038796344438
2018-08-20 00:00:00 UTC,261.778460984641
2018-08-21 00:00:00 UTC,235.926011661636
2018-08-22 00:00:00 UTC,242.240110742033
2018-08-23 00:00:00 UTC,232.345752300151
2018-08-24 00:00:00 UTC,238.967831651296
2018-08-25 00:00:00 UTC,242.291792121214
2018-08-26 00:00:00 UTC,239.051371090041
2018-08-27 00:00:00 UTC,235.007808641127
2018-08-28 00:00:00 UTC,245.65247895184
2018-08-29 00:00:00 UTC,253.466818683078
2018-08-30 00:00:00 UTC,246.419641098957
2018-08-31 00:00:00 UTC,244.454045459267
2018-09-01 00:00:00 UTC,243.050601498348
2018-09-02 00:00:00 UTC,254.610474509173
2018-09-03 00:00:00 UTC,253.989423922066
2018-09-04 00:00:00 UTC,248.678885795189
2018-09-05 00:00:00 UTC,246.4036130194
2018-09-06 00:00:00 UTC,199.929786362471
2018-09-07 00:00:00 UTC,197.367517652608
2018-09-08 00:00:00 UTC,186.327342172138
2018-09-09 00:00:00 UTC,170.268873088539
2018-09-10 00:00:00 UTC,169.453485380547
2018-09-11 00:00:00 UTC,169.350236597987
2018-09-12 00:00:00 UTC,158.698396551483
2018-09-13 00:00:00 UTC,157.358990904081
2018-09-14 00:00:00 UTC,181.173281751951
2018-09-15 00:00:00 UTC,181.764497052185
2018-09-16 00:00:00 UTC,191.79888441148
2018-09-17 00:00:00 UTC,189.359622665499
2018-09-18 00:00:00 UTC,168.467727126005
2018-09-19 00:00:00 UTC,179.930606020658
2018-09-20 00:00:00 UTC,179.164664416901
2018-09-21 00:00:00 UTC,190.559359765363
2018-09-22 00:00:00 UTC,210.422220219296
2018-09-23 00:00:00 UTC,205.688093861235
2018-09-24 00:00:00 UTC,208.346130810309
2018-09-25 00:00:00 UTC,194.277699352885
2018-09-26 00:00:00 UTC,186.587472367132
2018-09-27 00:00:00 UTC,182.954546915982
2018-09-28 00:00:00 UTC,196.997936227449
2018-09-29 00:00:00 UTC,191.383821282818
2018-09-30 00:00:00 UTC,199.570934084486
2018-10-01 00:00:00 UTC,200.580270661827
2018-10-02 00:00:00 UTC,199.636951259186
2018-10-03 00:00:00 UTC,195.451186602634
2018-10-04 00:00:00 UTC,192.131806998327
2018-10-05 00:00:00 UTC,192.936209770182
2018-10-06 00:00:00 UTC,197.821290940955
2018-10-07 00:00:00 UTC,195.247190348079
2018-10-08 00:00:00 UTC,195.835566943217
2018-10-09 00:00:00 UTC,199.734156192805
2018-10-10 00:00:00 UTC,198.125270103849
2018-10-11 00:00:00 UTC,195.693423443046
2018-10-12 00:00:00 UTC,165.652391367962
2018-10-13 00:00:00 UTC,170.404713389731
2018-10-14 00:00:00 UTC,173.850961177014
2018-10-15 00:00:00 UTC,169.933465345093
2018-10-16 00:00:00 UTC,183.209976264383
2018-10-17 00:00:00 UTC,183.561848458447
2018-10-18 00:00:00 UTC,183.556243358405
2018-10-19 00:00:00 UTC,178.321977348906
2018-10-20 00:00:00 UTC,176.937169169561
2018-10-21 00:00:00 UTC,179.45780766363
2018-10-22 00:00:00 UTC,179.256212898336
2018-10-23 00:00:00 UTC,178.847052247738
2018-10-24 00:00:00 UTC,177.892016088703
2018-10-25 00:00:00 UTC,178.611081643894
2018-10-26 00:00:00 UTC,177.900683487004
2018-10-27 00:00:00 UTC,178.226247953741
2018-10-28 00:00:00 UTC,178.053115398915
2018-10-29 00:00:00 UTC,179.610074779972
2018-10-30 00:00:00 UTC,172.093672776373
2018-10-31 00:00:00 UTC,174.047649133975
2018-11-01 00:00:00 UTC,175.547458045797
2018-11-02 00:00:00 UTC,174.616786897297
2018-11-03 00:00:00 UTC,177.644717343763
2018-11-04 00:00:00 UTC,175.759635221079
2018-11-05 00:00:00 UTC,181.430026510541
2018-11-06 00:00:00 UTC,183.274520457796
2018-11-07 00:00:00 UTC,191.623321622165
2018-11-08 00:00:00 UTC,191.549444470823
2018-11-09 00:00:00 UTC,187.718903810001
2018-11-10 00:00:00 UTC,185.923439412983
2018-11-11 00:00:00 UTC,187.857156770297
2018-11-12 00:00:00 UTC,187.629031355146
2018-11-13 00:00:00 UTC,188.590115965005
2018-11-14 00:00:00 UTC,184.390504564228
2018-11-15 00:00:00 UTC,162.662508838425
2018-11-16 00:00:00 UTC,161.116576518886
2018-11-17 00:00:00 UTC,154.127858735949
2018-11-18 00:00:00 UTC,153.849523244673
2018-11-19 00:00:00 UTC,155.743295245596
2018-11-20 00:00:00 UTC,131.305922646103
2018-11-21 00:00:00 UTC,115.619408868936
2018-11-22 00:00:00 UTC,120.46687543592
2018-11-23 00:00:00 UTC,110.550640887156
2018-11-24 00:00:00 UTC,109.485042597323
2018-11-25 00:00:00 UTC,100.787669379405
2018-11-26 00:00:00 UTC,103.673043147786
2018-11-27 00:00:00 UTC,96.5524932287603
2018-11-28 00:00:00 UTC,97.7517111873902
2018-11-29 00:00:00 UTC,107.705344779022
2018-11-30 00:00:00 UTC,103.332498936354
2018-12-01 00:00:00 UTC,100.192581293857
2018-12-02 00:00:00 UTC,104.320053867777
2018-12-03 00:00:00 UTC,102.221117428227
2018-12-04 00:00:00 UTC,95.7036576159595
2018-12-05 00:00:00 UTC,96.840944336348
2018-12-06 00:00:00 UTC,90.3438011901204
2018-12-07 00:00:00 UTC,80.0783737885193
2018-12-08 00:00:00 UTC,81.6616529117408
2018-12-09 00:00:00 UTC,79.6504199816849
2018-12-10 00:00:00 UTC,82.0313459702446
2018-12-11 00:00:00 UTC,79.1193429697543
2018-12-12 00:00:00 UTC,77.5792920863603
2018-12-13 00:00:00 UTC,78.5705045085982
2018-12-14 00:00:00 UTC,75.6527054823023
2018-12-15 00:00:00 UTC,74.0911724382315
2018-12-16 00:00:00 UTC,74.1332821771007
2018-12-17 00:00:00 UTC,74.7087741506921
2018-12-18 00:00:00 UTC,82.8839235560615
2018-12-19 00:00:00 UTC,87.9494750720288
2018-12-20 00:00:00 UTC,87.3718905576653
2018-12-21 00:00:00 UTC,99.8826025808438
2018-12-22 00:00:00 UTC,94.8535293333884
2018-12-23 00:00:00 UTC,101.171295704376
2018-12-24 00:00:00 UTC,113.599391453729
2018-12-25 00:00:00 UTC,121.898244890942
2018-12-26 00:00:00 UTC,111.827306535361
2018-12-27 00:00:00 UTC,114.006401809606
2018-12-28 00:00:00 UTC,99.7998986432162
2018-12-29 00:00:00 UTC,117.139994117824
2018-12-30 00:00:00 UTC,121.278027977931
2018-12-31 00:00:00 UTC,120.312395998036
2019-01-01 00:00:00 UTC,114.396433865481
2019-01-02 00:00:00 UTC,120.520150195191
2019-01-03 00:00:00 UTC,135.103876805141
2019-01-04 00:00:00 UTC,128.785447123329
2019-01-05 00:00:00 UTC,134.313106687865
2019-01-06 00:00:00 UTC,134.834895051987
2019-01-07 00:00:00 UTC,135.585435349807
2019-01-08 00:00:00 UTC,130.577504990905
2019-01-09 00:00:00 UTC,129.373679123785
2019-01-10 00:00:00 UTC,128.766371803934
2019-01-11 00:00:00 UTC,110.050078894764
2019-01-12 00:00:00 UTC,108.687652860934
2019-01-13 00:00:00 UTC,107.90269427585
2019-01-14 00:00:00 UTC,100.14049049602
2019-01-15 00:00:00 UTC,111.043123663173
2019-01-16 00:00:00 UTC,104.981353838609
2019-01-17 00:00:00 UTC,107.244788474938
2019-01-18 00:00:00 UTC,107.019463628774
2019-01-19 00:00:00 UTC,104.834499246667
2019-01-20 00:00:00 UTC,108.139916241954
2019-01-21 00:00:00 UTC,103.469524852637
2019-01-22 00:00:00 UTC,101.875055216832
2019-01-23 00:00:00 UTC,103.67806579525
2019-01-24 00:00:00 UTC,102.245279700771
2019-01-25 00:00:00 UTC,102.772008452527
2019-01-26 00:00:00 UTC,100.986582763606
2019-01-27 00:00:00 UTC,101.115286836012
2019-01-28 00:00:00 UTC,98.5792561678253
2019-01-29 00:00:00 UTC,92.1742826047371
2019-01-30 00:00:00 UTC,91.466109669425
2019-01-31 00:00:00 UTC,94.2711097940318
2019-02-01 00:00:00 UTC,92.8897028070303
2019-02-02 00:00:00 UTC,93.3969793741504
2019-02-03 00:00:00 UTC,94.9406138178844
2019-02-04 00:00:00 UTC,93.5776645566516
2019-02-05 00:00:00 UTC,94.1030080465044
2019-02-06 00:00:00 UTC,94.0794818303001
2019-02-07 00:00:00 UTC,92.0421120598349
2019-02-08 00:00:00 UTC,91.9571509219189
2019-02-09 00:00:00 UTC,105.348541505915
2019-02-10 00:00:00 UTC,105.486215733549
2019-02-11 00:00:00 UTC,110.277172850931
2019-02-12 00:00:00 UTC,107.262153626596
2019-02-13 00:00:00 UTC,108.147682469391
2019-02-14 00:00:00 UTC,108.383569367357
2019-02-15 00:00:00 UTC,106.750242487798
2019-02-16 00:00:00 UTC,107.61942807532
2019-02-17 00:00:00 UTC,108.828944277874
2019-02-18 00:00:00 UTC,118.536778858193
2019-02-19 00:00:00 UTC,128.480414994375
2019-02-20 00:00:00 UTC,126.683661155571
2019-02-21 00:00:00 UTC,131.213382665862
2019-02-22 00:00:00 UTC,128.126651698503
2019-02-23 00:00:00 UTC,130.577176828396
2019-02-24 00:00:00 UTC,139.074605588759
2019-02-25 00:00:00 UTC,118.42953176989
2019-02-26 00:00:00 UTC,121.302813248329
2019-02-27 00:00:00 UTC,119.378902065693
2019-02-28 00:00:00 UTC,118.504535949301
2019-03-01 00:00:00 UTC,119.130048209172
2019-03-02 00:00:00 UTC,118.709535705412
2019-03-03 00:00:00 UTC,116.458422425432
2019-03-04 00:00:00 UTC,114.756192133895
2019-03-05 00:00:00 UTC,110.807726955132
2019-03-06 00:00:00 UTC,120.76640455826
2019-03-07 00:00:00 UTC,121.39950648372
2019-03-08 00:00:00 UTC,122.152487210047
2019-03-09 00:00:00 UTC,118.866128819909
2019-03-10 00:00:00 UTC,122.118159870789
2019-03-11 00:00:00 UTC,120.752286704749
2019-03-12 00:00:00 UTC,117.591638464032
2019-03-13 00:00:00 UTC,118.097857322415
2019-03-14 00:00:00 UTC,116.176247044872
2019-03-15 00:00:00 UTC,116.858239660689
2019-03-16 00:00:00 UTC,120.387951124684
2019-03-17 00:00:00 UTC,124.481981364892
2019-03-18 00:00:00 UTC,122.389114911402
2019-03-19 00:00:00 UTC,121.430416937087
2019-03-20 00:00:00 UTC,121.999827913466
2019-03-21 00:00:00 UTC,121.70232445809
2019-03-22 00:00:00 UTC,118.74070440746
2019-03-23 00:00:00 UTC,120.372826334401
2019-03-24 00:00:00 UTC,121.344420235745
2019-03-25 00:00:00 UTC,120.440669044482
2019-03-26 00:00:00 UTC,118.265649259783
2019-03-27 00:00:00 UTC,118.871524286617
2019-03-28 00:00:00 UTC,124.109155622076
2019-03-29 00:00:00 UTC,122.729155439186
2019-03-30 00:00:00 UTC,127.5577954446
2019-03-31 00:00:00 UTC,126.794309457649
2019-04-01 00:00:00 UTC,126.138889240936
2019-04-02 00:00:00 UTC,126.280371819528
2019-04-03 00:00:00 UTC,146.427905476654
2019-04-04 00:00:00 UTC,142.670677058047
2019-04-05 00:00:00 UTC,140.25838591275
2019-04-06 00:00:00 UTC,147.154938265354
2019-04-07 00:00:00 UTC,147.321242826527
2019-04-08 00:00:00 UTC,155.196652609682
2019-04-09 00:00:00 UTC,159.889830714724
2019-04-10 00:00:00 UTC,155.591764243126
2019-04-11 00:00:00 UTC,157.238792433941
2019-04-12 00:00:00 UTC,146.559882420504
2019-04-13 00:00:00 UTC,145.530973945527
2019-04-14 00:00:00 UTC,145.000086176173
2019-04-15 00:00:00 UTC,148.293657058894
2019-04-16 00:00:00 UTC,142.020205012611
2019-04-17 00:00:00 UTC,147.529940262805
2019-04-18 00:00:00 UTC,147.224910917884
2019-04-19 00:00:00 UTC,154.316972288995
2019-04-20 00:00:00 UTC,154.042365992296
2019-04-21 00:00:00 UTC,153.987255479625
2019-04-22 00:00:00 UTC,151.179239321031
2019-04-23 00:00:00 UTC,151.903706408235
2019-04-24 00:00:00 UTC,152.274563614547
2019-04-25 00:00:00 UTC,148.555984167078
2019-04-26 00:00:00 UTC,138.190745207517
2019-04-27 00:00:00 UTC,141.071578596685
2019-04-28 00:00:00 UTC,141.880619878128
2019-04-29 00:00:00 UTC,140.431590320038
2019-04-30 00:00:00 UTC,137.755630586913
2019-05-01 00:00:00 UTC,143.336523954239
2019-05-02 00:00:00 UTC,142.398758449656
2019-05-03 00:00:00 UTC,144.026906145363
2019-05-04 00:00:00 UTC,148.685836453667
2019-05-05 00:00:00 UTC,145.298845576512
2019-05-06 00:00:00 UTC,145.084210403572
2019-05-07 00:00:00 UTC,154.30458820837
2019-05-08 00:00:00 UTC,152.011641852252
2019-05-09 00:00:00 UTC,151.93193041814
2019-05-10 00:00:00 UTC,152.037178896549
2019-05-11 00:00:00 UTC,153.721597311488
2019-05-12 00:00:00 UTC,175.093587312018
2019-05-13 00:00:00 UTC,166.670036357876
2019-05-14 00:00:00 UTC,174.608131551811
2019-05-15 00:00:00 UTC,194.797185685258
2019-05-16 00:00:00 UTC,221.964868365148
2019-05-17 00:00:00 UTC,237.072363637152
2019-05-18 00:00:00 UTC,218.1855817554
2019-05-19 00:00:00 UTC,210.801400417259
2019-05-20 00:00:00 UTC,233.395870837489
2019-05-21 00:00:00 UTC,225.560217697518
2019-05-22 00:00:00 UTC,229.393041403389
2019-05-23 00:00:00 UTC,219.196775633526
2019-05-24 00:00:00 UTC,218.726820532046
2019-05-25 00:00:00 UTC,221.806763521996
2019-05-26 00:00:00 UTC,223.816793413763
2019-05-27 00:00:00 UTC,237.386308857606
2019-05-28 00:00:00 UTC,244.259558967639
2019-05-29 00:00:00 UTC,242.872621013828
2019-05-30 00:00:00 UTC,241.327947505512
2019-05-31 00:00:00 UTC,229.449665597933
2019-06-01 00:00:00 UTC,239.538440904808
2019-06-02 00:00:00 UTC,236.502096971915
2019-06-03 00:00:00 UTC,241.588503913497
2019-06-04 00:00:00 UTC,223.877019673153
2019-06-05 00:00:00 UTC,213.454178241913
2019-06-06 00:00:00 UTC,219.7990597748
2019-06-07 00:00:00 UTC,221.659045764173
2019-06-08 00:00:00 UTC,221.069258935704
2019-06-09 00:00:00 UTC,215.770827538564
2019-06-10 00:00:00 UTC,204.997601616039
2019-06-11 00:00:00 UTC,218.463704697648
2019-06-12 00:00:00 UTC,216.337943542957
2019-06-13 00:00:00 UTC,230.725500863321
2019-06-14 00:00:00 UTC,226.161707013643
2019-06-15 00:00:00 UTC,235.031002764672
2019-06-16 00:00:00 UTC,238.756588896215
2019-06-17 00:00:00 UTC,239.945758989922
2019-06-18 00:00:00 UTC,243.371505698285
2019-06-19 00:00:00 UTC,236.481042095551
2019-06-20 00:00:00 UTC,239.534418232153
2019-06-21 00:00:00 UTC,241.111790999414
2019-06-22 00:00:00 UTC,258.618209784244
2019-06-23 00:00:00 UTC,272.827471448987
2019-06-24 00:00:00 UTC,270.544557999393
2019-06-25 00:00:00 UTC,272.874338659877
2019-06-26 00:00:00 UTC,280.297667796516
2019-06-27 00:00:00 UTC,296.589495424472
2019-06-28 00:00:00 UTC,260.15338677484
2019-06-29 00:00:00 UTC,272.383208857951
2019-06-30 00:00:00 UTC,282.475143794385
2019-07-01 00:00:00 UTC,257.6478426085
2019-07-02 00:00:00 UTC,261.5925921083
2019-07-03 00:00:00 UTC,257.702981585323
2019-07-04 00:00:00 UTC,269.492058862025
2019-07-05 00:00:00 UTC,252.729835732395
2019-07-06 00:00:00 UTC,256.363617672714
2019-07-07 00:00:00 UTC,257.825005121969
2019-07-08 00:00:00 UTC,271.941626920952
2019-07-09 00:00:00 UTC,278.552519021811
2019-07-10 00:00:00 UTC,274.669668713018
2019-07-11 00:00:00 UTC,257.592073008768
2019-07-12 00:00:00 UTC,238.756798746985
2019-07-13 00:00:00 UTC,244.479213021134
2019-07-14 00:00:00 UTC,239.608896573282
2019-07-15 00:00:00 UTC,201.510879276691
2019-07-16 00:00:00 UTC,204.403925434746
2019-07-17 00:00:00 UTC,178.303358459896
2019-07-18 00:00:00 UTC,187.770903618804
2019-07-19 00:00:00 UTC,200.988542030935
2019-07-20 00:00:00 UTC,196.923897690424
2019-07-21 00:00:00 UTC,203.932082054313
2019-07-22 00:00:00 UTC,201.571663073727
2019-07-23 00:00:00 UTC,194.215516166394
2019-07-24 00:00:00 UTC,191.443109303946
2019-07-25 00:00:00 UTC,194.932616353704
2019-07-26 00:00:00 UTC,196.911935256683
2019-07-27 00:00:00 UTC,197.185024499743
2019-07-28 00:00:00 UTC,185.465532060534
2019-07-29 00:00:00 UTC,189.775570041827
2019-07-30 00:00:00 UTC,189.193023715224
2019-07-31 00:00:00 UTC,187.880366658463
2019-08-01 00:00:00 UTC,197.485223884563
2019-08-02 00:00:00 UTC,195.5059218177
2019-08-03 00:00:00 UTC,195.776340861074
2019-08-04 00:00:00 UTC,199.030949146671
2019-08-05 00:00:00 UTC,199.855934094588
2019-08-06 00:00:00 UTC,207.138109093041
2019-08-07 00:00:00 UTC,202.607811889508
2019-08-08 00:00:00 UTC,202.040651192678
2019-08-09 00:00:00 UTC,198.422587042559
2019-08-10 00:00:00 UTC,186.298241055366
2019-08-11 00:00:00 UTC,183.063459412964
2019-08-12 00:00:00 UTC,193.161424103125
2019-08-13 00:00:00 UTC,188.216654414222
2019-08-14 00:00:00 UTC,187.234658872188
2019-08-15 00:00:00 UTC,166.590543427318
2019-08-16 00:00:00 UTC,169.346910690019
2019-08-17 00:00:00 UTC,166.878618413219
2019-08-18 00:00:00 UTC,167.425525037872
2019-08-19 00:00:00 UTC,175.215110480027
2019-08-20 00:00:00 UTC,183.184976323667
2019-08-21 00:00:00 UTC,176.850185032521
2019-08-22 00:00:00 UTC,168.614544165395
2019-08-23 00:00:00 UTC,172.776441954776
2019-08-24 00:00:00 UTC,173.001722257505
2019-08-25 00:00:00 UTC,169.589282734129
2019-08-26 00:00:00 UTC,167.17420544178
2019-08-27 00:00:00 UTC,169.677988992954
2019-08-28 00:00:00 UTC,168.583613785564
2019-08-29 00:00:00 UTC,156.084228391569
2019-08-30 00:00:00 UTC,152.621959449469
2019-08-31 00:00:00 UTC,153.203767910068
2019-09-01 00:00:00 UTC,156.276670712415
2019-09-02 00:00:00 UTC,155.317335464773
2019-09-03 00:00:00 UTC,162.111550369344
2019-09-04 00:00:00 UTC,162.967072829274
2019-09-05 00:00:00 UTC,158.376318508344
2019-09-06 00:00:00 UTC,157.882127484964
2019-09-07 00:00:00 UTC,152.228140181389
2019-09-08 00:00:00 UTC,159.845903528828
2019-09-09 00:00:00 UTC,164.63895644704
2019-09-10 00:00:00 UTC,163.857906099645
2019-09-11 00:00:00 UTC,163.053214273635
2019-09-12 00:00:00 UTC,161.699318424015
2019-09-13 00:00:00 UTC,163.63795907084
2019-09-14 00:00:00 UTC,162.818932585647
2019-09-15 00:00:00 UTC,169.192654903014
2019-09-16 00:00:00 UTC,170.738521857047
2019-09-17 00:00:00 UTC,179.601764590699
2019-09-18 00:00:00 UTC,188.896968321619
2019-09-19 00:00:00 UTC,190.629050666455
2019-09-20 00:00:00 UTC,200.753184106069
2019-09-21 00:00:00 UTC,197.7851218997
2019-09-22 00:00:00 UTC,195.418267857754
2019-09-23 00:00:00 UTC,192.054978301793
2019-09-24 00:00:00 UTC,182.850360494707
2019-09-25 00:00:00 UTC,153.138405613472
2019-09-26 00:00:00 UTC,155.451087783615
2019-09-27 00:00:00 UTC,152.176636077141
2019-09-28 00:00:00 UTC,158.941297668734
2019-09-29 00:00:00 UTC,159.12225488428
2019-09-30 00:00:00 UTC,155.06224202865
2019-10-01 00:00:00 UTC,164.923061701241
2019-10-02 00:00:00 UTC,164.803800671007
2019-10-03 00:00:00 UTC,164.752993111021
2019-10-04 00:00:00 UTC,161.077439318295
2019-10-05 00:00:00 UTC,160.170884453001
2019-10-06 00:00:00 UTC,160.55861360474
2019-10-07 00:00:00 UTC,155.18442015037
2019-10-08 00:00:00 UTC,164.175000485314
2019-10-09 00:00:00 UTC,164.946641313884
2019-10-10 00:00:00 UTC,175.9727912199
2019-10-11 00:00:00 UTC,173.51937123298
2019-10-12 00:00:00 UTC,163.558852547073
2019-10-13 00:00:00 UTC,163.065751164327
2019-10-14 00:00:00 UTC,164.391094559395
2019-10-15 00:00:00 UTC,169.250882599462
2019-10-16 00:00:00 UTC,163.795124790583
2019-10-17 00:00:00 UTC,158.057019436634
2019-10-18 00:00:00 UTC,159.541811144955
2019-10-19 00:00:00 UTC,154.778672306683
2019-10-20 00:00:00 UTC,153.853104520473
2019-10-21 00:00:00 UTC,157.063463158141
2019-10-22 00:00:00 UTC,156.353266139452
2019-10-23 00:00:00 UTC,154.028981218555
2019-10-24 00:00:00 UTC,145.145452502052
2019-10-25 00:00:00 UTC,144.70181755096
2019-10-26 00:00:00 UTC,163.762775557246
2019-10-27 00:00:00 UTC,162.028067755764
2019-10-28 00:00:00 UTC,165.634398231886
2019-10-29 00:00:00 UTC,163.857481685299
2019-10-30 00:00:00 UTC,171.434028158456
2019-10-31 00:00:00 UTC,164.207977073088
2019-11-01 00:00:00 UTC,163.810148721486
2019-11-02 00:00:00 UTC,163.914944769321
2019-11-03 00:00:00 UTC,164.061581514518
2019-11-04 00:00:00 UTC,162.815785710864
2019-11-05 00:00:00 UTC,166.941945799954
2019-11-06 00:00:00 UTC,170.811947783887
2019-11-07 00:00:00 UTC,172.81293845373
2019-11-08 00:00:00 UTC,169.018894590147
2019-11-09 00:00:00 UTC,166.684363676773
2019-11-10 00:00:00 UTC,167.854695806777
2019-11-11 00:00:00 UTC,171.508224447555
2019-11-12 00:00:00 UTC,167.505959982745
2019-11-13 00:00:00 UTC,169.678384431105
2019-11-14 00:00:00 UTC,170.612060332258
2019-11-15 00:00:00 UTC,167.685225150045
2019-11-16 00:00:00 UTC,163.02061379354
2019-11-17 00:00:00 UTC,165.257182660799
2019-11-18 00:00:00 UTC,166.436800037089
2019-11-19 00:00:00 UTC,161.092364213108
2019-11-20 00:00:00 UTC,158.713151427109
2019-11-21 00:00:00 UTC,157.784096881729
2019-11-22 00:00:00 UTC,145.630495048036
2019-11-23 00:00:00 UTC,136.032677883375
2019-11-24 00:00:00 UTC,137.883995707984
2019-11-25 00:00:00 UTC,127.248455918823
2019-11-26 00:00:00 UTC,132.916582753379
2019-11-27 00:00:00 UTC,133.88821876261
2019-11-28 00:00:00 UTC,138.646516372443
2019-11-29 00:00:00 UTC,137.050437748482
2019-11-30 00:00:00 UTC,139.997950709891
2019-12-01 00:00:00 UTC,137.714398980046
2019-12-02 00:00:00 UTC,137.068466166803
2019-12-03 00:00:00 UTC,134.396476334727
2019-12-04 00:00:00 UTC,132.756934824561
2019-12-05 00:00:00 UTC,131.175751671536
2019-12-06 00:00:00 UTC,133.091641644849
2019-12-07 00:00:00 UTC,134.378337217342
2019-12-08 00:00:00 UTC,133.058196018418
2019-12-09 00:00:00 UTC,135.895333964195
2019-12-10 00:00:00 UTC,133.246566387611
2019-12-11 00:00:00 UTC,131.226961774254
2019-12-12 00:00:00 UTC,128.551628217301
2019-12-13 00:00:00 UTC,129.700310783198
2019-12-14 00:00:00 UTC,130.046992476456
2019-12-15 00:00:00 UTC,127.552576546044
2019-12-16 00:00:00 UTC,127.834061368835
2019-12-17 00:00:00 UTC,119.178121821094
2019-12-18 00:00:00 UTC,109.201605666068
2019-12-19 00:00:00 UTC,119.417977960656
2019-12-20 00:00:00 UTC,115.144696279042
2019-12-21 00:00:00 UTC,115.79655914617
2019-12-22 00:00:00 UTC,114.589285996322
2019-12-23 00:00:00 UTC,119.299550960166
2019-12-24 00:00:00 UTC,115.543435113634
2019-12-25 00:00:00 UTC,115.182945091268
2019-12-26 00:00:00 UTC,112.685360480871
2019-12-27 00:00:00 UTC,113.171580436092
2019-12-28 00:00:00 UTC,113.047540680652
2019-12-29 00:00:00 UTC,114.604457651969
2019-12-30 00:00:00 UTC,120.112205326138
2019-12-31 00:00:00 UTC,117.343102936259
2020-01-01 00:00:00 UTC,115.140337178837
2020-01-02 00:00:00 UTC,116.31287387457
2020-01-03 00:00:00 UTC,113.733837013096
2020-01-04 00:00:00 UTC,119.810676021689
2020-01-05 00:00:00 UTC,120.199792311785
2020-01-06 00:00:00 UTC,120.924077686584
2020-01-07 00:00:00 UTC,128.452764071531
2020-01-08 00:00:00 UTC,128.281565808944
2020-01-09 00:00:00 UTC,126.217785589767
2020-01-10 00:00:00 UTC,124.105384118923
2020-01-11 00:00:00 UTC,130.028613092354
2020-01-12 00:00:00 UTC,127.838837311866
2020-01-13 00:00:00 UTC,130.81485756167
2020-01-14 00:00:00 UTC,128.946160258328
2020-01-15 00:00:00 UTC,149.174347932441
2020-01-16 00:00:00 UTC,149.08147953797
2020-01-17 00:00:00 UTC,147.062808543641
2020-01-18 00:00:00 UTC,154.325571191811
2020-01-19 00:00:00 UTC,157.101680703335
2020-01-20 00:00:00 UTC,150.192341236446
2020-01-21 00:00:00 UTC,150.442497407741
2020-01-22 00:00:00 UTC,152.707430137856
2020-01-23 00:00:00 UTC,151.265407695636
2020-01-24 00:00:00 UTC,147.016485777135
2020-01-25 00:00:00 UTC,147.310270419126
2020-01-26 00:00:00 UTC,145.730483030766
2020-01-27 00:00:00 UTC,152.054188725366
2020-01-28 00:00:00 UTC,154.032081228309
2020-01-29 00:00:00 UTC,158.935524190148
2020-01-30 00:00:00 UTC,157.718906242947
2020-01-31 00:00:00 UTC,167.474452165883
2020-02-01 00:00:00 UTC,161.539012073068
2020-02-02 00:00:00 UTC,165.253315379714
2020-02-03 00:00:00 UTC,170.027238193796
2020-02-04 00:00:00 UTC,171.642059055784
2020-02-05 00:00:00 UTC,170.976034972463
2020-02-06 00:00:00 UTC,185.327690897175
2020-02-07 00:00:00 UTC,193.733980256704
2020-02-08 00:00:00 UTC,203.989264695455
2020-02-09 00:00:00 UTC,203.996648105614
2020-02-10 00:00:00 UTC,208.482656482984
2020-02-11 00:00:00 UTC,205.436774279748
2020-02-12 00:00:00 UTC,216.86625465536
2020-02-13 00:00:00 UTC,242.884799637805
2020-02-14 00:00:00 UTC,246.908051135391
2020-02-15 00:00:00 UTC,262.436421572101
2020-02-16 00:00:00 UTC,243.655917603951
2020-02-17 00:00:00 UTC,241.832581476153
2020-02-18 00:00:00 UTC,247.252907780093
2020-02-19 00:00:00 UTC,261.121227926561
2020-02-20 00:00:00 UTC,239.760828678955
2020-02-21 00:00:00 UTC,239.135893317957
2020-02-22 00:00:00 UTC,244.469964085216
2020-02-23 00:00:00 UTC,240.615320312655
2020-02-24 00:00:00 UTC,253.409912472911
2020-02-25 00:00:00 UTC,244.457813116345
2020-02-26 00:00:00 UTC,228.243404282064
2020-02-27 00:00:00 UTC,206.542856014213
2020-02-28 00:00:00 UTC,204.96340214081
2020-02-29 00:00:00 UTC,206.490666244266
2020-03-01 00:00:00 UTC,197.998071715634
2020-03-02 00:00:00 UTC,198.116651824031
2020-03-03 00:00:00 UTC,207.909134881611
2020-03-04 00:00:00 UTC,200.381147083485
2020-03-05 00:00:00 UTC,201.22694809514
2020-03-06 00:00:00 UTC,203.225359037112
2020-03-07 00:00:00 UTC,216.399680286983
2020-03-08 00:00:00 UTC,210.322703449958
2020-03-09 00:00:00 UTC,174.579352680329
2020-03-10 00:00:00 UTC,176.13246309917
2020-03-11 00:00:00 UTC,177.304963579706
2020-03-12 00:00:00 UTC,172.453878744869
2020-03-13 00:00:00 UTC,98.8819307199212
2020-03-14 00:00:00 UTC,118.990105565969
2020-03-15 00:00:00 UTC,110.396068542295
2020-03-16 00:00:00 UTC,111.352100432292
2020-03-17 00:00:00 UTC,99.4646769875674
2020-03-18 00:00:00 UTC,106.448194576086
2020-03-19 00:00:00 UTC,107.369858375702
2020-03-20 00:00:00 UTC,128.317773669454
2020-03-21 00:00:00 UTC,122.615259334308
2020-03-22 00:00:00 UTC,122.58395819541
2020-03-23 00:00:00 UTC,114.489373517438
2020-03-24 00:00:00 UTC,125.981930385145
2020-03-25 00:00:00 UTC,128.389977572349
2020-03-26 00:00:00 UTC,125.127178510015
2020-03-27 00:00:00 UTC,125.616272456644
2020-03-28 00:00:00 UTC,116.65533035009
2020-03-29 00:00:00 UTC,117.673810685579
2020-03-30 00:00:00 UTC,112.527201037249
2020-03-31 00:00:00 UTC,120.010893016254
2020-04-01 00:00:00 UTC,120.803354570142
2020-04-02 00:00:00 UTC,124.39961412466
2020-04-03 00:00:00 UTC,130.446485270391
2020-04-04 00:00:00 UTC,130.745327677978
2020-04-05 00:00:00 UTC,133.457554480573
2020-04-06 00:00:00 UTC,132.187493566848
2020-04-07 00:00:00 UTC,157.274056110223
2020-04-08 00:00:00 UTC,150.99790288712
2020-04-09 00:00:00 UTC,159.102146143115
2020-04-10 00:00:00 UTC,155.682775307194
2020-04-11 00:00:00 UTC,144.232710537435
2020-04-12 00:00:00 UTC,144.78340296753
2020-04-13 00:00:00 UTC,145.323861853437
2020-04-14 00:00:00 UTC,143.452572308311
2020-04-15 00:00:00 UTC,144.070587721875
2020-04-16 00:00:00 UTC,140.529575207048
2020-04-17 00:00:00 UTC,158.173050043321
2020-04-18 00:00:00 UTC,156.731814129271
2020-04-19 00:00:00 UTC,172.085974556064
2020-04-20 00:00:00 UTC,165.665252508859
2020-04-21 00:00:00 UTC,157.114479278563
2020-04-22 00:00:00 UTC,156.999848019433
2020-04-23 00:00:00 UTC,168.663418016079
2020-04-24 00:00:00 UTC,171.302955901643
2020-04-25 00:00:00 UTC,173.065555805371
2020-04-26 00:00:00 UTC,179.369125282187
2020-04-27 00:00:00 UTC,182.267846665044
2020-04-28 00:00:00 UTC,181.491387448611
2020-04-29 00:00:00 UTC,182.036512440373
2020-04-30 00:00:00 UTC,198.143951011957
2020-05-01 00:00:00 UTC,187.821866599839
2020-05-02 00:00:00 UTC,191.074368508199
2020-05-03 00:00:00 UTC,192.837105271784
2020-05-04 00:00:00 UTC,191.626544924669
2020-05-05 00:00:00 UTC,189.686737644161
2020-05-06 00:00:00 UTC,189.33090001936
2020-05-07 00:00:00 UTC,185.444350408456
2020-05-08 00:00:00 UTC,195.904983085492
2020-05-09 00:00:00 UTC,192.99732875983
2020-05-10 00:00:00 UTC,191.816177777881
2020-05-11 00:00:00 UTC,173.608140731614
2020-05-12 00:00:00 UTC,171.786249183717
2020-05-13 00:00:00 UTC,174.499419399359
2020-05-14 00:00:00 UTC,184.244813203189
2020-05-15 00:00:00 UTC,188.031163632101
2020-05-16 00:00:00 UTC,179.523495651762
2020-05-17 00:00:00 UTC,185.354698698955
2020-05-18 00:00:00 UTC,191.072240214927
2020-05-19 00:00:00 UTC,196.361245840939
2020-05-20 00:00:00 UTC,195.560316796363
2020-05-21 00:00:00 UTC,191.183678567776
2020-05-22 00:00:00 UTC,181.66579744469
2020-05-23 00:00:00 UTC,189.19105066666
2020-05-24 00:00:00 UTC,189.359370740286
2020-05-25 00:00:00 UTC,183.983225427829
2020-05-26 00:00:00 UTC,186.975402567272
2020-05-27 00:00:00 UTC,183.033842603783
2020-05-28 00:00:00 UTC,188.664835573137
2020-05-29 00:00:00 UTC,198.24418975039
2020-05-30 00:00:00 UTC,198.55119373927
2020-05-31 00:00:00 UTC,218.558934577327
2020-06-01 00:00:00 UTC,208.942937956043
2020-06-02 00:00:00 UTC,222.952130184234
2020-06-03 00:00:00 UTC,212.124449542524
2020-06-04 00:00:00 UTC,217.28717360451
2020-06-05 00:00:00 UTC,214.74192821345
2020-06-06 00:00:00 UTC,212.778331788448
2020-06-07 00:00:00 UTC,214.339689185294
2020-06-08 00:00:00 UTC,215.791668771817
2020-06-09 00:00:00 UTC,217.838237266376
2020-06-10 00:00:00 UTC,215.159654443196
2020-06-11 00:00:00 UTC,217.682468755747
2020-06-12 00:00:00 UTC,205.447135473233
2020-06-13 00:00:00 UTC,211.092717014994
2020-06-14 00:00:00 UTC,211.714834298237
2020-06-15 00:00:00 UTC,206.245436970401
2020-06-16 00:00:00 UTC,203.835549973258
2020-06-17 00:00:00 UTC,208.872406602939
2020-06-18 00:00:00 UTC,208.043905665865
2020-06-19 00:00:00 UTC,206.715716878114
2020-06-20 00:00:00 UTC,204.802642097203
2020-06-21 00:00:00 UTC,204.761445877813
2020-06-22 00:00:00 UTC,203.868060991522
2020-06-23 00:00:00 UTC,215.750603079031
2020-06-24 00:00:00 UTC,214.85309276144
2020-06-25 00:00:00 UTC,208.4799509621
2020-06-26 00:00:00 UTC,207.287203033716
2020-06-27 00:00:00 UTC,204.693636206712
2020-06-28 00:00:00 UTC,197.027293981842
2020-06-29 00:00:00 UTC,200.528264296697
2020-06-30 00:00:00 UTC,202.84776750903
2020-07-01 00:00:00 UTC,200.785726663677
2020-07-02 00:00:00 UTC,204.990883902882
2020-07-03 00:00:00 UTC,201.616345201522
2020-07-04 00:00:00 UTC,200.204342112631
2020-07-05 00:00:00 UTC,203.730265834361
2020-07-06 00:00:00 UTC,202.602544408953
2020-07-07 00:00:00 UTC,213.52181339949
2020-07-08 00:00:00 UTC,211.910355840746
2020-07-09 00:00:00 UTC,217.732854106696
2020-07-10 00:00:00 UTC,214.305272625973
2020-07-11 00:00:00 UTC,213.223207197101
2020-07-12 00:00:00 UTC,211.594772119718
2020-07-13 00:00:00 UTC,213.744158843219
2020-07-14 00:00:00 UTC,211.144536865891
2020-07-15 00:00:00 UTC,210.604439187983
2020-07-16 00:00:00 UTC,209.051411382943
2020-07-17 00:00:00 UTC,205.32742459496
2020-07-18 00:00:00 UTC,203.694966269395
2020-07-19 00:00:00 UTC,206.204268318093
2020-07-20 00:00:00 UTC,208.759792678572
2020-07-21 00:00:00 UTC,206.048125709336
2020-07-22 00:00:00 UTC,212.523478513589
2020-07-23 00:00:00 UTC,228.059840606028
2020-07-24 00:00:00 UTC,236.875496543314
2020-07-25 00:00:00 UTC,239.727177804151
2020-07-26 00:00:00 UTC,261.699540716211
2020-07-27 00:00:00 UTC,266.4343728123
2020-07-28 00:00:00 UTC,272.405724041803
2020-07-29 00:00:00 UTC,270.009510691714
2020-07-30 00:00:00 UTC,269.39856176667
2020-07-31 00:00:00 UTC,281.935379609528
2020-08-01 00:00:00 UTC,293.751094596277
2020-08-02 00:00:00 UTC,329.356520553227
2020-08-03 00:00:00 UTC,314.73022229058
2020-08-04 00:00:00 UTC,328.422728567423
2020-08-05 00:00:00 UTC,329.74238110997
2020-08-06 00:00:00 UTC,337.042873603067
2020-08-07 00:00:00 UTC,332.204149678316
2020-08-08 00:00:00 UTC,321.706037252621
2020-08-09 00:00:00 UTC,332.17963362724
2020-08-10 00:00:00 UTC,330.690125044497
2020-08-11 00:00:00 UTC,336.535073826075
2020-08-12 00:00:00 UTC,323.078511849292
2020-08-13 00:00:00 UTC,328.501637503374
2020-08-14 00:00:00 UTC,361.7999737402
2020-08-15 00:00:00 UTC,370.499904111669
2020-08-16 00:00:00 UTC,365.343550385056
2020-08-17 00:00:00 UTC,365.729804254518
2020-08-18 00:00:00 UTC,362.102420423225
2020-08-19 00:00:00 UTC,353.327750634702
2020-08-20 00:00:00 UTC,343.230166883533
2020-08-21 00:00:00 UTC,350.870372023621
2020-08-22 00:00:00 UTC,327.941945491048
2020-08-23 00:00:00 UTC,335.638048550797
2020-08-24 00:00:00 UTC,331.154713039453
2020-08-25 00:00:00 UTC,346.212235495701
2020-08-26 00:00:00 UTC,324.107419628475
2020-08-27 00:00:00 UTC,325.818133969354
2020-08-28 00:00:00 UTC,323.002578654926
2020-08-29 00:00:00 UTC,331.867497120213
2020-08-30 00:00:00 UTC,335.425493751723
2020-08-31 00:00:00 UTC,359.406460648465
2020-09-01 00:00:00 UTC,364.938219087421
2020-09-02 00:00:00 UTC,398.880142686169
2020-09-03 00:00:00 UTC,370.839177432297
2020-09-04 00:00:00 UTC,324.083900734903
2020-09-05 00:00:00 UTC,327.676885824708
2020-09-06 00:00:00 UTC,282.53799585648
2020-09-07 00:00:00 UTC,298.22154895408
2020-09-08 00:00:00 UTC,297.703448677502
2020-09-09 00:00:00 UTC,287.070994769852
2020-09-10 00:00:00 UTC,297.490569129098
2020-09-11 00:00:00 UTC,310.879889868888
2020-09-12 00:00:00 UTC,315.657094062018
2020-09-13 00:00:00 UTC,327.261911159756
2020-09-14 00:00:00 UTC,308.851431110511
2020-09-15 00:00:00 UTC,317.151939166963
2020-09-16 00:00:00 UTC,307.953026631758
2020-09-17 00:00:00 UTC,309.210076693742
2020-09-18 00:00:00 UTC,328.094120593038
2020-09-19 00:00:00 UTC,323.633933382296
2020-09-20 00:00:00 UTC,325.575923056743
2020-09-21 00:00:00 UTC,313.066113181831
2020-09-22 00:00:00 UTC,290.057576516324
2020-09-23 00:00:00 UTC,293.710400069869
2020-09-24 00:00:00 UTC,275.397427394329
2020-09-25 00:00:00 UTC,298.789969904045
2020-09-26 00:00:00 UTC,302.066098036441
2020-09-27 00:00:00 UTC,304.570726865517
2020-09-28 00:00:00 UTC,306.898602091605
2020-09-29 00:00:00 UTC,303.512938425714
2020-09-30 00:00:00 UTC,306.112417677145
2020-10-01 00:00:00 UTC,306.725707627001
2020-10-02 00:00:00 UTC,300.747967689651
2020-10-03 00:00:00 UTC,295.221502742091
2020-10-04 00:00:00 UTC,295.289689659675
2020-10-05 00:00:00 UTC,300.78834547048
2020-10-06 00:00:00 UTC,299.937883377931
2020-10-07 00:00:00 UTC,290.233121714323
2020-10-08 00:00:00 UTC,290.194789845873
2020-10-09 00:00:00 UTC,297.530872466107
2020-10-10 00:00:00 UTC,308.842987733078
2020-10-11 00:00:00 UTC,313.140557281668
2020-10-12 00:00:00 UTC,316.882521805657
2020-10-13 00:00:00 UTC,327.773104593003
2020-10-14 00:00:00 UTC,324.626197978757
2020-10-15 00:00:00 UTC,322.881225036517
2020-10-16 00:00:00 UTC,322.167813901367
2020-10-17 00:00:00 UTC,312.373013274017
2020-10-18 00:00:00 UTC,314.643176455409
2020-10-19 00:00:00 UTC,322.668913797483
2020-10-20 00:00:00 UTC,322.589534515565
2020-10-21 00:00:00 UTC,311.357665929571
2020-10-22 00:00:00 UTC,330.00469270417
2020-10-23 00:00:00 UTC,349.662596053526
2020-10-24 00:00:00 UTC,344.754763460463
2020-10-25 00:00:00 UTC,347.278736851295
2020-10-26 00:00:00 UTC,342.906656033609
2020-10-27 00:00:00 UTC,333.094617383683
2020-10-28 00:00:00 UTC,342.496756920911
2020-10-29 00:00:00 UTC,331.024835782502
2020-10-30 00:00:00 UTC,330.992169461654
2020-10-31 00:00:00 UTC,327.896309476927
2020-11-01 00:00:00 UTC,330.417241927568
2020-11-02 00:00:00 UTC,339.290601327128
2020-11-03 00:00:00 UTC,329.757689123808
2020-11-04 00:00:00 UTC,329.779746982632
2020-11-05 00:00:00 UTC,342.401537494381
2020-11-06 00:00:00 UTC,352.010486237763
2020-11-07 00:00:00 UTC,382.893435399694
2020-11-08 00:00:00 UTC,366.695839839985
2020-11-09 00:00:00 UTC,382.879431059577
2020-11-10 00:00:00 UTC,376.434620088469
2020-11-11 00:00:00 UTC,380.638953486841
2020-11-12 00:00:00 UTC,393.226201483532
2020-11-13 00:00:00 UTC,391.583374141462
2020-11-14 00:00:00 UTC,402.143431416746
2020-11-15 00:00:00 UTC,390.947997366282
2020-11-16 00:00:00 UTC,379.226670839493
2020-11-17 00:00:00 UTC,389.083557605486
2020-11-18 00:00:00 UTC,406.472503791402
2020-11-19 00:00:00 UTC,404.558128535559
2020-11-20 00:00:00 UTC,397.167389272053
2020-11-21 00:00:00 UTC,429.114336196764
2020-11-22 00:00:00 UTC,462.898380424169
2020-11-23 00:00:00 UTC,472.464711925242
2020-11-24 00:00:00 UTC,513.667346325096
2020-11-25 00:00:00 UTC,506.557265531146
2020-11-26 00:00:00 UTC,476.883438103027
2020-11-27 00:00:00 UTC,435.249455189682
2020-11-28 00:00:00 UTC,432.628267855734
2020-11-29 00:00:00 UTC,449.183913960042
2020-11-30 00:00:00 UTC,480.159729884288
2020-12-01 00:00:00 UTC,512.861535490493
2020-12-02 00:00:00 UTC,488.373635370428
2020-12-03 00:00:00 UTC,494.217007573093
2020-12-04 00:00:00 UTC,507.651313346353
2020-12-05 00:00:00 UTC,471.260094430001
2020-12-06 00:00:00 UTC,491.559026596884
2020-12-07 00:00:00 UTC,496.550931102646
2020-12-08 00:00:00 UTC,489.064821732568
2020-12-09 00:00:00 UTC,457.815889039268
2020-12-10 00:00:00 UTC,475.187037629001
2020-12-11 00:00:00 UTC,461.540813014346
2020-12-12 00:00:00 UTC,450.793457849376
2020-12-13 00:00:00 UTC,469.268246544571
2020-12-14 00:00:00 UTC,486.487551902528
2020-12-15 00:00:00 UTC,481.987054190883
2020-12-16 00:00:00 UTC,484.625282394376
2020-12-17 00:00:00 UTC,521.44995561603
2020-12-18 00:00:00 UTC,525.188855142921
2020-12-19 00:00:00 UTC,533.893844965986
2020-12-20 00:00:00 UTC,537.890084878241
2020-12-21 00:00:00 UTC,523.458093939544
2020-12-22 00:00:00 UTC,498.755507414396
2020-12-23 00:00:00 UTC,521.273904366216
2020-12-24 00:00:00 UTC,482.388523976773
2020-12-25 00:00:00 UTC,503.061428581644
2020-12-26 00:00:00 UTC,513.81981714609
2020-12-27 00:00:00 UTC,522.25604856293
2020-12-28 00:00:00 UTC,565.114183692307
2020-12-29 00:00:00 UTC,599.801458742075
2020-12-30 00:00:00 UTC,600.391497852987
2020-12-31 00:00:00 UTC,612.095211614956
2021-01-01 00:00:00 UTC,604.655461313284
2021-01-02 00:00:00 UTC,599.670010522389
2021-01-03 00:00:00 UTC,640.870552662564
2021-01-04 00:00:00 UTC,789.369356113934
2021-01-05 00:00:00 UTC,837.317885217664
2021-01-06 00:00:00 UTC,897.100873497257
2021-01-07 00:00:00 UTC,979.428046689096
2021-01-08 00:00:00 UTC,1001.95518922866
2021-01-09 00:00:00 UTC,1001.43551927505
2021-01-10 00:00:00 UTC,1049.47216086305
2021-01-11 00:00:00 UTC,1040.19103631962
2021-01-12 00:00:00 UTC,898.847724731823
2021-01-13 00:00:00 UTC,856.411898732169
2021-01-14 00:00:00 UTC,930.765859245565
2021-01-15 00:00:00 UTC,1001.41499931883
2021-01-16 00:00:00 UTC,970.460639481872
2021-01-17 00:00:00 UTC,1022.08875901618
2021-01-18 00:00:00 UTC,1018.80785524714
2021-01-19 00:00:00 UTC,1040.00898745413
2021-01-20 00:00:00 UTC,1139.59659738192
2021-01-21 00:00:00 UTC,1143.86781841248
2021-01-22 00:00:00 UTC,923.018298771608
2021-01-23 00:00:00 UTC,1015.90205776917
2021-01-24 00:00:00 UTC,1011.27473534908
2021-01-25 00:00:00 UTC,1144.42399109317
2021-01-26 00:00:00 UTC,1089.97653875482
2021-01-27 00:00:00 UTC,1114.1810121777
2021-01-28 00:00:00 UTC,1035.35442103342
2021-01-29 00:00:00 UTC,1096.21166025753
2021-01-30 00:00:00 UTC,1137.18721513206
2021-01-31 00:00:00 UTC,1130.73318695303
2021-02-01 00:00:00 UTC,1086.27570150054
2021-02-02 00:00:00 UTC,1134.13285116464
2021-02-03 00:00:00 UTC,1257.76693124798
2021-02-04 00:00:00 UTC,1379.68375874766
2021-02-05 00:00:00 UTC,1326.87122621911
2021-02-06 00:00:00 UTC,1431.5622396453
2021-02-07 00:00:00 UTC,1397.57192469142
2021-02-08 00:00:00 UTC,1334.9721834002
2021-02-09 00:00:00 UTC,1452.82543328903
2021-02-10 00:00:00 UTC,1459.88666213005
2021-02-11 00:00:00 UTC,1435.15482694237
2021-02-12 00:00:00 UTC,1469.23650039143
2021-02-13 00:00:00 UTC,1519.12071056827
2021-02-14 00:00:00 UTC,1494.03383151395
2021-02-15 00:00:00 UTC,1488.95308220535
2021-02-16 00:00:00 UTC,1463.69723352389
2021-02-17 00:00:00 UTC,1473.42683835257
2021-02-18 00:00:00 UTC,1532.24530067043
2021-02-19 00:00:00 UTC,1603.05153153201
2021-02-20 00:00:00 UTC,1625.67848257054
2021-02-21 00:00:00 UTC,1592.11807889969
2021-02-22 00:00:00 UTC,1601.04417820957
2021-02-23 00:00:00 UTC,1470.20593054648
2021-02-24 00:00:00 UTC,1286.9128961563
2021-02-25 00:00:00 UTC,1338.02001226982
2021-02-26 00:00:00 UTC,1208.03755282978
2021-02-27 00:00:00 UTC,1201.93813632517
2021-02-28 00:00:00 UTC,1226.0742157593
2021-03-01 00:00:00 UTC,1171.75477022922
2021-03-02 00:00:00 UTC,1303.55109277268
2021-03-03 00:00:00 UTC,1238.81877744139
2021-03-04 00:00:00 UTC,1310.63551489917
2021-03-05 00:00:00 UTC,1292.40818686764
2021-03-06 00:00:00 UTC,1291.57098074473
2021-03-07 00:00:00 UTC,1394.6916142679
2021-03-08 00:00:00 UTC,1448.73865311183
2021-03-09 00:00:00 UTC,1550.23841628446
2021-03-10 00:00:00 UTC,1571.19709222055
2021-03-11 00:00:00 UTC,1511.43610460057
2021-03-12 00:00:00 UTC,1523.94904967577
2021-03-13 00:00:00 UTC,1481.53155987334
2021-03-14 00:00:00 UTC,1612.71766064151
2021-03-15 00:00:00 UTC,1561.49507931789
2021-03-16 00:00:00 UTC,1501.73810127614
2021-03-17 00:00:00 UTC,1519.48324208569
2021-03-18 00:00:00 UTC,1526.36107778481
2021-03-19 00:00:00 UTC,1493.82986769956
2021-03-20 00:00:00 UTC,1521.05840351324
2021-03-21 00:00:00 UTC,1521.66710070869
2021-03-22 00:00:00 UTC,1506.55122894022
2021-03-23 00:00:00 UTC,1413.9319587635
2021-03-24 00:00:00 UTC,1414.11975861262
2021-03-25 00:00:00 UTC,1338.86808678752
2021-03-26 00:00:00 UTC,1347.8810503306
2021-03-27 00:00:00 UTC,1441.69515862328
2021-03-28 00:00:00 UTC,1453.11686116935
2021-03-29 00:00:00 UTC,1432.95348404592
2021-03-30 00:00:00 UTC,1544.56255817989
2021-03-31 00:00:00 UTC,1569.75503138897
2021-04-01 00:00:00 UTC,1633.69362578976
2021-04-02 00:00:00 UTC,1673.25123520078
2021-04-03 00:00:00 UTC,1814.63528699634
2021-04-04 00:00:00 UTC,1714.95567709277
2021-04-05 00:00:00 UTC,1765.82182238143
2021-04-06 00:00:00 UTC,1775.33780739311
2021-04-07 00:00:00 UTC,1781.32508212599
2021-04-08 00:00:00 UTC,1675.42559702483
2021-04-09 00:00:00 UTC,1746.61613272379
2021-04-10 00:00:00 UTC,1739.10045569475
2021-04-11 00:00:00 UTC,1800.51867868343
2021-04-12 00:00:00 UTC,1806.41409354364
2021-04-13 00:00:00 UTC,1798.22318785963
2021-04-14 00:00:00 UTC,1927.46582987483
2021-04-15 00:00:00 UTC,2027.50638133966
2021-04-16 00:00:00 UTC,2100.56759787079
2021-04-17 00:00:00 UTC,2023.43808119345
2021-04-18 00:00:00 UTC,1957.33400919637
2021-04-19 00:00:00 UTC,1875.45277120932
2021-04-20 00:00:00 UTC,1800.46662627762
2021-04-21 00:00:00 UTC,1931.24814661791
2021-04-22 00:00:00 UTC,1971.66756670853
2021-04-23 00:00:00 UTC,2019.466477228
2021-04-24 00:00:00 UTC,1954.37044637683
2021-04-25 00:00:00 UTC,1829.22740972014
2021-04-26 00:00:00 UTC,1908.18285033857
2021-04-27 00:00:00 UTC,2096.25914769224
2021-04-28 00:00:00 UTC,2189.5227761482
2021-04-29 00:00:00 UTC,2265.11394709299
2021-04-30 00:00:00 UTC,2274.29298372192
2021-05-01 00:00:00 UTC,2310.16473076283
2021-05-02 00:00:00 UTC,2450.02365432163
2021-05-03 00:00:00 UTC,2454.8427749688
2021-05-04 00:00:00 UTC,2852.75780552906
2021-05-05 00:00:00 UTC,2701.36543885742
2021-05-06 00:00:00 UTC,2935.56952635769
2021-05-07 00:00:00 UTC,2896.79926700208
2021-05-08 00:00:00 UTC,2872.20589564067
2021-05-09 00:00:00 UTC,3216.85767613715
2021-05-10 00:00:00 UTC,3229.7388836988
2021-05-11 00:00:00 UTC,3277.60568572237
2021-05-12 00:00:00 UTC,3443.69124225986
2021-05-13 00:00:00 UTC,3233.81287554177
2021-05-14 00:00:00 UTC,3105.46285710564
2021-05-15 00:00:00 UTC,3366.75572946034
2021-05-16 00:00:00 UTC,3013.29783254349
2021-05-17 00:00:00 UTC,2964.48965222718
2021-05-18 00:00:00 UTC,2704.87159940277
2021-05-19 00:00:00 UTC,2780.40871456226
2021-05-20 00:00:00 UTC,2058.03009905091
2021-05-21 00:00:00 UTC,2272.07710640622
2021-05-22 00:00:00 UTC,1986.12728510934
2021-05-23 00:00:00 UTC,1893.5723247807
2021-05-24 00:00:00 UTC,1740.31748036147
2021-05-25 00:00:00 UTC,2161.41948621501
2021-05-26 00:00:00 UTC,2200.81989284838
2021-05-27 00:00:00 UTC,2364.43484215561
2021-05-28 00:00:00 UTC,2249.52680649832
2021-05-29 00:00:00 UTC,1995.75793577783
2021-05-30 00:00:00 UTC,1881.99052446789
2021-05-31 00:00:00 UTC,1965.24892318704
2021-06-01 00:00:00 UTC,2213.87057229999
2021-06-02 00:00:00 UTC,2154.80573308391
2021-06-03 00:00:00 UTC,2225.35187321934
2021-06-04 00:00:00 UTC,2356.0774855393
2021-06-05 00:00:00 UTC,2214.54835329485
2021-06-06 00:00:00 UTC,2157.36581527913
2021-06-07 00:00:00 UTC,2228.59955868976
2021-06-08 00:00:00 UTC,2116.84172221447
2021-06-09 00:00:00 UTC,2077.00037020122
2021-06-10 00:00:00 UTC,2151.92653842687
2021-06-11 00:00:00 UTC,2042.60022030598
2021-06-12 00:00:00 UTC,1946.26453442093
2021-06-13 00:00:00 UTC,1965.48048516847
2021-06-14 00:00:00 UTC,2079.1708306215
2021-06-15 00:00:00 UTC,2134.36213947604
2021-06-16 00:00:00 UTC,2112.46813535272
2021-06-17 00:00:00 UTC,1972.73807118213
2021-06-18 00:00:00 UTC,1998.40409201428
2021-06-19 00:00:00 UTC,1880.89010191477
2021-06-20 00:00:00 UTC,1834.32558922928
2021-06-21 00:00:00 UTC,1896.92851346309
2021-06-22 00:00:00 UTC,1594.97215914214
2021-06-23 00:00:00 UTC,1570.71708915052
2021-06-24 00:00:00 UTC,1652.18103074362
2021-06-25 00:00:00 UTC,1668.19128411666
2021-06-26 00:00:00 UTC,1535.88475611552
2021-06-27 00:00:00 UTC,1522.31344895165
2021-06-28 00:00:00 UTC,1652.96635661563
2021-06-29 00:00:00 UTC,1750.12977261145
2021-06-30 00:00:00 UTC,1822.94904642786
2021-07-01 00:00:00 UTC,1922.61244161586
2021-07-02 00:00:00 UTC,1790.99327350385
2021-07-03 00:00:00 UTC,1818.71786182066
2021-07-04 00:00:00 UTC,1878.26504735596
2021-07-05 00:00:00 UTC,1963.99613940803
2021-07-06 00:00:00 UTC,1868.67991730698
2021-07-07 00:00:00 UTC,1962.78209094671
2021-07-08 00:00:00 UTC,1964.55348002311
2021-07-09 00:00:00 UTC,1795.07255836941
2021-07-10 00:00:00 UTC,1815.64707346795
2021-07-11 00:00:00 UTC,1787.53890897994
2021-07-12 00:00:00 UTC,1806.32129168059
2021-07-13 00:00:00 UTC,1721.92689677605
2021-07-14 00:00:00 UTC,1651.3532992848
2021-07-15 00:00:00 UTC,1687.99953042858
2021-07-16 00:00:00 UTC,1617.78958122255
2021-07-17 00:00:00 UTC,1587.57880549713
2021-07-18 00:00:00 UTC,1609.29979829871
2021-07-19 00:00:00 UTC,1613.15291766232
2021-07-20 00:00:00 UTC,1547.50727576488
2021-07-21 00:00:00 UTC,1523.83730439209
2021-07-22 00:00:00 UTC,1699.22400828079
2021-07-23 00:00:00 UTC,1721.82398217327
2021-07-24 00:00:00 UTC,1798.5418937129
2021-07-25 00:00:00 UTC,1855.04389572471
2021-07-26 00:00:00 UTC,1876.89458342926
2021-07-27 00:00:00 UTC,1889.1301246797
2021-07-28 00:00:00 UTC,1939.16702289232
2021-07-29 00:00:00 UTC,1941.24831668003
2021-07-30 00:00:00 UTC,2003.98002542974
2021-07-31 00:00:00 UTC,2074.9191837785
2021-08-01 00:00:00 UTC,2141.80055967147
2021-08-02 00:00:00 UTC,2153.82833866789
2021-08-03 00:00:00 UTC,2199.39697079923
2021-08-04 00:00:00 UTC,2124.07288189201
2021-08-05 00:00:00 UTC,2301.29795506601
2021-08-06 00:00:00 UTC,2384.29681202017
2021-08-07 00:00:00 UTC,2455.8210781878
2021-08-08 00:00:00 UTC,2678.96975739736
2021-08-09 00:00:00 UTC,2563.76075325208
2021-08-10 00:00:00 UTC,2695.1809683338
2021-08-11 00:00:00 UTC,2685.73964367677
2021-08-12 00:00:00 UTC,2696.61860475773
2021-08-13 00:00:00 UTC,2597.37868654214
2021-08-14 00:00:00 UTC,2817.12810774943
2021-08-15 00:00:00 UTC,2770.80058644043
2021-08-16 00:00:00 UTC,2806.34118853938
2021-08-17 00:00:00 UTC,2677.39254751532
2021-08-18 00:00:00 UTC,2568.40171360698
2021-08-19 00:00:00 UTC,2594.88196295169
2021-08-20 00:00:00 UTC,2692.82626213981
2021-08-21 00:00:00 UTC,2800.70814846494
2021-08-22 00:00:00 UTC,2756.26247339328
2021-08-23 00:00:00 UTC,2773.15488850158
2021-08-24 00:00:00 UTC,2827.02293042495
2021-08-25 00:00:00 UTC,2703.55635789603
2021-08-26 00:00:00 UTC,2745.13859621669
2021-08-27 00:00:00 UTC,2656.52472960241
2021-08-28 00:00:00 UTC,2770.18072230868
2021-08-29 00:00:00 UTC,2751.43679737757
2021-08-30 00:00:00 UTC,2740.54442494611
2021-08-31 00:00:00 UTC,2740.1848336737
2021-09-01 00:00:00 UTC,2912.96586392799
2021-09-02 00:00:00 UTC,3201.12803244115
2021-09-03 00:00:00 UTC,3194.71788604635
2021-09-04 00:00:00 UTC,3313.53319401051
2021-09-05 00:00:00 UTC,3277.6016008282
2021-09-06 00:00:00 UTC,3323.60340734122
2021-09-07 00:00:00 UTC,3321.36575769194
2021-09-08 00:00:00 UTC,2904.97297434645
2021-09-09 00:00:00 UTC,2958.8008219867
2021-09-10 00:00:00 UTC,2906.10715929737
2021-09-11 00:00:00 UTC,2717.80352072287
2021-09-12 00:00:00 UTC,2766.13316714345
2021-09-13 00:00:00 UTC,2893.75129610626
2021-09-14 00:00:00 UTC,2795.11484394089
2021-09-15 00:00:00 UTC,2902.283570028
2021-09-16 00:00:00 UTC,3042.14118387827
2021-09-17 00:00:00 UTC,3037.0791236327
2021-09-18 00:00:00 UTC,2910.10943180015
2021-09-19 00:00:00 UTC,2923.08841682966
2021-09-20 00:00:00 UTC,2844.57909631321
2021-09-21 00:00:00 UTC,2539.06673558691
2021-09-22 00:00:00 UTC,2340.80351770682
2021-09-23 00:00:00 UTC,2629.97093814103
2021-09-24 00:00:00 UTC,2690.96181559699
2021-09-25 00:00:00 UTC,2500.51553830766
2021-09-26 00:00:00 UTC,2514.45866990643
2021-09-27 00:00:00 UTC,2613.32742694045
2021-09-28 00:00:00 UTC,2513.13864173517
2021-09-29 00:00:00 UTC,2395.18053335082
2021-09-30 00:00:00 UTC,2461.31171838714
2021-10-01 00:00:00 UTC,2603.56172069229
2021-10-02 00:00:00 UTC,2850.717620279
2021-10-03 00:00:00 UTC,2927.32414955583
2021-10-04 00:00:00 UTC,2951.10950247941
2021-10-05 00:00:00 UTC,2918.27748968724
2021-10-06 00:00:00 UTC,3035.78474672427
2021-10-07 00:00:00 UTC,3108.76261904869
2021-10-08 00:00:00 UTC,3109.96387147781
2021-10-09 00:00:00 UTC,3075.93552488978
2021-10-10 00:00:00 UTC,3101.1281073629
2021-10-11 00:00:00 UTC,2966.79210163149
2021-10-12 00:00:00 UTC,3062.05720084728
2021-10-13 00:00:00 UTC,3033.65485627521
2021-10-14 00:00:00 UTC,3109.01526855261
2021-10-15 00:00:00 UTC,3273.53351398844
2021-10-16 00:00:00 UTC,3349.77679442517
2021-10-17 00:00:00 UTC,3322.92843312932
2021-10-18 00:00:00 UTC,3322.34081814301
2021-10-19 00:00:00 UTC,3231.00472427844
2021-10-20 00:00:00 UTC,3339.98369479903
2021-10-21 00:00:00 UTC,3577.4938945438
2021-10-22 00:00:00 UTC,3505.7081398788
2021-10-23 00:00:00 UTC,3427.25537105688
2021-10-24 00:00:00 UTC,3589.96957699334
2021-10-25 00:00:00 UTC,3518.37158314537
2021-10-26 00:00:00 UTC,3643.47847045395
2021-10-27 00:00:00 UTC,3581.04373475258
2021-10-28 00:00:00 UTC,3400.35060739442
2021-10-29 00:00:00 UTC,3669.58636404607
2021-10-30 00:00:00 UTC,3825.71087507253
2021-10-31 00:00:00 UTC,3740.657847443
2021-11-01 00:00:00 UTC,3713.41332812097
2021-11-02 00:00:00 UTC,3733.0624027165
2021-11-03 00:00:00 UTC,3969.93955454494
2021-11-04 00:00:00 UTC,3967.59769006212
2021-11-05 00:00:00 UTC,3937.98289344278
2021-11-06 00:00:00 UTC,3891.09681248637
2021-11-07 00:00:00 UTC,3919.05974099834
2021-11-08 00:00:00 UTC,3999.17970423716
2021-11-09 00:00:00 UTC,4155.61382467498
2021-11-10 00:00:00 UTC,4090.14436909787
2021-11-11 00:00:00 UTC,4040.45078980167
2021-11-12 00:00:00 UTC,4134.47928407383
2021-11-13 00:00:00 UTC,4093.99585685442
2021-11-14 00:00:00 UTC,4077.73571567411
2021-11-15 00:00:00 UTC,4066.67602256478
2021-11-16 00:00:00 UTC,4032.88689086294
2021-11-17 00:00:00 UTC,3749.10837698239
2021-11-18 00:00:00 UTC,3801.70459624698
2021-11-19 00:00:00 UTC,3512.03692961472
2021-11-20 00:00:00 UTC,3825.25395043704
2021-11-21 00:00:00 UTC,3930.32039713907
2021-11-22 00:00:00 UTC,3830.24138238759
2021-11-23 00:00:00 UTC,3647.49762553896
2021-11-24 00:00:00 UTC,3873.97708054261
2021-11-25 00:00:00 UTC,3810.46844917006
2021-11-26 00:00:00 UTC,4028.99023395435
2021-11-27 00:00:00 UTC,3576.24717995413
2021-11-28 00:00:00 UTC,3607.85109555592
2021-11-29 00:00:00 UTC,3800.22772321268
2021-11-30 00:00:00 UTC,3935.54534574467
2021-12-01 00:00:00 UTC,4092.07897911066
2021-12-02 00:00:00 UTC,4054.60429746323
2021-12-03 00:00:00 UTC,3996.85354251679
2021-12-04 00:00:00 UTC,3747.54272917712
2021-12-05 00:00:00 UTC,3625.29447366666
2021-12-06 00:00:00 UTC,3714.18772059707
2021-12-07 00:00:00 UTC,3853.09174308006
2021-12-08 00:00:00 UTC,3823.9036720432
2021-12-09 00:00:00 UTC,3906.19479804329
2021-12-10 00:00:00 UTC,3677.87632664573
2021-12-11 00:00:00 UTC,3461.7656206032
2021-12-12 00:00:00 UTC,3605.03054783972
2021-12-13 00:00:00 UTC,3656.79939554273
2021-12-14 00:00:00 UTC,3352.87842619545
2021-12-15 00:00:00 UTC,3426.89112759852
2021-12-16 00:00:00 UTC,3556.2234912952
2021-12-17 00:00:00 UTC,3504.20249927803
2021-12-18 00:00:00 UTC,3457.91475180519
2021-12-19 00:00:00 UTC,3528.84930687426
2021-12-20 00:00:00 UTC,3494.69292685864
2021-12-21 00:00:00 UTC,3503.28778521327
2021-12-22 00:00:00 UTC,3576.28213623975
2021-12-23 00:00:00 UTC,3525.00186279444
2021-12-24 00:00:00 UTC,3631.77387390312
2021-12-25 00:00:00 UTC,3581.46749312165
2021-12-26 00:00:00 UTC,3630.44474462241
2021-12-27 00:00:00 UTC,3598.63189747302
2021-12-28 00:00:00 UTC,3570.55873664763
2021-12-29 00:00:00 UTC,3365.10119457086
2021-12-30 00:00:00 UTC,3209.09221110367
2021-12-31 00:00:00 UTC,3280.44915051355
2022-01-01 00:00:00 UTC,3241.09248799694
2022-01-02 00:00:00 UTC,3323.66127734079
2022-01-03 00:00:00 UTC,3373.31131783475
2022-01-04 00:00:00 UTC,3336.11184224867
2022-01-05 00:00:00 UTC,3363.19179140396
2022-01-06 00:00:00 UTC,3144.29443430988
2022-01-07 00:00:00 UTC,3024.70763904115
2022-01-08 00:00:00 UTC,2817.96023898055
2022-01-09 00:00:00 UTC,2729.54860576438
2022-01-10 00:00:00 UTC,2781.03244361427
2022-01-11 00:00:00 UTC,2724.03834465218
2022-01-12 00:00:00 UTC,2856.10064752256
2022-01-13 00:00:00 UTC,2952.62294471316
2022-01-14 00:00:00 UTC,2842.22231385729
2022-01-15 00:00:00 UTC,2901.3560934394
2022-01-16 00:00:00 UTC,2918.22870111329
2022-01-17 00:00:00 UTC,2941.54794697505
2022-01-18 00:00:00 UTC,2818.97705591326
2022-01-19 00:00:00 UTC,2795.12069484856
2022-01-20 00:00:00 UTC,2730.45800533951
2022-01-21 00:00:00 UTC,2665.90110289985
2022-01-22 00:00:00 UTC,2260.37890428575
2022-01-23 00:00:00 UTC,2122.0193179679
2022-01-24 00:00:00 UTC,2237.83651042387
2022-01-25 00:00:00 UTC,2161.67266483682
2022-01-26 00:00:00 UTC,2180.83153949399
2022-01-27 00:00:00 UTC,2198.18403975075
2022-01-28 00:00:00 UTC,2164.36803394735
2022-01-29 00:00:00 UTC,2288.11448183928
2022-01-30 00:00:00 UTC,2335.19574553575
2022-01-31 00:00:00 UTC,2341.44063529384
2022-02-01 00:00:00 UTC,2393.94441599965
2022-02-02 00:00:00 UTC,2481.47018324023
2022-02-03 00:00:00 UTC,2380.52942147601
2022-02-04 00:00:00 UTC,2332.35330616419
2022-02-05 00:00:00 UTC,2614.25386415604
2022-02-06 00:00:00 UTC,2636.5908501322
2022-02-07 00:00:00 UTC,2674.44509474504
2022-02-08 00:00:00 UTC,2753.57576387437
2022-02-09 00:00:00 UTC,2738.20341485154
2022-02-10 00:00:00 UTC,2837.31294221245
2022-02-11 00:00:00 UTC,2700.46947908101
2022-02-12 00:00:00 UTC,2581.76754080743
2022-02-13 00:00:00 UTC,2570.93242360755
2022-02-14 00:00:00 UTC,2542.05067300043
2022-02-15 00:00:00 UTC,2596.28488007679
2022-02-16 00:00:00 UTC,2799.29434934894
2022-02-17 00:00:00 UTC,2750.81673396181
2022-02-18 00:00:00 UTC,2535.03863034721
2022-02-19 00:00:00 UTC,2466.25211202821
2022-02-20 00:00:00 UTC,2445.64437017006
2022-02-21 00:00:00 UTC,2326.12468257956
2022-02-22 00:00:00 UTC,2277.20085467918
2022-02-23 00:00:00 UTC,2333.7670345361
2022-02-24 00:00:00 UTC,2295.28025253172
2022-02-25 00:00:00 UTC,2323.23563953308
2022-02-26 00:00:00 UTC,2458.65856638486
2022-02-27 00:00:00 UTC,2471.02459697121
2022-02-28 00:00:00 UTC,2351.5520139169
2022-03-01 00:00:00 UTC,2602.56897477225
2022-03-02 00:00:00 UTC,2675.08252172149
2022-03-03 00:00:00 UTC,2656.8383121366
2022-03-04 00:00:00 UTC,2563.62998610216
2022-03-05 00:00:00 UTC,2396.4279754727
2022-03-06 00:00:00 UTC,2442.24759542598
2022-03-07 00:00:00 UTC,2354.46370880782
2022-03-08 00:00:00 UTC,2299.73313674874
2022-03-09 00:00:00 UTC,2364.74594986747
2022-03-10 00:00:00 UTC,2466.29908519465
2022-03-11 00:00:00 UTC,2372.9988213692
2022-03-12 00:00:00 UTC,2348.20539525675
2022-03-13 00:00:00 UTC,2363.43883465701
2022-03-14 00:00:00 UTC,2302.92748716537
2022-03-15 00:00:00 UTC,2368.20553941132
2022-03-16 00:00:00 UTC,2389.24776063741
2022-03-17 00:00:00 UTC,2514.96980237152
2022-03-18 00:00:00 UTC,2538.92633531603
2022-03-19 00:00:00 UTC,2662.17073439628
2022-03-20 00:00:00 UTC,2663.50848487649
2022-03-21 00:00:00 UTC,2590.55445016336
2022-03-22 00:00:00 UTC,2628.76271148524
2022-03-23 00:00:00 UTC,2692.62980005834
2022-03-24 00:00:00 UTC,2752.37831956318
2022-03-25 00:00:00 UTC,2822.17422662122
2022-03-26 00:00:00 UTC,2827.92330170879
2022-03-27 00:00:00 UTC,2859.37158407659
2022-03-28 00:00:00 UTC,2991.32093357419
2022-03-29 00:00:00 UTC,3027.3326929901
2022-03-30 00:00:00 UTC,3066.5316913168
2022-03-31 00:00:00 UTC,3032.06083893805
2022-04-01 00:00:00 UTC,2965.03588152703
2022-04-02 00:00:00 UTC,3123.67758184397
2022-04-03 00:00:00 UTC,3114.83570595699
2022-04-04 00:00:00 UTC,3189.11895408163
2022-04-05 00:00:00 UTC,3208.56578903667
2022-04-06 00:00:00 UTC,3138.17878942632
2022-04-07 00:00:00 UTC,2910.10086742592
2022-04-08 00:00:00 UTC,2976.02827597842
2022-04-09 00:00:00 UTC,2934.78936525762
2022-04-10 00:00:00 UTC,3002.74591666507
2022-04-11 00:00:00 UTC,2957.2873620994
2022-04-12 00:00:00 UTC,2751.367615861
2022-04-13 00:00:00 UTC,2806.40011951688
2022-04-14 00:00:00 UTC,2864.97994936446
2022-04-15 00:00:00 UTC,2794.53848211117
2022-04-16 00:00:00 UTC,2816.73774438022
2022-04-17 00:00:00 UTC,2836.09599178879
2022-04-18 00:00:00 UTC,2770.18368868893
2022-04-19 00:00:00 UTC,2840.0474135956
2022-04-20 00:00:00 UTC,2877.38178752894
2022-04-21 00:00:00 UTC,2838.99976087726
2022-04-22 00:00:00 UTC,2757.20128351395
2022-04-23 00:00:00 UTC,2750.68982121522
2022-04-24 00:00:00 UTC,2726.21772217661
2022-04-25 00:00:00 UTC,2704.4500255985
2022-04-26 00:00:00 UTC,2808.14058819582
2022-04-27 00:00:00 UTC,2636.73283196778
2022-04-28 00:00:00 UTC,2737.43207574314
2022-04-29 00:00:00 UTC,2792.46847528647
2022-04-30 00:00:00 UTC,2672.20319892652
2022-05-01 00:00:00 UTC,2596.97744845823
2022-05-02 00:00:00 UTC,2687.43745058639
2022-05-03 00:00:00 UTC,2722.88767532388
2022-05-04 00:00:00 UTC,2647.67821123907
2022-05-05 00:00:00 UTC,2769.62745320747
2022-05-06 00:00:00 UTC,2612.29334711949
2022-05-07 00:00:00 UTC,2559.37646438567
2022-05-08 00:00:00 UTC,2503.93801796148
2022-05-09 00:00:00 UTC,2389.75798565134
2022-05-10 00:00:00 UTC,2129.80303211222
2022-05-11 00:00:00 UTC,2226.7957706042
2022-05-12 00:00:00 UTC,1979.3535001263
2022-05-13 00:00:00 UTC,1894.16533900308
2022-05-14 00:00:00 UTC,1930.68998326275
2022-05-15 00:00:00 UTC,1982.56844412906
2022-05-16 00:00:00 UTC,2063.77421261453
2022-05-17 00:00:00 UTC,1940.93913349027
2022-05-18 00:00:00 UTC,1986.37415013035
2022-05-19 00:00:00 UTC,1828.8983938633
2022-05-20 00:00:00 UTC,1912.7592284045
2022-05-21 00:00:00 UTC,1858.83690063613
2022-05-22 00:00:00 UTC,1872.23515693795
2022-05-23 00:00:00 UTC,1936.17451963922
2022-05-24 00:00:00 UTC,1848.31659999812
2022-05-25 00:00:00 UTC,1844.50668206
2022-05-26 00:00:00 UTC,1819.65914513484
2022-05-27 00:00:00 UTC,1684.49239107214
2022-05-28 00:00:00 UTC,1607.20471145666
2022-05-29 00:00:00 UTC,1675.98789159951
2022-05-30 00:00:00 UTC,1691.67683389192
2022-05-31 00:00:00 UTC,1852.53243964165
2022-06-01 00:00:00 UTC,1810.71301935245
2022-06-02 00:00:00 UTC,1716.85103280087
2022-06-03 00:00:00 UTC,1705.3454760169
2022-06-04 00:00:00 UTC,1657.60772821487
2022-06-05 00:00:00 UTC,1683.23720950544
2022-06-06 00:00:00 UTC,1683.17725681027
2022-06-07 00:00:00 UTC,1740.07684058407
2022-06-08 00:00:00 UTC,1699.37423623364
2022-06-09 00:00:00 UTC,1674.54234998241
2022-06-10 00:00:00 UTC,1684.08911749091
2022-06-11 00:00:00 UTC,1581.7136817479
2022-06-12 00:00:00 UTC,1454.40880857207
2022-06-13 00:00:00 UTC,1386.80962125642
2022-06-14 00:00:00 UTC,1157.69577925067
2022-06-15 00:00:00 UTC,1164.058127982
2022-06-16 00:00:00 UTC,1176.78689000821
2022-06-17 00:00:00 UTC,1013.11847144691
2022-06-18 00:00:00 UTC,1036.11230425677
2022-06-19 00:00:00 UTC,948.220913857331
2022-06-20 00:00:00 UTC,1073.15210610109
2022-06-21 00:00:00 UTC,1076.07656792892
2022-06-22 00:00:00 UTC,1067.42242768819
2022-06-23 00:00:00 UTC,994.957223659917
2022-06-24 00:00:00 UTC,1087.85184579858
2022-06-25 00:00:00 UTC,1164.55540996209
2022-06-26 00:00:00 UTC,1178.74840581841
2022-06-27 00:00:00 UTC,1136.67606434607
2022-06-28 00:00:00 UTC,1128.85265888071
2022-06-29 00:00:00 UTC,1086.64731645302
2022-06-30 00:00:00 UTC,1052.06576882791
2022-07-01 00:00:00 UTC,1009.30043529672
2022-07-02 00:00:00 UTC,1024.84393308548
2022-07-03 00:00:00 UTC,1024.57743101699
2022-07-04 00:00:00 UTC,1030.03260604559
2022-07-05 00:00:00 UTC,1105.48089967944
2022-07-06 00:00:00 UTC,1104.93293387367
2022-07-07 00:00:00 UTC,1167.07657151642
2022-07-08 00:00:00 UTC,1219.9332484012
2022-07-09 00:00:00 UTC,1210.9018881601
2022-07-10 00:00:00 UTC,1194.54241802252
2022-07-11 00:00:00 UTC,1149.53461792597
2022-07-12 00:00:00 UTC,1092.25411240801
2022-07-13 00:00:00 UTC,1037.23553767105
2022-07-14 00:00:00 UTC,1109.29266094965
2022-07-15 00:00:00 UTC,1188.33644416645
2022-07-16 00:00:00 UTC,1224.22634586451
2022-07-17 00:00:00 UTC,1344.20527509773
2022-07-18 00:00:00 UTC,1332.08932637427
2022-07-19 00:00:00 UTC,1547.90796384506
2022-07-20 00:00:00 UTC,1507.85123210901
2022-07-21 00:00:00 UTC,1500.55435678691
2022-07-22 00:00:00 UTC,1542.00263090861
2022-07-23 00:00:00 UTC,1504.23496885323
2022-07-24 00:00:00 UTC,1520.11762241231
2022-07-25 00:00:00 UTC,1569.55368671283
2022-07-26 00:00:00 UTC,1419.06483891621
2022-07-27 00:00:00 UTC,1420.53445562089
2022-07-28 00:00:00 UTC,1604.14471987117
2022-07-29 00:00:00 UTC,1690.8958939548
2022-07-30 00:00:00 UTC,1700.56065183996
2022-07-31 00:00:00 UTC,1659.23863756038
2022-08-01 00:00:00 UTC,1647.76730405932
2022-08-02 00:00:00 UTC,1594.17083770429
2022-08-03 00:00:00 UTC,1612.9018941419
2022-08-04 00:00:00 UTC,1596.31105628211
2022-08-05 00:00:00 UTC,1573.68699216849
2022-08-06 00:00:00 UTC,1693.65456589286
2022-08-07 00:00:00 UTC,1662.15686751217
2022-08-08 00:00:00 UTC,1670.29320942637
2022-08-09 00:00:00 UTC,1741.37349692204
2022-08-10 00:00:00 UTC,1664.2137768437
2022-08-11 00:00:00 UTC,1799.04131596385
2022-08-12 00:00:00 UTC,1823.34209714729
2022-08-13 00:00:00 UTC,1909.20536167166
2022-08-14 00:00:00 UTC,1931.69578625438
2022-08-15 00:00:00 UTC,1887.96407882313
2022-08-16 00:00:00 UTC,1877.79099829883
2022-08-17 00:00:00 UTC,1848.34780952284
2022-08-18 00:00:00 UTC,1802.62524839876
2022-08-19 00:00:00 UTC,1833.47694042956
2022-08-20 00:00:00 UTC,1612.72682817056
2022-08-21 00:00:00 UTC,1573.59399674004
2022-08-22 00:00:00 UTC,1617.83853605136
2022-08-23 00:00:00 UTC,1632.31017975306
2022-08-24 00:00:00 UTC,1671.65049753023
2022-08-25 00:00:00 UTC,1663.18147180435
2022-08-26 00:00:00 UTC,1702.27851288271
2022-08-27 00:00:00 UTC,1515.64542474384
2022-08-28 00:00:00 UTC,1501.30961273848
2022-08-29 00:00:00 UTC,1447.45146998229
2022-08-30 00:00:00 UTC,1553.70003745835
2022-08-31 00:00:00 UTC,1521.70559715053
2022-09-01 00:00:00 UTC,1546.62441288231
2022-09-02 00:00:00 UTC,1596.4199570907
2022-09-03 00:00:00 UTC,1582.6146147779
2022-09-04 00:00:00 UTC,1563.01997020039
2022-09-05 00:00:00 UTC,1592.56616011809
2022-09-06 00:00:00 UTC,1625.95394360282
2022-09-07 00:00:00 UTC,1580.44235653157
2022-09-08 00:00:00 UTC,1630.63297744998
2022-09-09 00:00:00 UTC,1634.42875434329
2022-09-10 00:00:00 UTC,1691.7672426381
2022-09-11 00:00:00 UTC,1752.96148689625
2022-09-12 00:00:00 UTC,1748.33996960257
2022-09-13 00:00:00 UTC,1688.35969614316
2022-09-14 00:00:00 UTC,1576.43657720411
2022-09-15 00:00:00 UTC,1638.30696285865
2022-09-16 00:00:00 UTC,1473.56874408192
2022-09-17 00:00:00 UTC,1429.90850781276
2022-09-18 00:00:00 UTC,1468.832374587
2022-09-19 00:00:00 UTC,1332.3218940891
2022-09-20 00:00:00 UTC,1376.59647554905
2022-09-21 00:00:00 UTC,1328.04131077749
2022-09-22 00:00:00 UTC,1274.15190729742
2022-09-23 00:00:00 UTC,1352.8147520591
2022-09-24 00:00:00 UTC,1371.8108560494
2022-09-25 00:00:00 UTC,1360.26798133177
2022-09-26 00:00:00 UTC,1335.67443329264
2022-09-27 00:00:00 UTC,1388.74367816359
2022-09-28 00:00:00 UTC,1387.52305577683
2022-09-29 00:00:00 UTC,1380.15809013619
2022-09-30 00:00:00 UTC,1358.4892767814
2022-10-01 00:00:00 UTC,1355.99478191863
2022-10-02 00:00:00 UTC,1337.56071038746
2022-10-03 00:00:00 UTC,1305.09508590723
2022-10-04 00:00:00 UTC,1345.89638245237
2022-10-05 00:00:00 UTC,1365.60239870561
2022-10-06 00:00:00 UTC,1364.91670305803
2022-10-07 00:00:00 UTC,1380.83442875171
2022-10-08 00:00:00 UTC,1359.07702227021
2022-10-09 00:00:00 UTC,1350.2898509558
2022-10-10 00:00:00 UTC,1358.69828697566
2022-10-11 00:00:00 UTC,1329.56105745435
2022-10-12 00:00:00 UTC,1319.08357349082
2022-10-13 00:00:00 UTC,1333.14707095876
2022-10-14 00:00:00 UTC,1318.33023959838
2022-10-15 00:00:00 UTC,1334.80204095966
2022-10-16 00:00:00 UTC,1312.2398527296
2022-10-17 00:00:00 UTC,1341.74047936766
2022-10-18 00:00:00 UTC,1354.27055757962
2022-10-19 00:00:00 UTC,1329.45052597401
2022-10-20 00:00:00 UTC,1315.36846385721
2022-10-21 00:00:00 UTC,1311.29885997539
2022-10-22 00:00:00 UTC,1318.17720478517
2022-10-23 00:00:00 UTC,1332.71231009229
2022-10-24 00:00:00 UTC,1382.6795747615
2022-10-25 00:00:00 UTC,1358.44431835094
2022-10-26 00:00:00 UTC,1467.34594086378
2022-10-27 00:00:00 UTC,1554.33707024979
2022-10-28 00:00:00 UTC,1519.37630369512
2022-10-29 00:00:00 UTC,1560.48581109185
2022-10-30 00:00:00 UTC,1625.1121620367
2022-10-31 00:00:00 UTC,1598.29901432438
2022-11-01 00:00:00 UTC,1591.17574191418
2022-11-02 00:00:00 UTC,1599.81581148284
2022-11-03 00:00:00 UTC,1548.54207836534
2022-11-04 00:00:00 UTC,1570.51428318108
2022-11-05 00:00:00 UTC,1647.07512788868
2022-11-06 00:00:00 UTC,1629.49066110368
2022-11-07 00:00:00 UTC,1583.73505282663
2022-11-08 00:00:00 UTC,1566.87063857224
2022-11-09 00:00:00 UTC,1323.62163537097
2022-11-10 00:00:00 UTC,1093.21702669039
2022-11-11 00:00:00 UTC,1276.79702395012
2022-11-12 00:00:00 UTC,1247.56497546989
2022-11-13 00:00:00 UTC,1211.79438569796
2022-11-14 00:00:00 UTC,1183.94606354135
2022-11-15 00:00:00 UTC,1203.65291648451
2022-11-16 00:00:00 UTC,1209.59357598821
2022-11-17 00:00:00 UTC,1171.64128998961
2022-11-18 00:00:00 UTC,1159.80531383511
2022-11-19 00:00:00 UTC,1173.08324244931
2022-11-20 00:00:00 UTC,1178.18748453836
2022-11-21 00:00:00 UTC,1107.67481198231
2022-11-22 00:00:00 UTC,1084.00102928118
2022-11-23 00:00:00 UTC,1101.31238224963
2022-11-24 00:00:00 UTC,1137.2656948896
2022-11-25 00:00:00 UTC,1156.94264657192
2022-11-26 00:00:00 UTC,1151.36666582119
2022-11-27 00:00:00 UTC,1157.67277339913
2022-11-28 00:00:00 UTC,1153.53866617998
2022-11-29 00:00:00 UTC,1131.26789885465
2022-11-30 00:00:00 UTC,1178.90715754706
2022-12-01 00:00:00 UTC,1245.82968015449
2022-12-02 00:00:00 UTC,1212.90187414642
2022-12-03 00:00:00 UTC,1228.04207456566
2022-12-04 00:00:00 UTC,1179.63581504346
2022-12-05 00:00:00 UTC,1216.48228887477
2022-12-06 00:00:00 UTC,1200.02616944471
2022-12-07 00:00:00 UTC,1215.22877679425
2022-12-08 00:00:00 UTC,1173.27734465641
2022-12-09 00:00:00 UTC,1213.54221605992
2022-12-10 00:00:00 UTC,1198.92304763548
2022-12-11 00:00:00 UTC,1199.82242954388
2022-12-12 00:00:00 UTC,1201.88849206063
2022-12-13 00:00:00 UTC,1209.88873796357
2022-12-14 00:00:00 UTC,1241.47660078874
2022-12-15 00:00:00 UTC,1225.58758149831
2022-12-16 00:00:00 UTC,1188.16301420755
2022-12-17 00:00:00 UTC,1100.20119650584
2022-12-18 00:00:00 UTC,1122.68398561914
2022-12-19 00:00:00 UTC,1121.23811034702
2022-12-20 00:00:00 UTC,1099.65429114291
2022-12-21 00:00:00 UTC,1146.28676794546
2022-12-22 00:00:00 UTC,1143.71910394808
2022-12-23 00:00:00 UTC,1148.63224649036
2022-12-24 00:00:00 UTC,1144.37004410821
2022-12-25 00:00:00 UTC,1144.97204124187
2022-12-26 00:00:00 UTC,1148.61284890445
2022-12-27 00:00:00 UTC,1152.20364986961
2022-12-28 00:00:00 UTC,1139.21581664193
2022-12-29 00:00:00 UTC,1118.45102527345
2022-12-30 00:00:00 UTC,1127.12793687185
2022-12-31 00:00:00 UTC,1117.93551295469
2023-01-01 00:00:00 UTC,1115.56765854204
2023-01-02 00:00:00 UTC,1112.23666887239
2023-01-03 00:00:00 UTC,1137.59255079554
2023-01-04 00:00:00 UTC,1151.99427012944
2023-01-05 00:00:00 UTC,1184.03318805386
2023-01-06 00:00:00 UTC,1188.80048663029
2023-01-07 00:00:00 UTC,1190.96932919447
2023-01-08 00:00:00 UTC,1186.1362590925
2023-01-09 00:00:00 UTC,1205.61897691918
2023-01-10 00:00:00 UTC,1231.3664110648
2023-01-11 00:00:00 UTC,1244.18460232648
2023-01-12 00:00:00 UTC,1290.99781052575
2023-01-13 00:00:00 UTC,1304.96868071683
2023-01-14 00:00:00 UTC,1339.94956262858
2023-01-15 00:00:00 UTC,1428.60764162399
2023-01-16 00:00:00 UTC,1433.32767174991
2023-01-17 00:00:00 UTC,1456.88628680499
2023-01-18 00:00:00 UTC,1454.15305214592
2023-01-19 00:00:00 UTC,1404.60789994067
2023-01-20 00:00:00 UTC,1430.86076823233
2023-01-21 00:00:00 UTC,1527.43132484169
2023-01-22 00:00:00 UTC,1494.761840055
2023-01-23 00:00:00 UTC,1501.09646912656
2023-01-24 00:00:00 UTC,1501.6438435364
2023-01-25 00:00:00 UTC,1430.03326852046
2023-01-26 00:00:00 UTC,1478.3031646897
2023-01-27 00:00:00 UTC,1471.11056134022
2023-01-28 00:00:00 UTC,1470.33042894966
2023-01-29 00:00:00 UTC,1446.82824454544
2023-01-30 00:00:00 UTC,1514.53950090711
2023-01-31 00:00:00 UTC,1445.80847970013
2023-02-01 00:00:00 UTC,1460.72698816061
2023-02-02 00:00:00 UTC,1491.99359440659
2023-02-03 00:00:00 UTC,1511.81289142354
2023-02-04 00:00:00 UTC,1541.27022342412
2023-02-05 00:00:00 UTC,1542.14295203679
2023-02-06 00:00:00 UTC,1512.52703503662
2023-02-07 00:00:00 UTC,1507.81389784171
2023-02-08 00:00:00 UTC,1559.14768553024
2023-02-09 00:00:00 UTC,1540.92585525712
2023-02-10 00:00:00 UTC,1439.97710153701
2023-02-11 00:00:00 UTC,1417.91090252127
2023-02-12 00:00:00 UTC,1442.6429517331
2023-02-13 00:00:00 UTC,1419.05784538858
2023-02-14 00:00:00 UTC,1404.57850797028
2023-02-15 00:00:00 UTC,1450.1557893193
2023-02-16 00:00:00 UTC,1566.82985309148
2023-02-17 00:00:00 UTC,1543.49822382658
2023-02-18 00:00:00 UTC,1583.62286364927
2023-02-19 00:00:00 UTC,1579.35883749529
2023-02-20 00:00:00 UTC,1572.35386151116
2023-02-21 00:00:00 UTC,1590.94901482217
2023-02-22 00:00:00 UTC,1555.18627589441
2023-02-23 00:00:00 UTC,1549.26603429281
2023-02-24 00:00:00 UTC,1558.40815551291
2023-02-25 00:00:00 UTC,1519.27024856091
2023-02-26 00:00:00 UTC,1507.63947441007
2023-02-27 00:00:00 UTC,1554.50133539041
2023-02-28 00:00:00 UTC,1540.10303767166
2023-03-01 00:00:00 UTC,1518.92817029965
2023-03-02 00:00:00 UTC,1559.57433609722
2023-03-03 00:00:00 UTC,1554.39037011413
2023-03-04 00:00:00 UTC,1475.98361886019
2023-03-05 00:00:00 UTC,1473.94198073774
2023-03-06 00:00:00 UTC,1470.83746215543
2023-03-07 00:00:00 UTC,1466.74037326962
2023-03-08 00:00:00 UTC,1482.32287732058
2023-03-09 00:00:00 UTC,1455.3100392089
2023-03-10 00:00:00 UTC,1360.67472744738
2023-03-11 00:00:00 UTC,1341.53103626835
2023-03-12 00:00:00 UTC,1384.87158178852
2023-03-13 00:00:00 UTC,1485.86610570317
2023-03-14 00:00:00 UTC,1565.5032043744
2023-03-15 00:00:00 UTC,1592.64892661494
2023-03-16 00:00:00 UTC,1566.36888314195
2023-03-17 00:00:00 UTC,1582.39642864507
2023-03-18 00:00:00 UTC,1667.85755055292
2023-03-19 00:00:00 UTC,1642.08155555983
2023-03-20 00:00:00 UTC,1686.61851305301
2023-03-21 00:00:00 UTC,1627.6511042157
2023-03-22 00:00:00 UTC,1681.5638514884
2023-03-23 00:00:00 UTC,1607.63833310192
2023-03-24 00:00:00 UTC,1684.4879189801
2023-03-25 00:00:00 UTC,1625.04404949229
2023-03-26 00:00:00 UTC,1627.60818754705
2023-03-27 00:00:00 UTC,1649.08247362984
2023-03-28 00:00:00 UTC,1590.88127718094
2023-03-29 00:00:00 UTC,1638.31145509981
2023-03-30 00:00:00 UTC,1655.63589100041
2023-03-31 00:00:00 UTC,1644.26211389768
2023-04-01 00:00:00 UTC,1678.41760860956
2023-04-02 00:00:00 UTC,1677.47937450575
2023-04-03 00:00:00 UTC,1663.6995162762
2023-04-04 00:00:00 UTC,1659.62363847654
2023-04-05 00:00:00 UTC,1707.31114235362
2023-04-06 00:00:00 UTC,1752.69566734707
2023-04-07 00:00:00 UTC,1714.71584651347
2023-04-08 00:00:00 UTC,1697.53837122968
2023-04-09 00:00:00 UTC,1683.6157336696
2023-04-10 00:00:00 UTC,1704.60002608192
2023-04-11 00:00:00 UTC,1757.1583419384
2023-04-12 00:00:00 UTC,1734.05508356896
2023-04-13 00:00:00 UTC,1745.57874650611
2023-04-14 00:00:00 UTC,1821.46814866544
2023-04-15 00:00:00 UTC,1893.94908726359
2023-04-16 00:00:00 UTC,1885.31072829803
2023-04-17 00:00:00 UTC,1928.64522171835
2023-04-18 00:00:00 UTC,1901.39388084659
2023-04-19 00:00:00 UTC,1916.37514837991
2023-04-20 00:00:00 UTC,1768.34996015083
2023-04-21 00:00:00 UTC,1771.83995205016
2023-04-22 00:00:00 UTC,1667.32719202183
2023-04-23 00:00:00 UTC,1692.01208172878
2023-04-24 00:00:00 UTC,1695.16243647977
2023-04-25 00:00:00 UTC,1666.45133416333
2023-04-26 00:00:00 UTC,1703.81368630772
2023-04-27 00:00:00 UTC,1690.83693611465
2023-04-28 00:00:00 UTC,1731.52339717212
2023-04-29 00:00:00 UTC,1702.52251904596
2023-04-30 00:00:00 UTC,1712.22007391777
2023-05-01 00:00:00 UTC,1712.35820507944
2023-05-02 00:00:00 UTC,1670.59371156223
2023-05-03 00:00:00 UTC,1698.87884783411
2023-05-04 00:00:00 UTC,1719.54060261843
2023-05-05 00:00:00 UTC,1703.10139070267
2023-05-06 00:00:00 UTC,1779.59861387445
2023-05-07 00:00:00 UTC,1695.18525843694
2023-05-08 00:00:00 UTC,1719.74510295604
2023-05-09 00:00:00 UTC,1681.5766437475
2023-05-10 00:00:00 UTC,1683.62353123896
2023-05-11 00:00:00 UTC,1677.98253442017
2023-05-12 00:00:00 UTC,1647.5175834554
2023-05-13 00:00:00 UTC,1653.32809941002
2023-05-14 00:00:00 UTC,1643.15431475427
2023-05-15 00:00:00 UTC,1657.8962184419
2023-05-16 00:00:00 UTC,1673.68950029177
2023-05-17 00:00:00 UTC,1678.59244890099
2023-05-18 00:00:00 UTC,1680.32348376057
2023-05-19 00:00:00 UTC,1672.69630949973
2023-05-20 00:00:00 UTC,1675.04394018622
2023-05-21 00:00:00 UTC,1681.50636421994
2023-05-22 00:00:00 UTC,1668.16417690536
2023-05-23 00:00:00 UTC,1682.23047082915
2023-05-24 00:00:00 UTC,1721.72399932439
2023-05-25 00:00:00 UTC,1674.12806215725
2023-05-26 00:00:00 UTC,1684.01860831241
2023-05-27 00:00:00 UTC,1704.31314864909
2023-05-28 00:00:00 UTC,1705.57125302966
2023-05-29 00:00:00 UTC,1784.76761962516
2023-05-30 00:00:00 UTC,1768.42235028738
2023-05-31 00:00:00 UTC,1771.45138450765
2023-06-01 00:00:00 UTC,1753.06655558141
2023-06-02 00:00:00 UTC,1730.04368860343
2023-06-03 00:00:00 UTC,1780.19198121573
2023-06-04 00:00:00 UTC,1766.06576991221
2023-06-05 00:00:00 UTC,1769.90397665501
2023-06-06 00:00:00 UTC,1693.38740545747
2023-06-07 00:00:00 UTC,1760.64349236646
2023-06-08 00:00:00 UTC,1711.33045400574
2023-06-09 00:00:00 UTC,1711.8143905025
2023-06-10 00:00:00 UTC,1711.05015912816
2023-06-11 00:00:00 UTC,1631.7232752959
2023-06-12 00:00:00 UTC,1629.28430238239
2023-06-13 00:00:00 UTC,1619.10698330149
2023-06-14 00:00:00 UTC,1609.81449820558
2023-06-15 00:00:00 UTC,1522.61552100807
2023-06-16 00:00:00 UTC,1521.06846538692
2023-06-17 00:00:00 UTC,1566.53754445345
2023-06-18 00:00:00 UTC,1575.66046344513
2023-06-19 00:00:00 UTC,1571.47584417793
2023-06-20 00:00:00 UTC,1588.11634654659
2023-06-21 00:00:00 UTC,1639.40628028981
2023-06-22 00:00:00 UTC,1721.92152518386
2023-06-23 00:00:00 UTC,1710.40665547256
2023-06-24 00:00:00 UTC,1732.56659459826
2023-06-25 00:00:00 UTC,1717.64867812459
2023-06-26 00:00:00 UTC,1741.45921163325
2023-06-27 00:00:00 UTC,1704.69675764701
2023-06-28 00:00:00 UTC,1724.93728675433
2023-06-29 00:00:00 UTC,1674.66487726773
2023-06-30 00:00:00 UTC,1705.49397912302
2023-07-01 00:00:00 UTC,1771.6825765495
2023-07-02 00:00:00 UTC,1762.99982099681
2023-07-03 00:00:00 UTC,1772.72951399205
2023-07-04 00:00:00 UTC,1790.26918507597
2023-07-05 00:00:00 UTC,1779.75860499472
2023-07-06 00:00:00 UTC,1760.00329810783
2023-07-07 00:00:00 UTC,1703.69323538529
2023-07-08 00:00:00 UTC,1704.18170682978
2023-07-09 00:00:00 UTC,1699.97131641177
2023-07-10 00:00:00 UTC,1702.19494445786
2023-07-11 00:00:00 UTC,1704.5005457569
2023-07-12 00:00:00 UTC,1703.5525846658
2023-07-13 00:00:00 UTC,1681.85081517792
2023-07-14 00:00:00 UTC,1784.71467258953
2023-07-15 00:00:00 UTC,1721.8252501179
2023-07-16 00:00:00 UTC,1718.85350215637
2023-07-17 00:00:00 UTC,1712.72315878982
2023-07-18 00:00:00 UTC,1701.34571115906
2023-07-19 00:00:00 UTC,1689.80299724767
2023-07-20 00:00:00 UTC,1686.09824042645
2023-07-21 00:00:00 UTC,1698.21990358388
2023-07-22 00:00:00 UTC,1699.01508583907
2023-07-23 00:00:00 UTC,1669.86729068617
2023-07-24 00:00:00 UTC,1696.87516957027
2023-07-25 00:00:00 UTC,1672.73609762773
2023-07-26 00:00:00 UTC,1680.99488467457
2023-07-27 00:00:00 UTC,1689.27572574489
2023-07-28 00:00:00 UTC,1692.79752725719
2023-07-29 00:00:00 UTC,1699.41010653646
2023-07-30 00:00:00 UTC,1705.05223637439
2023-07-31 00:00:00 UTC,1688.72904127181
2023-08-01 00:00:00 UTC,1688.81753025477
2023-08-02 00:00:00 UTC,1697.68368478793
2023-08-03 00:00:00 UTC,1679.46687891915
2023-08-04 00:00:00 UTC,1676.1770237715
2023-08-05 00:00:00 UTC,1658.32836507883
2023-08-06 00:00:00 UTC,1664.32276578571
2023-08-07 00:00:00 UTC,1660.29561838548
2023-08-08 00:00:00 UTC,1660.18743941132
2023-08-09 00:00:00 UTC,1694.37956608796
2023-08-10 00:00:00 UTC,1690.66263176348
2023-08-11 00:00:00 UTC,1684.83666492012
2023-08-12 00:00:00 UTC,1686.25143290884
2023-08-13 00:00:00 UTC,1687.13073132142
2023-08-14 00:00:00 UTC,1680.86402728324
2023-08-15 00:00:00 UTC,1690.1736341683
2023-08-16 00:00:00 UTC,1675.46751057443
2023-08-17 00:00:00 UTC,1663.64148302476
2023-08-18 00:00:00 UTC,1541.12955585042
2023-08-19 00:00:00 UTC,1525.02819714741
2023-08-20 00:00:00 UTC,1532.88378928577
2023-08-21 00:00:00 UTC,1547.27601749085
2023-08-22 00:00:00 UTC,1529.08276838692
2023-08-23 00:00:00 UTC,1507.38310739623
2023-08-24 00:00:00 UTC,1545.66050199321
2023-08-25 00:00:00 UTC,1535.48404673814
2023-08-26 00:00:00 UTC,1531.66417084046
2023-08-27 00:00:00 UTC,1524.69397188303
2023-08-28 00:00:00 UTC,1534.81026867434
2023-08-29 00:00:00 UTC,1527.16366707301
2023-08-30 00:00:00 UTC,1591.50685775617
2023-08-31 00:00:00 UTC,1560.1687991273
2023-09-01 00:00:00 UTC,1517.16337019792
2023-09-02 00:00:00 UTC,1511.57002988755
2023-09-03 00:00:00 UTC,1516.72072227032
2023-09-04 00:00:00 UTC,1515.88124711056
2023-09-05 00:00:00 UTC,1510.77153010513
2023-09-06 00:00:00 UTC,1522.53402146617
2023-09-07 00:00:00 UTC,1522.75171804687
2023-09-08 00:00:00 UTC,1539.12239031681
2023-09-09 00:00:00 UTC,1528.2730598131
2023-09-10 00:00:00 UTC,1526.490791541
2023-09-11 00:00:00 UTC,1508.98035419966
2023-09-12 00:00:00 UTC,1441.95419549021
2023-09-13 00:00:00 UTC,1482.76645024599
2023-09-14 00:00:00 UTC,1497.73535222822
2023-09-15 00:00:00 UTC,1529.24538427652
2023-09-16 00:00:00 UTC,1538.75065226937
2023-09-17 00:00:00 UTC,1531.70803616609
2023-09-18 00:00:00 UTC,1520.9959745109
2023-09-19 00:00:00 UTC,1530.5954160403
2023-09-20 00:00:00 UTC,1538.81730958492
2023-09-21 00:00:00 UTC,1522.46215632268
2023-09-22 00:00:00 UTC,1485.66673929837
2023-09-23 00:00:00 UTC,1494.27663649195
2023-09-24 00:00:00 UTC,1494.00452102717
2023-09-25 00:00:00 UTC,1484.31836460814
2023-09-26 00:00:00 UTC,1499.47708538797
2023-09-27 00:00:00 UTC,1506.69730554552
2023-09-28 00:00:00 UTC,1520.33026724871
2023-09-29 00:00:00 UTC,1564.06163195865
2023-09-30 00:00:00 UTC,1576.49966041588
2023-10-01 00:00:00 UTC,1579.34466303387
2023-10-02 00:00:00 UTC,1641.44367765146
2023-10-03 00:00:00 UTC,1588.9334926779
2023-10-04 00:00:00 UTC,1582.17177963871
2023-10-05 00:00:00 UTC,1568.65650495003
2023-10-06 00:00:00 UTC,1529.36110423929
2023-10-07 00:00:00 UTC,1554.11305209437
2023-10-08 00:00:00 UTC,1543.43646121228
2023-10-09 00:00:00 UTC,1546.79896770612
2023-10-10 00:00:00 UTC,1493.82104587482
2023-10-11 00:00:00 UTC,1477.96733396434
2023-10-12 00:00:00 UTC,1473.00084985831
2023-10-13 00:00:00 UTC,1458.55675987983
2023-10-14 00:00:00 UTC,1475.35568697024
2023-10-15 00:00:00 UTC,1479.62616234075
2023-10-16 00:00:00 UTC,1480.48341102314
2023-10-17 00:00:00 UTC,1517.2635736178
2023-10-18 00:00:00 UTC,1480.25621471765
2023-10-19 00:00:00 UTC,1484.28478780018
2023-10-20 00:00:00 UTC,1481.88822980681
2023-10-21 00:00:00 UTC,1513.36921973234
2023-10-22 00:00:00 UTC,1537.3217967104
2023-10-23 00:00:00 UTC,1571.72088790106
2023-10-24 00:00:00 UTC,1654.47744000883
2023-10-25 00:00:00 UTC,1684.56909260204
2023-10-26 00:00:00 UTC,1690.1779352533
2023-10-27 00:00:00 UTC,1707.90973875492
2023-10-28 00:00:00 UTC,1684.50863814232
2023-10-29 00:00:00 UTC,1680.51929095776
2023-10-30 00:00:00 UTC,1702.31060984564
2023-10-31 00:00:00 UTC,1704.96614487665
2023-11-01 00:00:00 UTC,1717.54574249445
2023-11-02 00:00:00 UTC,1744.49917043998
2023-11-03 00:00:00 UTC,1696.40773986088
2023-11-04 00:00:00 UTC,1708.44049366847
2023-11-05 00:00:00 UTC,1728.26298716553
2023-11-06 00:00:00 UTC,1766.73747056128
2023-11-07 00:00:00 UTC,1770.92261267934
2023-11-08 00:00:00 UTC,1764.35484130996
2023-11-09 00:00:00 UTC,1766.18044876932
2023-11-10 00:00:00 UTC,1995.59269604241
2023-11-11 00:00:00 UTC,1943.3080625941
2023-11-12 00:00:00 UTC,1919.13523306323
2023-11-13 00:00:00 UTC,1914.08786418322
2023-11-14 00:00:00 UTC,1925.67098070161
2023-11-15 00:00:00 UTC,1820.15903775381
2023-11-16 00:00:00 UTC,1899.79301970013
2023-11-17 00:00:00 UTC,1807.67004337003
2023-11-18 00:00:00 UTC,1792.1504026445
2023-11-19 00:00:00 UTC,1797.74997225128
2023-11-20 00:00:00 UTC,1843.54958703092
2023-11-21 00:00:00 UTC,1847.85605040479
2023-11-22 00:00:00 UTC,1777.5949201002
2023-11-23 00:00:00 UTC,1897.26145451029
2023-11-24 00:00:00 UTC,1891.05168458441
2023-11-25 00:00:00 UTC,1900.96212308089
2023-11-26 00:00:00 UTC,1905.14149010788
2023-11-27 00:00:00 UTC,1886.78262727042
2023-11-28 00:00:00 UTC,1852.53177159227
2023-11-29 00:00:00 UTC,1862.03455835167
2023-11-30 00:00:00 UTC,1846.20832360942
2023-12-01 00:00:00 UTC,1883.10231572965
2023-12-02 00:00:00 UTC,1914.80074758486
2023-12-03 00:00:00 UTC,1988.93436854791
2023-12-04 00:00:00 UTC,2011.61179436544
2023-12-05 00:00:00 UTC,2069.82061231357
2023-12-06 00:00:00 UTC,2125.66270248277
2023-12-07 00:00:00 UTC,2073.39092812382
2023-12-08 00:00:00 UTC,2181.70677588278
2023-12-09 00:00:00 UTC,2190.44902222782
2023-12-10 00:00:00 UTC,2172.98347700512
2023-12-11 00:00:00 UTC,2184.95624074377
2023-12-12 00:00:00 UTC,2064.54243409892
2023-12-13 00:00:00 UTC,2037.67624654592
2023-12-14 00:00:00 UTC,2077.26027054602
2023-12-15 00:00:00 UTC,2108.04270799777
2023-12-16 00:00:00 UTC,2035.06516733319
2023-12-17 00:00:00 UTC,2042.38498807225
2023-12-18 00:00:00 UTC,2019.11844366767
2023-12-19 00:00:00 UTC,2029.65615207173
2023-12-20 00:00:00 UTC,1982.45853730419
2023-12-21 00:00:00 UTC,2008.51516827903
2023-12-22 00:00:00 UTC,2031.63846798778
2023-12-23 00:00:00 UTC,2110.48680509471
2023-12-24 00:00:00 UTC,2095.81955650711
2023-12-25 00:00:00 UTC,2055.83266617704
2023-12-26 00:00:00 UTC,2063.12151582418
2023-12-27 00:00:00 UTC,2020.23908594131
2023-12-28 00:00:00 UTC,2139.72396873683
2023-12-29 00:00:00 UTC,2119.05093234343
2023-12-30 00:00:00 UTC,2079.98354168807
2023-12-31 00:00:00 UTC,2075.29610102732
2024-01-01 00:00:00 UTC,2065.60375435339
2024-01-02 00:00:00 UTC,2129.42931854089
2024-01-03 00:00:00 UTC,2157.56127317062
2024-01-04 00:00:00 UTC,2023.85370235221
2024-01-05 00:00:00 UTC,2074.71048511675
2024-01-06 00:00:00 UTC,2069.51040034217
2024-01-07 00:00:00 UTC,2046.16315843082
2024-01-08 00:00:00 UTC,2029.65367708973
2024-01-09 00:00:00 UTC,2129.03904680768
2024-01-10 00:00:00 UTC,2141.72885648616
2024-01-11 00:00:00 UTC,2358.94341508473
2024-01-12 00:00:00 UTC,2384.13596572902
2024-01-13 00:00:00 UTC,2302.53740695755
2024-01-14 00:00:00 UTC,2349.43912899512
2024-01-15 00:00:00 UTC,2263.9304081061
2024-01-16 00:00:00 UTC,2298.06173240717
2024-01-17 00:00:00 UTC,2380.67969962891
2024-01-18 00:00:00 UTC,2322.83886341434
2024-01-19 00:00:00 UTC,2268.64484518993
2024-01-20 00:00:00 UTC,2283.10424619039
2024-01-21 00:00:00 UTC,2265.35524823082
2024-01-22 00:00:00 UTC,2253.9604677602
2024-01-23 00:00:00 UTC,2121.17320259513
2024-01-24 00:00:00 UTC,2064.93242620677
2024-01-25 00:00:00 UTC,2055.42698763842
2024-01-26 00:00:00 UTC,2045.82092956144
2024-01-27 00:00:00 UTC,2088.51139044775
2024-01-28 00:00:00 UTC,2087.62505289317
2024-01-29 00:00:00 UTC,2081.5120536578
2024-01-30 00:00:00 UTC,2136.05383403255
2024-01-31 00:00:00 UTC,2161.66387511353
2024-02-01 00:00:00 UTC,2111.82439873907
2024-02-02 00:00:00 UTC,2116.66150828316
2024-02-03 00:00:00 UTC,2136.79832824527
2024-02-04 00:00:00 UTC,2125.02168216512
2024-02-05 00:00:00 UTC,2124.42665091584
2024-02-06 00:00:00 UTC,2139.84790681243
2024-02-07 00:00:00 UTC,2205.68054869756
2024-02-08 00:00:00 UTC,2249.796733294
2024-02-09 00:00:00 UTC,2246.77261057503
2024-02-10 00:00:00 UTC,2306.85974442571
2024-02-11 00:00:00 UTC,2317.65412775905
2024-02-12 00:00:00 UTC,2320.24222121896
2024-02-13 00:00:00 UTC,2467.40717974402
2024-02-14 00:00:00 UTC,2466.79848464306
2024-02-15 00:00:00 UTC,2590.87109405586
2024-02-16 00:00:00 UTC,2623.42601702445
2024-02-17 00:00:00 UTC,2604.9882769808
2024-02-18 00:00:00 UTC,2587.53394603971
2024-02-19 00:00:00 UTC,2665.98275359637
2024-02-20 00:00:00 UTC,2732.13415689001
2024-02-21 00:00:00 UTC,2789.59463630841
2024-02-22 00:00:00 UTC,2751.60377890346
2024-02-23 00:00:00 UTC,2747.59198321632
2024-02-24 00:00:00 UTC,2701.4008404995
2024-02-25 00:00:00 UTC,2758.66519309828
2024-02-26 00:00:00 UTC,2877.67036216626
2024-02-27 00:00:00 UTC,2924.8776579741
2024-02-28 00:00:00 UTC,2990.10813064383
2024-02-29 00:00:00 UTC,3119.19396465832
2024-03-01 00:00:00 UTC,3098.45491675143
2024-03-02 00:00:00 UTC,3164.24692949802
2024-03-03 00:00:00 UTC,3155.1556540714
2024-03-04 00:00:00 UTC,3216.41404319826
2024-03-05 00:00:00 UTC,3348.25444342968
2024-03-06 00:00:00 UTC,3299.22039760565
2024-03-07 00:00:00 UTC,3506.97094740264
2024-03-08 00:00:00 UTC,3526.50648295242
2024-03-09 00:00:00 UTC,3557.9220695568
2024-03-10 00:00:00 UTC,3578.41578066043
2024-03-11 00:00:00 UTC,3553.05711837171
2024-03-12 00:00:00 UTC,3724.41955142973
2024-03-13 00:00:00 UTC,3640.74813801457
2024-03-14 00:00:00 UTC,3659.87706078363
2024-03-15 00:00:00 UTC,3564.27379838172
2024-03-16 00:00:00 UTC,3432.76852263229
2024-03-17 00:00:00 UTC,3226.9347850776
2024-03-18 00:00:00 UTC,3347.58078454544
2024-03-19 00:00:00 UTC,3243.00061619815
2024-03-20 00:00:00 UTC,2918.44975033836
2024-03-21 00:00:00 UTC,3214.6365157467
2024-03-22 00:00:00 UTC,3215.76909407521
2024-03-23 00:00:00 UTC,3060.21672184814
2024-03-24 00:00:00 UTC,3088.28724489487
2024-03-25 00:00:00 UTC,3195.91318502033
2024-03-26 00:00:00 UTC,3311.0059728782
2024-03-27 00:00:00 UTC,3315.51647424234
2024-03-28 00:00:00 UTC,3241.48901033923
2024-03-29 00:00:00 UTC,3299.12701038618
2024-03-30 00:00:00 UTC,3255.61311339072
2024-03-31 00:00:00 UTC,3247.80263157291
2024-04-01 00:00:00 UTC,3377.15053784412
2024-04-02 00:00:00 UTC,3267.02762336932
2024-04-03 00:00:00 UTC,3041.36799871966
2024-04-04 00:00:00 UTC,3060.28014550027
2024-04-05 00:00:00 UTC,3074.55927732354
2024-04-06 00:00:00 UTC,3061.96368136053
2024-04-07 00:00:00 UTC,3101.21004049953
2024-04-08 00:00:00 UTC,3188.74406085215
2024-04-09 00:00:00 UTC,3401.57502148847
2024-04-10 00:00:00 UTC,3226.68978262908
2024-04-11 00:00:00 UTC,3295.14773752273
2024-04-12 00:00:00 UTC,3270.73196203881
2024-04-13 00:00:00 UTC,3045.0909310992
2024-04-14 00:00:00 UTC,2835.39692800856
2024-04-15 00:00:00 UTC,2964.82191446233
2024-04-16 00:00:00 UTC,2918.15845845525
2024-04-17 00:00:00 UTC,2903.4233100248
2024-04-18 00:00:00 UTC,2795.51923228719
2024-04-19 00:00:00 UTC,2879.698984711
2024-04-20 00:00:00 UTC,2875.19944128557
2024-04-21 00:00:00 UTC,2956.33323957764
2024-04-22 00:00:00 UTC,2952.7012895632
2024-04-23 00:00:00 UTC,3003.35173361842
2024-04-24 00:00:00 UTC,3007.8480813616
2024-04-25 00:00:00 UTC,2934.15738330368
2024-04-26 00:00:00 UTC,2943.38431964842
2024-04-27 00:00:00 UTC,2928.06485561014
2024-04-28 00:00:00 UTC,3047.02601428007
2024-04-29 00:00:00 UTC,3044.71516792918
2024-04-30 00:00:00 UTC,2998.85389081173
2024-05-01 00:00:00 UTC,2829.89330218509
2024-05-02 00:00:00 UTC,2776.75466150651
2024-05-03 00:00:00 UTC,2785.09722266421
2024-05-04 00:00:00 UTC,2880.81279765537
2024-05-05 00:00:00 UTC,2892.76640757878
2024-05-06 00:00:00 UTC,2915.0294006182
2024-05-07 00:00:00 UTC,2845.35666001859
2024-05-08 00:00:00 UTC,2804.70161769744
2024-05-09 00:00:00 UTC,2768.76515557545
2024-05-10 00:00:00 UTC,2817.8854512409
2024-05-11 00:00:00 UTC,2700.38754489121
2024-05-12 00:00:00 UTC,2698.80877869394
2024-05-13 00:00:00 UTC,2721.32622728953
2024-05-14 00:00:00 UTC,2731.6090479108
2024-05-15 00:00:00 UTC,2664.80251703865
2024-05-16 00:00:00 UTC,2787.78298487681
2024-05-17 00:00:00 UTC,2708.63993777711
2024-05-18 00:00:00 UTC,2845.68549943188
2024-05-19 00:00:00 UTC,2868.25296102226
2024-05-20 00:00:00 UTC,2824.33772236391
2024-05-21 00:00:00 UTC,3366.65773954401
2024-05-22 00:00:00 UTC,3493.36903953745
2024-05-23 00:00:00 UTC,3456.89984104883
2024-05-24 00:00:00 UTC,3482.89754060854
2024-05-25 00:00:00 UTC,3433.97696692347
2024-05-26 00:00:00 UTC,3456.76862444517
2024-05-27 00:00:00 UTC,3526.41281603012
2024-05-28 00:00:00 UTC,3584.91086255991
2024-05-29 00:00:00 UTC,3538.76078701742
2024-05-30 00:00:00 UTC,3485.80414798844
2024-05-31 00:00:00 UTC,3460.86737052628
2024-06-01 00:00:00 UTC,3464.02751876488
2024-06-02 00:00:00 UTC,3512.59773808795
2024-06-03 00:00:00 UTC,3483.77486545383
2024-06-04 00:00:00 UTC,3453.40406297215
2024-06-05 00:00:00 UTC,3506.15524655847
2024-06-06 00:00:00 UTC,3559.92064109542
2024-06-07 00:00:00 UTC,3500.49113962195
2024-06-08 00:00:00 UTC,3404.52721644183
2024-06-09 00:00:00 UTC,3407.90338423859
2024-06-10 00:00:00 UTC,3438.26350065274
2024-06-11 00:00:00 UTC,3406.50856832394
2024-06-12 00:00:00 UTC,3257.49145475189
2024-06-13 00:00:00 UTC,3291.33926705047
2024-06-14 00:00:00 UTC,3226.70181484467
2024-06-15 00:00:00 UTC,3244.33672008419
2024-06-16 00:00:00 UTC,3326.44895235352
2024-06-17 00:00:00 UTC,3380.36374299779
2024-06-18 00:00:00 UTC,3268.46338631652
2024-06-19 00:00:00 UTC,3240.34317937547
2024-06-20 00:00:00 UTC,3308.65552734427
2024-06-21 00:00:00 UTC,3279.93329339629
2024-06-22 00:00:00 UTC,3289.26492609836
2024-06-23 00:00:00 UTC,3268.45793329403
2024-06-24 00:00:00 UTC,3197.78328217855
2024-06-25 00:00:00 UTC,3128.00537819292
2024-06-26 00:00:00 UTC,3170.33179875657
2024-06-27 00:00:00 UTC,3151.16037438963
2024-06-28 00:00:00 UTC,3215.20985189335
2024-06-29 00:00:00 UTC,3147.90253225791
2024-06-30 00:00:00 UTC,3144.79912789084
2024-07-01 00:00:00 UTC,3199.65549035806
2024-07-02 00:00:00 UTC,3202.11008604433
2024-07-03 00:00:00 UTC,3179.6640694903
2024-07-04 00:00:00 UTC,3054.50255189828
2024-07-05 00:00:00 UTC,2839.129083504
2024-07-06 00:00:00 UTC,2751.27482911971
2024-07-07 00:00:00 UTC,2828.51207534717
2024-07-08 00:00:00 UTC,2704.28209111602
2024-07-09 00:00:00 UTC,2784.74674447521
2024-07-10 00:00:00 UTC,2832.75338730054
2024-07-11 00:00:00 UTC,2861.83842644763
2024-07-12 00:00:00 UTC,2853.89199090848
2024-07-13 00:00:00 UTC,2868.635580352
2024-07-14 00:00:00 UTC,2906.00638873829
2024-07-15 00:00:00 UTC,2988.02799820213
2024-07-16 00:00:00 UTC,3201.50876609472
2024-07-17 00:00:00 UTC,3161.20133537526
2024-07-18 00:00:00 UTC,3098.2204916558
2024-07-19 00:00:00 UTC,3145.01076681472
2024-07-20 00:00:00 UTC,3217.98357042156
2024-07-21 00:00:00 UTC,3234.44944777316
2024-07-22 00:00:00 UTC,3241.48062848746
2024-07-23 00:00:00 UTC,3161.24746783271
2024-07-24 00:00:00 UTC,3209.58695952048
2024-07-25 00:00:00 UTC,3078.15443059384
2024-07-26 00:00:00 UTC,2924.91178402801
2024-07-27 00:00:00 UTC,3015.11573237329
2024-07-28 00:00:00 UTC,2993.70898246186
2024-07-29 00:00:00 UTC,3015.34882808927
2024-07-30 00:00:00 UTC,3065.44831507824
2024-07-31 00:00:00 UTC,3029.40908305604
2024-08-01 00:00:00 UTC,2986.70342002533
2024-08-02 00:00:00 UTC,2970.32050628026
2024-08-03 00:00:00 UTC,2731.83555406775
2024-08-04 00:00:00 UTC,2662.68176432176
2024-08-05 00:00:00 UTC,2458.77039813078
2024-08-06 00:00:00 UTC,2205.88913448782
2024-08-07 00:00:00 UTC,2247.62778350328
2024-08-08 00:00:00 UTC,2142.32334917159
2024-08-09 00:00:00 UTC,2459.86100647859
2024-08-10 00:00:00 UTC,2382.13037528872
2024-08-11 00:00:00 UTC,2387.10903578591
2024-08-12 00:00:00 UTC,2344.60472210535
2024-08-13 00:00:00 UTC,2493.53757974516
2024-08-14 00:00:00 UTC,2458.76027697138
2024-08-15 00:00:00 UTC,2418.19869024245
2024-08-16 00:00:00 UTC,2341.6645800654
2024-08-17 00:00:00 UTC,2349.86076288643
2024-08-18 00:00:00 UTC,2368.79767480458
2024-08-19 00:00:00 UTC,2371.55056018062
2024-08-20 00:00:00 UTC,2382.06341559119
2024-08-21 00:00:00 UTC,2314.54015787283
2024-08-22 00:00:00 UTC,2357.84982157871
2024-08-23 00:00:00 UTC,2359.64598635323
2024-08-24 00:00:00 UTC,2466.61993938354
2024-08-25 00:00:00 UTC,2472.83319680194
2024-08-26 00:00:00 UTC,2453.93838708863
2024-08-27 00:00:00 UTC,2403.05509307692
2024-08-28 00:00:00 UTC,2198.44987101707
2024-08-29 00:00:00 UTC,2271.57487790583
2024-08-30 00:00:00 UTC,2280.38136565856
2024-08-31 00:00:00 UTC,2285.20382817781
2024-09-01 00:00:00 UTC,2272.37794948411
2024-09-02 00:00:00 UTC,2200.0625883182
2024-09-03 00:00:00 UTC,2290.53745759214
2024-09-04 00:00:00 UTC,2205.81071058417
2024-09-05 00:00:00 UTC,2209.41421861207
2024-09-06 00:00:00 UTC,2130.96700038498
2024-09-07 00:00:00 UTC,2005.18281227267
2024-09-08 00:00:00 UTC,2049.29114188017
2024-09-09 00:00:00 UTC,2071.10056204528
2024-09-10 00:00:00 UTC,2138.10872178564
2024-09-11 00:00:00 UTC,2168.43571772647
2024-09-12 00:00:00 UTC,2127.93606663319
2024-09-13 00:00:00 UTC,2132.54055470949
2024-09-14 00:00:00 UTC,2205.26481955586
2024-09-15 00:00:00 UTC,2181.89173384991
2024-09-16 00:00:00 UTC,2094.8593775602
2024-09-17 00:00:00 UTC,2062.39439520553
2024-09-18 00:00:00 UTC,2104.79659161979
2024-09-19 00:00:00 UTC,2125.46019992266
2024-09-20 00:00:00 UTC,2209.21029013066
2024-09-21 00:00:00 UTC,2288.59840066883
2024-09-22 00:00:00 UTC,2340.62878516941
2024-09-23 00:00:00 UTC,2313.8621774134
2024-09-24 00:00:00 UTC,2382.9899505095
2024-09-25 00:00:00 UTC,2371.67434529314
2024-09-26 00:00:00 UTC,2316.65621728989
2024-09-27 00:00:00 UTC,2354.01342621553
2024-09-28 00:00:00 UTC,2415.24683103584
2024-09-29 00:00:00 UTC,2399.15756787069
2024-09-30 00:00:00 UTC,2381.27491948289
2024-10-01 00:00:00 UTC,2332.1292440262
2024-10-02 00:00:00 UTC,2215.86057069384
2024-10-03 00:00:00 UTC,2141.02369424527
2024-10-04 00:00:00 UTC,2127.69623908577
2024-10-05 00:00:00 UTC,2201.0996765312
2024-10-06 00:00:00 UTC,2199.42082012333
2024-10-07 00:00:00 UTC,2222.484599566
2024-10-08 00:00:00 UTC,2207.53527907858
2024-10-09 00:00:00 UTC,2224.43356483183
2024-10-10 00:00:00 UTC,2163.8557739446
2024-10-11 00:00:00 UTC,2178.42518650401
2024-10-12 00:00:00 UTC,2225.79666329092
2024-10-13 00:00:00 UTC,2264.0849040038
2024-10-14 00:00:00 UTC,2254.37027743144
2024-10-15 00:00:00 UTC,2409.67612983387
2024-10-16 00:00:00 UTC,2390.70160034666
2024-10-17 00:00:00 UTC,2405.05721918757
2024-10-18 00:00:00 UTC,2403.61975625038
2024-10-19 00:00:00 UTC,2431.04321017789
2024-10-20 00:00:00 UTC,2437.3184515914
2024-10-21 00:00:00 UTC,2524.12860383743
2024-10-22 00:00:00 UTC,2464.78906541415
2024-10-23 00:00:00 UTC,2426.21519729438
2024-10-24 00:00:00 UTC,2341.40669508561
2024-10-25 00:00:00 UTC,2342.25778937166
2024-10-26 00:00:00 UTC,2242.55320207138
2024-10-27 00:00:00 UTC,2295.58755553024
2024-10-28 00:00:00 UTC,2321.1004357324
2024-10-29 00:00:00 UTC,2371.49101130655
2024-10-30 00:00:00 UTC,2438.77904238026
2024-10-31 00:00:00 UTC,2447.33577493897
2024-11-01 00:00:00 UTC,2310.24370897027
2024-11-02 00:00:00 UTC,2312.53171095063
2024-11-03 00:00:00 UTC,2291.00508420739
2024-11-04 00:00:00 UTC,2259.38692390876
2024-11-05 00:00:00 UTC,2203.45441880027
2024-11-06 00:00:00 UTC,2216.29759327432
2024-11-07 00:00:00 UTC,2534.83048604036
2024-11-08 00:00:00 UTC,2680.86264860024
2024-11-09 00:00:00 UTC,2761.18637143433
2024-11-10 00:00:00 UTC,2920.21672275322
2024-11-11 00:00:00 UTC,2979.03634741106
2024-11-12 00:00:00 UTC,3163.47941949205
2024-11-13 00:00:00 UTC,3070.52190545618
2024-11-14 00:00:00 UTC,3021.12619423509
2024-11-15 00:00:00 UTC,2905.97105426732
2024-11-16 00:00:00 UTC,2933.87110948189
2024-11-17 00:00:00 UTC,2972.05291644222
2024-11-18 00:00:00 UTC,2919.22356551668
2024-11-19 00:00:00 UTC,3028.80073925191
2024-11-20 00:00:00 UTC,2934.56497269527
2024-11-21 00:00:00 UTC,2915.56669393838
2024-11-22 00:00:00 UTC,3214.22746036506
2024-11-23 00:00:00 UTC,3194.14774378581
2024-11-24 00:00:00 UTC,3257.85801676495
2024-11-25 00:00:00 UTC,3215.07980989011
2024-11-26 00:00:00 UTC,3268.68006295602
2024-11-27 00:00:00 UTC,3170.20625796409
2024-11-28 00:00:00 UTC,3471.12893180402
2024-11-29 00:00:00 UTC,3389.06498555181
2024-11-30 00:00:00 UTC,3400.98354167565
2024-12-01 00:00:00 UTC,3507.19256753563
2024-12-02 00:00:00 UTC,3517.96314465455
2024-12-03 00:00:00 UTC,3469.91593934499
2024-12-04 00:00:00 UTC,3449.87075216008
2024-12-05 00:00:00 UTC,3652.45104584863
2024-12-06 00:00:00 UTC,3587.05009669199
2024-12-07 00:00:00 UTC,3795.26304502135
2024-12-08 00:00:00 UTC,3785.05453314129
2024-12-09 00:00:00 UTC,3800.44374190831
2024-12-10 00:00:00 UTC,3518.49859765265
2024-12-11 00:00:00 UTC,3443.51844714057
2024-12-12 00:00:00 UTC,3643.87608254394
2024-12-13 00:00:00 UTC,3703.43677797708
2024-12-14 00:00:00 UTC,3719.36897742301
2024-12-15 00:00:00 UTC,3682.15340269754
2024-12-16 00:00:00 UTC,3768.76780531561
2024-12-17 00:00:00 UTC,3796.46452181118
2024-12-18 00:00:00 UTC,3696.41463242353
2024-12-19 00:00:00 UTC,3505.24986698888
2024-12-20 00:00:00 UTC,3313.87106392349
2024-12-21 00:00:00 UTC,3325.17784382832
2024-12-22 00:00:00 UTC,3199.99810239925
2024-12-23 00:00:00 UTC,3139.70087623615
2024-12-24 00:00:00 UTC,3281.89384128235
2024-12-25 00:00:00 UTC,3362.54965381357
2024-12-26 00:00:00 UTC,3360.78997221663
2024-12-27 00:00:00 UTC,3193.01429023353
2024-12-28 00:00:00 UTC,3192.76054822754
2024-12-29 00:00:00 UTC,3258.37681470048
2024-12-30 00:00:00 UTC,3219.1698682367
2024-12-31 00:00:00 UTC,3228.78853525573
2025-01-01 00:00:00 UTC,3223.78979253795
2025-01-02 00:00:00 UTC,3235.21287664054
2025-01-03 00:00:00 UTC,3358.10259387102
2025-01-04 00:00:00 UTC,3495.07053791736
2025-01-05 00:00:00 UTC,3549.80168147254
2025-01-06 00:00:00 UTC,3528.2918619737
2025-01-07 00:00:00 UTC,3550.7314210728
2025-01-08 00:00:00 UTC,3267.47318284518
2025-01-09 00:00:00 UTC,3223.58720851733
2025-01-10 00:00:00 UTC,3126.09325247306
2025-01-11 00:00:00 UTC,3187.41717293696
2025-01-12 00:00:00 UTC,3202.09915337855
2025-01-13 00:00:00 UTC,3186.38607948259
2025-01-14 00:00:00 UTC,3053.30445059685
2025-01-15 00:00:00 UTC,3129.38202195764
2025-01-16 00:00:00 UTC,3348.65569595416
2025-01-17 00:00:00 UTC,3212.7611311623
2025-01-18 00:00:00 UTC,3375.18426390615
2025-01-19 00:00:00 UTC,3222.10333998727
2025-01-20 00:00:00 UTC,3122.01411846576
2025-01-21 00:00:00 UTC,3130.9742754083
2025-01-22 00:00:00 UTC,3194.55728432318
2025-01-23 00:00:00 UTC,3110.38133367935
2025-01-24 00:00:00 UTC,3199.74421874536
2025-01-25 00:00:00 UTC,3153.09314304197
2025-01-26 00:00:00 UTC,3161.27640272753
2025-01-27 00:00:00 UTC,3087.83602224979
2025-01-28 00:00:00 UTC,3038.43406614512
2025-01-29 00:00:00 UTC,2949.95450406123
2025-01-30 00:00:00 UTC,2987.02431336311
2025-01-31 00:00:00 UTC,3125.04338141082
2025-02-01 00:00:00 UTC,3181.38286198459
2025-02-02 00:00:00 UTC,3015.57482524443
2025-02-03 00:00:00 UTC,2792.96803027115
2025-02-04 00:00:00 UTC,2786.26193276856
2025-02-05 00:00:00 UTC,2641.64779008177
2025-02-06 00:00:00 UTC,2683.17729487751
2025-02-07 00:00:00 UTC,2586.90117164647
2025-02-08 00:00:00 UTC,2539.27466256508
2025-02-09 00:00:00 UTC,2551.89972074098
2025-02-10 00:00:00 UTC,2552.55938378121
2025-02-11 00:00:00 UTC,2582.2011267933
2025-02-12 00:00:00 UTC,2511.24781015224
2025-02-13 00:00:00 UTC,2633.44401148834
2025-02-14 00:00:00 UTC,2557.83599209576
2025-02-15 00:00:00 UTC,2595.79022578888
2025-02-16 00:00:00 UTC,2566.67078289838
2025-02-17 00:00:00 UTC,2535.72689423329
2025-02-18 00:00:00 UTC,2614.94939107703
2025-02-19 00:00:00 UTC,2555.13869526907
2025-02-20 00:00:00 UTC,2605.37631884937
2025-02-21 00:00:00 UTC,2610.52052552696
2025-02-22 00:00:00 UTC,2540.34838347051
2025-02-23 00:00:00 UTC,2643.03873963111
2025-02-24 00:00:00 UTC,2698.8556810023
2025-02-25 00:00:00 UTC,2392.63145375597
2025-02-26 00:00:00 UTC,2372.04437306396
2025-02-27 00:00:00 UTC,2217.23888180285
2025-02-28 00:00:00 UTC,2217.40714224693
2025-03-01 00:00:00 UTC,2153.73101520516
2025-03-02 00:00:00 UTC,2132.16690388493
2025-03-03 00:00:00 UTC,2417.25138811144
2025-03-04 00:00:00 UTC,2049.01716100991
2025-03-05 00:00:00 UTC,2043.5458291311
2025-03-06 00:00:00 UTC,2076.27927824559
2025-03-07 00:00:00 UTC,2041.39495782374
2025-03-08 00:00:00 UTC,1975.76436191747
2025-03-09 00:00:00 UTC,2031.01973847888
2025-03-10 00:00:00 UTC,1857.51820839233
2025-03-11 00:00:00 UTC,1733.18100951052
2025-03-12 00:00:00 UTC,1760.21577097508
2025-03-13 00:00:00 UTC,1755.34180323711
2025-03-14 00:00:00 UTC,1716.24140780311
2025-03-15 00:00:00 UTC,1749.31050381483
2025-03-16 00:00:00 UTC,1776.93098072164
2025-03-17 00:00:00 UTC,1734.66099146144
2025-03-18 00:00:00 UTC,1766.80978208913
2025-03-19 00:00:00 UTC,1766.65902524268
2025-03-20 00:00:00 UTC,1888.89062521099
2025-03-21 00:00:00 UTC,1824.41143731196
2025-03-22 00:00:00 UTC,1806.18831502149
2025-03-23 00:00:00 UTC,1820.35586147122
2025-03-24 00:00:00 UTC,1846.75829342646
2025-03-25 00:00:00 UTC,1923.28018434963
2025-03-26 00:00:00 UTC,1917.68590481857
2025-03-27 00:00:00 UTC,1870.67297943133
2025-03-28 00:00:00 UTC,1854.65230014855
2025-03-29 00:00:00 UTC,1744.21171872758
2025-03-30 00:00:00 UTC,1682.01426367629
2025-03-31 00:00:00 UTC,1667.85056651092
2025-04-01 00:00:00 UTC,1686.34085819314
2025-04-02 00:00:00 UTC,1766.14167722264
2025-04-03 00:00:00 UTC,1647.11945914861
2025-04-04 00:00:00 UTC,1646.37835603847
2025-04-05 00:00:00 UTC,1655.59758073265
2025-04-06 00:00:00 UTC,1651.45060640169
2025-04-07 00:00:00 UTC,1432.90896811381
2025-04-08 00:00:00 UTC,1425.2725128878
2025-04-09 00:00:00 UTC,1339.55490595826
2025-04-10 00:00:00 UTC,1518.33833439078
2025-04-11 00:00:00 UTC,1353.71494048638
2025-04-12 00:00:00 UTC,1381.4518849432
2025-04-13 00:00:00 UTC,1449.07830646231
2025-04-14 00:00:00 UTC,1406.78474678129
2025-04-15 00:00:00 UTC,1430.37298209502
2025-04-16 00:00:00 UTC,1405.75776468552
2025-04-17 00:00:00 UTC,1383.91124684024
2025-04-18 00:00:00 UTC,1392.38409522686
2025-04-19 00:00:00 UTC,1397.37439237729
2025-04-20 00:00:00 UTC,1420.14760520287
2025-04-21 00:00:00 UTC,1384.74078613575
2025-04-22 00:00:00 UTC,1370.29469994002
2025-04-23 00:00:00 UTC,1551.10909646442
2025-04-24 00:00:00 UTC,1583.07254794986
2025-04-25 00:00:00 UTC,1555.80737137205
2025-04-26 00:00:00 UTC,1568.41824460376
2025-04-27 00:00:00 UTC,1598.52826676989
2025-04-28 00:00:00 UTC,1580.72322404254
2025-04-29 00:00:00 UTC,1577.32101211349
2025-04-30 00:00:00 UTC,1578.09366262526
2025-05-01 00:00:00 UTC,1584.17086127453
2025-05-02 00:00:00 UTC,1627.81637271732
2025-05-03 00:00:00 UTC,1629.203060993
2025-05-04 00:00:00 UTC,1623.07556653266
2025-05-05 00:00:00 UTC,1596.81157697122
2025-05-06 00:00:00 UTC,1608.51812164576
2025-05-07 00:00:00 UTC,1601.18698985917
2025-05-08 00:00:00 UTC,1601.10765126796
2025-05-09 00:00:00 UTC,1957.58750744971
2025-05-10 00:00:00 UTC,2081.16046791488
2025-05-11 00:00:00 UTC,2296.50655023631
2025-05-12 00:00:00 UTC,2232.93401833259
2025-05-13 00:00:00 UTC,2246.36658047105
2025-05-14 00:00:00 UTC,2392.77354996071
2025-05-15 00:00:00 UTC,2328.10932159278
2025-05-16 00:00:00 UTC,2271.48616419185
2025-05-17 00:00:00 UTC,2279.4934476132
2025-05-18 00:00:00 UTC,2217.37895553037
2025-05-19 00:00:00 UTC,2204.25890989641
2025-05-20 00:00:00 UTC,2249.69296230855
2025-05-21 00:00:00 UTC,2236.38085445958
2025-05-22 00:00:00 UTC,2258.43479570242
2025-05-23 00:00:00 UTC,2354.94919109233
2025-05-24 00:00:00 UTC,2216.23420077281
2025-05-25 00:00:00 UTC,2224.70328181755
2025-05-26 00:00:00 UTC,2239.29145407742
2025-05-27 00:00:00 UTC,2249.19838106009
2025-05-28 00:00:00 UTC,2347.83651551011
2025-05-29 00:00:00 UTC,2380.7539647679
2025-05-30 00:00:00 UTC,2314.12912537931
2025-05-31 00:00:00 UTC,2224.66943715962
2025-06-01 00:00:00 UTC,2231.61938092578
2025-06-02 00:00:00 UTC,2235.33467602127
2025-06-03 00:00:00 UTC,2278.81996042013
2025-06-04 00:00:00 UTC,2280.12466966795
2025-06-05 00:00:00 UTC,2285.83576584157
2025-06-06 00:00:00 UTC,2114.70433108024
2025-06-07 00:00:00 UTC,2176.57591129521
2025-06-08 00:00:00 UTC,2215.9496556547
2025-06-09 00:00:00 UTC,2199.43347965774
2025-06-10 00:00:00 UTC,2350.20482696833
2025-06-11 00:00:00 UTC,2455.53895060353
2025-06-12 00:00:00 UTC,2412.68808659748
2025-06-13 00:00:00 UTC,2287.29365302099
2025-06-14 00:00:00 UTC,2231.30662090133
2025-06-15 00:00:00 UTC,2194.09429074257
2025-06-16 00:00:00 UTC,2206.02154215585
2025-06-17 00:00:00 UTC,2217.01027269839
2025-06-18 00:00:00 UTC,2190.59868596244
2025-06-19 00:00:00 UTC,2197.3269504895
2025-06-20 00:00:00 UTC,2191.16839342082
2025-06-21 00:00:00 UTC,2087.46282508916
2025-06-22 00:00:00 UTC,1970.22259787136
2025-06-23 00:00:00 UTC,1936.513170366
2025-06-24 00:00:00 UTC,2089.77962170405
2025-06-25 00:00:00 UTC,2106.81285413251
2025-06-26 00:00:00 UTC,2068.86089565104
2025-06-27 00:00:00 UTC,2065.3738913523
2025-06-28 00:00:00 UTC,2067.32944314915
2025-06-29 00:00:00 UTC,2079.3618771189
2025-06-30 00:00:00 UTC,2133.71405219303
2025-07-01 00:00:00 UTC,2111.30701217803
2025-07-02 00:00:00 UTC,2037.44825082568
2025-07-03 00:00:00 UTC,2181.38339176783
2025-07-04 00:00:00 UTC,2200.9570933971
2025-07-05 00:00:00 UTC,2130.32158367931
2025-07-06 00:00:00 UTC,2137.23478338628
2025-07-07 00:00:00 UTC,2182.90825274941
2025-07-08 00:00:00 UTC,2167.24543247903
2025-07-09 00:00:00 UTC,2231.35893379058
2025-07-10 00:00:00 UTC,2363.76547872613
2025-07-11 00:00:00 UTC,2519.07577598809
2025-07-12 00:00:00 UTC,2531.29741128228
2025-07-13 00:00:00 UTC,2517.70365353845
2025-07-14 00:00:00 UTC,2546.13187425648
2025-07-15 00:00:00 UTC,2582.20912682335
2025-07-16 00:00:00 UTC,2699.11461789019
2025-07-17 00:00:00 UTC,2894.5308832078
2025-07-18 00:00:00 UTC,2997.61907141137
2025-07-19 00:00:00 UTC,3050.51532208709
2025-07-20 00:00:00 UTC,3090.93419500458
2025-07-21 00:00:00 UTC,3231.37094243059
2025-07-22 00:00:00 UTC,3219.61723213874
2025-07-23 00:00:00 UTC,3192.16488637856
2025-07-24 00:00:00 UTC,3082.67049936185
2025-07-25 00:00:00 UTC,3154.45354622263
2025-07-26 00:00:00 UTC,3169.4982335683
2025-07-27 00:00:00 UTC,3185.99549417396
2025-07-28 00:00:00 UTC,3286.46522313825
2025-07-29 00:00:00 UTC,3265.55076023306
2025-07-30 00:00:00 UTC,3279.4637908392
2025-07-31 00:00:00 UTC,3331.18493261903
2025-08-01 00:00:00 UTC,3235.51525215131
2025-08-02 00:00:00 UTC,3004.41600777149
2025-08-03 00:00:00 UTC,2931.39469848401
2025-08-04 00:00:00 UTC,3018.12580346051
2025-08-05 00:00:00 UTC,3207.84219099567
2025-08-06 00:00:00 UTC,3118.87803516261
2025-08-07 00:00:00 UTC,3158.81886091104
2025-08-08 00:00:00 UTC,3349.5412942097
2025-08-09 00:00:00 UTC,3445.54202645261
2025-08-10 00:00:00 UTC,3661.58509433304
2025-08-11 00:00:00 UTC,3651.62333303722
2025-08-12 00:00:00 UTC,3640.59476519654
2025-08-13 00:00:00 UTC,3945.26238027158
2025-08-14 00:00:00 UTC,4067.50188111525
2025-08-15 00:00:00 UTC,3909.30363050772
2025-08-16 00:00:00 UTC,3785.21655042306
2025-08-17 00:00:00 UTC,3782.05071973371
2025-08-18 00:00:00 UTC,3833.01287242149
2025-08-19 00:00:00 UTC,3700.16436057573
2025-08-20 00:00:00 UTC,3499.52331324494
2025-08-21 00:00:00 UTC,3717.22037002534
2025-08-22 00:00:00 UTC,3637.3472391768
2025-08-23 00:00:00 UTC,4118.91890298293
2025-08-24 00:00:00 UTC,4072.58619433135
2025-08-25 00:00:00 UTC,4080.02741233353
2025-08-26 00:00:00 UTC,3772.62833548547
2025-08-27 00:00:00 UTC,3953.94182036727
2025-08-28 00:00:00 UTC,3863.86962552276
2025-08-29 00:00:00 UTC,3858.69259942513
2025-08-30 00:00:00 UTC,3734.84781265782
2025-08-31 00:00:00 UTC,3742.07453671905
2025-09-01 00:00:00 UTC,3754.44997628259
2025-09-02 00:00:00 UTC,3672.38720250883
2025-09-03 00:00:00 UTC,3717.9393936557
2025-09-04 00:00:00 UTC,3816.47746490478
2025-09-05 00:00:00 UTC,3687.16778358945
2025-09-06 00:00:00 UTC,3674.04520045563
2025-09-07 00:00:00 UTC,3647.08658628865
2025-09-08 00:00:00 UTC,3675.04973112483
2025-09-09 00:00:00 UTC,3661.90977384545
2025-09-10 00:00:00 UTC,3682.9453032295
2025-09-11 00:00:00 UTC,3714.89284387575
2025-09-12 00:00:00 UTC,3800.24504339124
2025-09-13 00:00:00 UTC,4012.40405019021
2025-09-14 00:00:00 UTC,3977.92566876322
2025-09-15 00:00:00 UTC,3931.35927921605
2025-09-16 00:00:00 UTC,3845.4181799497
2025-09-17 00:00:00 UTC,3794.1509833661
2025-09-18 00:00:00 UTC,3882.78591718019
2025-09-19 00:00:00 UTC,3893.70463031671
2025-09-20 00:00:00 UTC,3806.09916697948
2025-09-21 00:00:00 UTC,3814.94804707507
2025-09-22 00:00:00 UTC,3793.88627892214
2025-09-23 00:00:00 UTC,3558.74093672659
2025-09-24 00:00:00 UTC,3526.53864999263
2025-09-25 00:00:00 UTC,3532.28258542714
2025-09-26 00:00:00 UTC,3312.33339612193
2025-09-27 00:00:00 UTC,3449.18342498291
2025-09-28 00:00:00 UTC,3433.74508788877
2025-09-29 00:00:00 UTC,3538.05884521463
2025-09-30 00:00:00 UTC,3593.54010381255
2025-10-01 00:00:00 UTC,3531.03354708927
2025-10-02 00:00:00 UTC,3701.54664436939
2025-10-03 00:00:00 UTC,3824.14885477393
2025-10-04 00:00:00 UTC,3845.6520327583
2025-10-05 00:00:00 UTC,3823.39143602609
2025-10-06 00:00:00 UTC,3855.67808981309
2025-10-07 00:00:00 UTC,4004.33093620421
2025-10-08 00:00:00 UTC,3821.55101576029
2025-10-09 00:00:00 UTC,3893.2824364228
2025-10-10 00:00:00 UTC,3777.42700480499
2025-10-11 00:00:00 UTC,3300.8957606414
2025-10-12 00:00:00 UTC,3226.24349041428
2025-10-13 00:00:00 UTC,3585.62010764771
2025-10-14 00:00:00 UTC,3671.19044669356
2025-10-15 00:00:00 UTC,3558.5692147336
2025-10-16 00:00:00 UTC,3420.17140459465
2025-10-17 00:00:00 UTC,3325.32680190958
2025-10-18 00:00:00 UTC,3285.65968021997
2025-10-19 00:00:00 UTC,3336.62230105689
2025-10-20 00:00:00 UTC,3418.21536342437
2025-10-21 00:00:00 UTC,3417.18392473721
2025-10-22 00:00:00 UTC,3342.58396150992
2025-10-23 00:00:00 UTC,3275.34541844926
2025-10-24 00:00:00 UTC,3318.72330944787
2025-10-25 00:00:00 UTC,3383.37033180112
2025-10-26 00:00:00 UTC,3399.69805474975
2025-10-27 00:00:00 UTC,3578.00268168643
2025-10-28 00:00:00 UTC,3538.56444102398
2025-10-29 00:00:00 UTC,3417.5172956598
2025-10-30 00:00:00 UTC,3359.32102600391
2025-10-31 00:00:00 UTC,3285.93604943885
2025-11-01 00:00:00 UTC,3316.90965063363
2025-11-02 00:00:00 UTC,3339.98411548745
2025-11-03 00:00:00 UTC,3390.98667751392
2025-11-04 00:00:00 UTC,3125.90715275224
2025-11-05 00:00:00 UTC,2870.34621920089
2025-11-06 00:00:00 UTC,2981.79260541104
2025-11-07 00:00:00 UTC,2865.26503520555
2025-11-08 00:00:00 UTC,2968.46774697496
2025-11-09 00:00:00 UTC,2940.03782684603
2025-11-10 00:00:00 UTC,3098.30614465806
2025-11-11 00:00:00 UTC,3083.94068000929
2025-11-12 00:00:00 UTC,2948.98637982601
2025-11-13 00:00:00 UTC,2941.49143886764
2025-11-14 00:00:00 UTC,2782.53162355712
2025-11-15 00:00:00 UTC,2672.45997108849
2025-11-16 00:00:00 UTC,2727.44791444881
2025-11-17 00:00:00 UTC,2671.20058688218
2025-11-18 00:00:00 UTC,2606.79460811407
2025-11-19 00:00:00 UTC,2692.01784015699
2025-11-20 00:00:00 UTC,2615.18072999773
2025-11-21 00:00:00 UTC,2455.37494599225
2025-11-22 00:00:00 UTC,2400.89606389752
2025-11-23 00:00:00 UTC,2403.41775746383
2025-11-24 00:00:00 UTC,2432.93278475886
2025-11-25 00:00:00 UTC,2563.41751664943
2025-11-26 00:00:00 UTC,2555.02182876925
2025-11-27 00:00:00 UTC,2609.44016309508
2025-11-28 00:00:00 UTC,2599.3518421609
2025-11-29 00:00:00 UTC,2615.55476170305
2025-11-30 00:00:00 UTC,2579.42098928304
2025-12-01 00:00:00 UTC,2580.29892892412
2025-12-02 00:00:00 UTC,2411.31141652689
2025-12-03 00:00:00 UTC,2575.99248978196
2025-12-04 00:00:00 UTC,2739.04707050216
2025-12-05 00:00:00 UTC,2691.84678439639
2025-12-06 00:00:00 UTC,2595.5580909597
2025-12-07 00:00:00 UTC,2610.23457555113
2025-12-08 00:00:00 UTC,2622.47613808169
2025-12-09 00:00:00 UTC,2684.8699085184
2025-12-10 00:00:00 UTC,2857.28033523967
2025-12-11 00:00:00 UTC,2842.46564263548
2025-12-12 00:00:00 UTC,2756.45055547155
2025-12-13 00:00:00 UTC,2627.25515133023
2025-12-14 00:00:00 UTC,2654.19075672023
2025-12-15 00:00:00 UTC,2611.52876946529
2025-12-16 00:00:00 UTC,2522.02381801377
2025-12-17 00:00:00 UTC,2522.84552643402
2025-12-18 00:00:00 UTC,2408.21459194138
2025-12-19 00:00:00 UTC,2410.36179579298
2025-12-20 00:00:00 UTC,2541.55642246286
2025-12-21 00:00:00 UTC,2542.08572438683
2025-12-22 00:00:00 UTC,2563.74231556972
2025-12-23 00:00:00 UTC,2554.8436189183
2025-12-24 00:00:00 UTC,2514.08095737658
2025-12-25 00:00:00 UTC,2502.00977492965
2025-12-26 00:00:00 UTC,2464.69084799244
2025-12-27 00:00:00 UTC,2485.83284151501
2025-12-28 00:00:00 UTC,2504.44796179571
2025-12-29 00:00:00 UTC,2503.43747520845
2025-12-30 00:00:00 UTC,2492.61028526301
2025-12-31 00:00:00 UTC,2528.49138697896
2026-01-01 00:00:00 UTC,2528.67657022872
2026-01-02 00:00:00 UTC,2553.57269864803
2026-01-03 00:00:00 UTC,2662.35689346856
2026-01-04 00:00:00 UTC,2665.57523863361
2026-01-05 00:00:00 UTC,2681.84082752993
2026-01-06 00:00:00 UTC,2755.6607442909
2026-01-07 00:00:00 UTC,2819.3814723478
2026-01-08 00:00:00 UTC,2709.93145997489
2026-01-09 00:00:00 UTC,2662.89642344898
2026-01-10 00:00:00 UTC,2649.85991566197
2026-01-11 00:00:00 UTC,2649.7131282045
2026-01-12 00:00:00 UTC,2683.62138655417
2026-01-13 00:00:00 UTC,2648.37229160972
2026-01-14 00:00:00 UTC,2851.55559989357
2026-01-15 00:00:00 UTC,2882.03885684142
2026-01-16 00:00:00 UTC,2858.43671555537
2026-01-17 00:00:00 UTC,2840.87639810062
2026-01-18 00:00:00 UTC,2849.21347295535
2026-01-19 00:00:00 UTC,2825.96638040482
2026-01-20 00:00:00 UTC,2737.07193657298
2026-01-21 00:00:00 UTC,2503.06811535008
2026-01-22 00:00:00 UTC,2549.78962730175
2026-01-23 00:00:00 UTC,2507.99975924725
2026-01-24 00:00:00 UTC,2495.1797700628
2026-01-25 00:00:00 UTC,2493.19248500696
2026-01-26 00:00:00 UTC,2373.53179363409
2026-01-27 00:00:00 UTC,2465.51066130659
2026-01-28 00:00:00 UTC,2512.65692014559
2026-01-29 00:00:00 UTC,2512.41285340782
2026-01-30 00:00:00 UTC,2355.71993667181
2026-01-31 00:00:00 UTC,2279.79462333312
2026-02-01 00:00:00 UTC,2061.73762798597
2026-02-02 00:00:00 UTC,1914.88464782116
2026-02-03 00:00:00 UTC,1987.57902573839
2026-02-04 00:00:00 UTC,1884.80483869782
2026-02-05 00:00:00 UTC,1823.42243533726
2026-02-06 00:00:00 UTC,1545.8199229639
2026-02-07 00:00:00 UTC,1743.79392701695
2026-02-08 00:00:00 UTC,1769.43834729208
2026-02-09 00:00:00 UTC,1772.11380969881
2026-02-10 00:00:00 UTC,1767.77611230718
2026-02-11 00:00:00 UTC,1698.20562304067
