datetime,price
2017-11-09 00:00:00 UTC,0.00204982938473078
2017-11-10 00:00:00 UTC,0.00175247824621702
2017-11-11 00:00:00 UTC,0.00164131548332026
2017-11-12 00:00:00 UTC,0.00154712551720266
2017-11-13 00:00:00 UTC,0.00172992454858622
2017-11-14 00:00:00 UTC,0.00204839202851876
2017-11-15 00:00:00 UTC,0.00196956822908061
2017-11-16 00:00:00 UTC,0.00190893837783497
2017-11-17 00:00:00 UTC,0.0017156401565624
2017-11-18 00:00:00 UTC,0.00171517829221782
2017-11-19 00:00:00 UTC,0.00169125979687929
2017-11-20 00:00:00 UTC,0.00181761360573183
2017-11-21 00:00:00 UTC,0.00181379806611537
2017-11-22 00:00:00 UTC,0.00197406156616601
2017-11-23 00:00:00 UTC,0.00180368778450837
2017-11-24 00:00:00 UTC,0.00173577933346383
2017-11-25 00:00:00 UTC,0.00168845772394779
2017-11-26 00:00:00 UTC,0.00177222871584516
2017-11-27 00:00:00 UTC,0.00175594282475535
2017-11-28 00:00:00 UTC,0.00201896144972017
2017-11-29 00:00:00 UTC,0.0017330793179205
2017-11-30 00:00:00 UTC,0.00194215801539326
2017-12-01 00:00:00 UTC,0.00180014610646619
2017-12-02 00:00:00 UTC,0.00178145821449178
2017-12-03 00:00:00 UTC,0.00176921643832184
2017-12-04 00:00:00 UTC,0.00181407503052613
2017-12-05 00:00:00 UTC,0.0018067024751595
2017-12-06 00:00:00 UTC,0.00324198595608918
2017-12-07 00:00:00 UTC,0.00333597859531677
2017-12-08 00:00:00 UTC,0.00360683271385174
2017-12-09 00:00:00 UTC,0.00374261493777218
2017-12-10 00:00:00 UTC,0.00368108370035864
2017-12-11 00:00:00 UTC,0.00436135661297647
2017-12-12 00:00:00 UTC,0.00641829268147666
2017-12-13 00:00:00 UTC,0.0130823054816648
2017-12-14 00:00:00 UTC,0.0144317364137443
2017-12-15 00:00:00 UTC,0.0149874455326705
2017-12-16 00:00:00 UTC,0.0312872080323555
2017-12-17 00:00:00 UTC,0.0291266963902123
2017-12-18 00:00:00 UTC,0.0339397194566774
2017-12-19 00:00:00 UTC,0.0367067509542799
2017-12-20 00:00:00 UTC,0.041826988632194
2017-12-21 00:00:00 UTC,0.0397900464960937
2017-12-22 00:00:00 UTC,0.0300295356046143
2017-12-23 00:00:00 UTC,0.0430895435445179
2017-12-24 00:00:00 UTC,0.0316780193142573
2017-12-25 00:00:00 UTC,0.0271273054220181
2017-12-26 00:00:00 UTC,0.0324224588929764
2017-12-27 00:00:00 UTC,0.031366050705392
2017-12-28 00:00:00 UTC,0.0351007951132775
2017-12-29 00:00:00 UTC,0.0307115443505247
2017-12-30 00:00:00 UTC,0.0319925206284884
2017-12-31 00:00:00 UTC,0.0387922224365858
2018-01-01 00:00:00 UTC,0.0430010645502469
2018-01-02 00:00:00 UTC,0.0670504913818705
2018-01-03 00:00:00 UTC,0.0816961093857642
2018-01-04 00:00:00 UTC,0.180728130097385
2018-01-05 00:00:00 UTC,0.192595122177335
2018-01-06 00:00:00 UTC,0.149045992807721
2018-01-07 00:00:00 UTC,0.165958002021608
2018-01-08 00:00:00 UTC,0.131089195133547
2018-01-09 00:00:00 UTC,0.111213237870763
2018-01-10 00:00:00 UTC,0.11227498558633
2018-01-11 00:00:00 UTC,0.0948923616012129
2018-01-12 00:00:00 UTC,0.0951461594355428
2018-01-13 00:00:00 UTC,0.0894661569237097
2018-01-14 00:00:00 UTC,0.0731834986313455
2018-01-15 00:00:00 UTC,0.0656134854160268
2018-01-16 00:00:00 UTC,0.0449452604631709
2018-01-17 00:00:00 UTC,0.0634575783337145
2018-01-18 00:00:00 UTC,0.0692800549152115
2018-01-19 00:00:00 UTC,0.0674883824407217
2018-01-20 00:00:00 UTC,0.0724748535712047
2018-01-21 00:00:00 UTC,0.0594809251917056
2018-01-22 00:00:00 UTC,0.0600594474538282
2018-01-23 00:00:00 UTC,0.0560614834564967
2018-01-24 00:00:00 UTC,0.0567560294792723
2018-01-25 00:00:00 UTC,0.0558240679467489
2018-01-26 00:00:00 UTC,0.0530472802270882
2018-01-27 00:00:00 UTC,0.055344776715251
2018-01-28 00:00:00 UTC,0.0523928682509035
2018-01-29 00:00:00 UTC,0.0511615011422946
2018-01-30 00:05:08 UTC,0.0510034135963409
2018-01-31 00:00:00 UTC,0.0431022250386012
2018-02-01 00:00:00 UTC,0.043624482283076
2018-02-02 00:00:00 UTC,0.0366282751799679
2018-02-03 00:00:00 UTC,0.0338216878483575
2018-02-04 00:00:00 UTC,0.0358794995982334
2018-02-05 00:00:00 UTC,0.0313028766441447
2018-02-06 00:00:00 UTC,0.0239956590327358
2018-02-07 00:00:00 UTC,0.0290140678978228
2018-02-08 00:05:07 UTC,0.0268064914453496
2018-02-09 00:00:00 UTC,0.0305030807597509
2018-02-10 00:00:00 UTC,0.0378471358369959
2018-02-11 00:00:00 UTC,0.0393163819700494
2018-02-12 00:00:00 UTC,0.0346990589449842
2018-02-13 00:00:00 UTC,0.0376388565072871
2018-02-14 00:00:00 UTC,0.0347726652430602
2018-02-15 00:00:00 UTC,0.036870290919829
2018-02-16 00:00:00 UTC,0.0374169857018912
2018-02-17 00:00:00 UTC,0.0419541978161136
2018-02-18 00:00:00 UTC,0.0439452512057798
2018-02-19 00:00:00 UTC,0.0402770195191191
2018-02-20 00:00:00 UTC,0.0414042445767715
2018-02-21 00:00:00 UTC,0.0388023922822807
2018-02-22 00:00:00 UTC,0.0328880748698421
2018-02-23 00:00:00 UTC,0.032916580751853
2018-02-24 00:00:00 UTC,0.0351166076111982
2018-02-25 00:00:00 UTC,0.0331620354472555
2018-02-26 00:00:00 UTC,0.0328250458367796
2018-02-27 00:00:00 UTC,0.0338932580392981
2018-02-28 00:00:00 UTC,0.0349822476065551
2018-03-01 00:00:00 UTC,0.0354241354517316
2018-03-02 00:00:00 UTC,0.0389009717476691
2018-03-03 00:00:00 UTC,0.0433571235222785
2018-03-04 00:00:00 UTC,0.0396637001509249
2018-03-05 00:00:00 UTC,0.038138632057141
2018-03-06 00:00:00 UTC,0.0379162990402452
2018-03-07 00:00:00 UTC,0.0353887221922588
2018-03-08 00:00:00 UTC,0.0314660014303352
2018-03-09 00:00:00 UTC,0.0299263787179773
2018-03-10 00:00:00 UTC,0.0295269956899968
2018-03-11 00:00:00 UTC,0.0286198554343769
2018-03-12 00:00:00 UTC,0.0314582357267103
2018-03-13 00:00:00 UTC,0.0295429272536848
2018-03-14 00:00:00 UTC,0.0292567949279928
2018-03-15 00:00:00 UTC,0.0253553611358748
2018-03-16 00:00:00 UTC,0.0248229432423807
2018-03-17 00:00:00 UTC,0.0253042323840593
2018-03-18 00:00:00 UTC,0.0235248733985782
2018-03-19 00:00:00 UTC,0.0233345810839026
2018-03-20 00:00:00 UTC,0.0266993484042196
2018-03-21 00:00:00 UTC,0.0310620272900443
2018-03-22 00:00:00 UTC,0.0301664020940921
2018-03-23 00:00:00 UTC,0.0306185403073885
2018-03-24 00:00:00 UTC,0.0333787259215938
2018-03-25 00:00:00 UTC,0.0406358173142303
2018-03-26 00:00:00 UTC,0.0368201853353079
2018-03-27 00:00:00 UTC,0.0359002372546199
2018-03-28 00:00:00 UTC,0.0350526244431916
2018-03-29 00:00:00 UTC,0.0394665659053587
2018-03-30 00:00:00 UTC,0.0350918002993666
2018-03-31 00:00:00 UTC,0.0337475719129656
2018-04-01 00:00:00 UTC,0.0276889654637348
2018-04-02 00:00:00 UTC,0.026238965347239
2018-04-03 00:00:00 UTC,0.0290745580380491
2018-04-04 00:00:00 UTC,0.0284590211814844
2018-04-05 00:00:00 UTC,0.024648002850632
2018-04-06 00:00:00 UTC,0.0325947967997072
2018-04-07 00:00:00 UTC,0.030077027178296
2018-04-08 00:00:00 UTC,0.0301450004950697
2018-04-09 00:00:00 UTC,0.0305797345679279
2018-04-10 00:00:00 UTC,0.0291160141945015
2018-04-11 00:00:00 UTC,0.0298942527692087
2018-04-12 00:00:00 UTC,0.0292218318824896
2018-04-13 00:00:00 UTC,0.0319166344384203
2018-04-14 00:00:00 UTC,0.0314590094733103
2018-04-15 00:00:00 UTC,0.0320693230741846
2018-04-16 00:00:00 UTC,0.0345542454182862
2018-04-17 00:00:00 UTC,0.0333183143545083
2018-04-18 00:00:00 UTC,0.0339484173708674
2018-04-19 00:00:00 UTC,0.0381099217103921
2018-04-20 00:00:00 UTC,0.0399852765486103
2018-04-21 00:00:00 UTC,0.042726602652845
2018-04-22 00:00:00 UTC,0.0435434490732587
2018-04-23 00:00:00 UTC,0.0426309731317381
2018-04-24 00:00:00 UTC,0.0476935820872013
2018-04-25 00:00:00 UTC,0.0597868070158173
2018-04-26 00:00:00 UTC,0.0574315860090238
2018-04-27 00:00:00 UTC,0.06099873913795
2018-04-28 00:00:00 UTC,0.0610457744518836
2018-04-29 00:00:00 UTC,0.0669964411574758
2018-04-30 00:00:00 UTC,0.0732503831893311
2018-05-01 00:00:00 UTC,0.0773645373856744
2018-05-02 00:00:00 UTC,0.0771340154017606
2018-05-03 00:00:00 UTC,0.0758762226601557
2018-05-04 00:00:00 UTC,0.0731914421251134
2018-05-05 00:00:00 UTC,0.0723411842902236
2018-05-06 00:00:00 UTC,0.0724293158283894
2018-05-07 00:00:00 UTC,0.0708896414109922
2018-05-08 00:00:00 UTC,0.0696027693909678
2018-05-09 00:00:00 UTC,0.0697149603785273
2018-05-10 00:00:00 UTC,0.0679740492856525
2018-05-11 00:00:00 UTC,0.0616037519189962
2018-05-12 00:00:00 UTC,0.0552746267388781
2018-05-13 00:00:00 UTC,0.0575949091136323
2018-05-14 00:00:00 UTC,0.0633494998259566
2018-05-15 00:00:00 UTC,0.0610173307152915
2018-05-16 00:00:00 UTC,0.0577578498300522
2018-05-17 00:00:00 UTC,0.0608070010697388
2018-05-18 00:00:00 UTC,0.0571228300592994
2018-05-19 00:00:00 UTC,0.0588340593916841
2018-05-20 00:00:00 UTC,0.0583756932751168
2018-05-21 00:00:00 UTC,0.0653200985351453
2018-05-22 00:00:00 UTC,0.069725260502875
2018-05-23 00:00:00 UTC,0.0634826485096946
2018-05-24 00:00:00 UTC,0.0598332961075324
2018-05-25 00:00:00 UTC,0.0621812247127952
2018-05-26 00:00:00 UTC,0.0610879123191872
2018-05-27 00:00:00 UTC,0.0625918384314207
2018-05-28 00:00:00 UTC,0.0603750019471242
2018-05-29 00:00:00 UTC,0.0521711392102613
2018-05-30 00:00:00 UTC,0.0563154669258683
2018-05-31 00:00:00 UTC,0.0534388370801997
2018-06-01 00:00:00 UTC,0.0517193472769541
2018-06-02 00:00:00 UTC,0.0503546186610125
2018-06-03 00:00:00 UTC,0.0521264025407865
2018-06-04 00:00:00 UTC,0.0528620139464062
2018-06-05 00:00:00 UTC,0.0503851700257428
2018-06-06 00:00:00 UTC,0.0514454998600901
2018-06-07 00:00:00 UTC,0.0502207657558771
2018-06-08 00:00:00 UTC,0.049592995567346
2018-06-09 00:00:00 UTC,0.0486028464365241
2018-06-10 00:00:00 UTC,0.0481593806981385
2018-06-11 00:00:00 UTC,0.0407156929340242
2018-06-12 00:00:00 UTC,0.0413143051354918
2018-06-13 00:00:00 UTC,0.0374920617308528
2018-06-14 00:00:00 UTC,0.0351876994273001
2018-06-15 00:00:00 UTC,0.0391858781467423
2018-06-16 00:00:00 UTC,0.0365766059520731
2018-06-17 00:00:00 UTC,0.0370283850428017
2018-06-18 00:00:00 UTC,0.0365256563849425
2018-06-19 00:00:00 UTC,0.0386977264844444
2018-06-20 00:00:00 UTC,0.0425200981728323
2018-06-21 00:00:00 UTC,0.0425246272178734
2018-06-22 00:00:00 UTC,0.0417283634083622
2018-06-23 00:00:00 UTC,0.0371987390744266
2018-06-24 00:00:00 UTC,0.0379732902693042
2018-06-25 00:00:00 UTC,0.0363116337076454
2018-06-26 00:00:00 UTC,0.0360592333997814
2018-06-27 00:00:00 UTC,0.0329385259865002
2018-06-28 00:00:00 UTC,0.0337922402999837
2018-06-29 00:00:00 UTC,0.0318995662004482
2018-06-30 00:00:00 UTC,0.0317417411001399
2018-07-01 00:00:00 UTC,0.0328227905082173
2018-07-02 00:00:00 UTC,0.0319108257008541
2018-07-03 00:00:00 UTC,0.033953831612488
2018-07-04 00:00:00 UTC,0.0333497364390383
2018-07-05 00:00:00 UTC,0.0333303514002739
2018-07-06 00:00:00 UTC,0.0323923382724173
2018-07-07 00:00:00 UTC,0.03160649888384
2018-07-08 00:00:00 UTC,0.0322361091290873
2018-07-09 00:00:00 UTC,0.0316289300613137
2018-07-10 00:00:00 UTC,0.0305863319039555
2018-07-11 00:00:00 UTC,0.0289780336987204
2018-07-12 00:00:00 UTC,0.0289047414294731
2018-07-13 00:00:00 UTC,0.0278398506878162
2018-07-14 00:00:00 UTC,0.0284112497015428
2018-07-15 00:00:00 UTC,0.0285605327113896
2018-07-16 00:00:00 UTC,0.0295305818318104
2018-07-17 00:00:00 UTC,0.0317692514236494
2018-07-18 00:00:00 UTC,0.0339820335252843
2018-07-19 00:00:00 UTC,0.0339728552657621
2018-07-20 00:00:00 UTC,0.0324732599053179
2018-07-21 00:00:00 UTC,0.0297558166907989
2018-07-22 00:00:00 UTC,0.0303173775507875
2018-07-23 00:00:00 UTC,0.0299428767531578
2018-07-24 00:00:00 UTC,0.0292266281738519
2018-07-25 00:00:00 UTC,0.0325919507626656
2018-07-26 00:00:00 UTC,0.0315759799716777
2018-07-27 00:00:00 UTC,0.0308548163733282
2018-07-28 00:00:00 UTC,0.0312349408356584
2018-07-29 00:00:00 UTC,0.0315289193836297
2018-07-30 00:00:00 UTC,0.0336764194374121
2018-07-31 00:00:00 UTC,0.0312057744912808
2018-08-01 00:00:00 UTC,0.0289836330162716
2018-08-02 00:00:00 UTC,0.0280107580124514
2018-08-03 00:00:00 UTC,0.0271916681847673
2018-08-04 00:00:00 UTC,0.0263784091869381
2018-08-05 00:00:00 UTC,0.0249710340016188
2018-08-06 00:00:00 UTC,0.0262203409913129
2018-08-07 00:00:00 UTC,0.0252481463301478
2018-08-08 00:00:00 UTC,0.0239326880811745
2018-08-09 00:00:00 UTC,0.0210607841687395
2018-08-10 00:00:00 UTC,0.0224603015291439
2018-08-11 00:00:00 UTC,0.0208280108957106
2018-08-12 00:00:00 UTC,0.019648288106805
2018-08-13 00:00:00 UTC,0.0197680364467226
2018-08-14 00:00:00 UTC,0.0169971976629999
2018-08-15 00:00:00 UTC,0.0166951615963032
2018-08-16 00:00:00 UTC,0.0171298294713718
2018-08-17 00:00:00 UTC,0.0171161785235993
2018-08-18 00:00:00 UTC,0.0202857714810863
2018-08-19 00:00:00 UTC,0.0188615188004781
2018-08-20 00:00:00 UTC,0.0194404486075744
2018-08-21 00:00:00 UTC,0.0178692944398263
2018-08-22 00:00:00 UTC,0.0181700793343291
2018-08-23 00:00:00 UTC,0.0169835787371741
2018-08-24 00:00:00 UTC,0.0179743049825211
2018-08-25 00:00:00 UTC,0.0185625426737505
2018-08-26 00:00:00 UTC,0.0193248575916017
2018-08-27 00:00:00 UTC,0.0195832707516359
2018-08-28 00:00:00 UTC,0.0210578102352389
2018-08-29 00:00:00 UTC,0.0230182604523458
2018-08-30 00:00:00 UTC,0.0217305672620731
2018-08-31 00:00:00 UTC,0.0212415642009913
2018-09-01 00:00:00 UTC,0.0217920837170561
2018-09-02 00:00:00 UTC,0.0229671872665923
2018-09-03 00:00:00 UTC,0.0220530804022115
2018-09-04 00:00:00 UTC,0.0215608021786456
2018-09-05 00:00:00 UTC,0.0217710101294338
2018-09-06 00:00:00 UTC,0.0187982287548584
2018-09-07 00:00:00 UTC,0.0185846958945265
2018-09-08 00:00:00 UTC,0.017748771124805
2018-09-09 00:00:00 UTC,0.0165809429615024
2018-09-10 00:00:00 UTC,0.0167683683068663
2018-09-11 00:00:00 UTC,0.0166589046696579
2018-09-12 00:00:00 UTC,0.0159687837960173
2018-09-13 00:00:00 UTC,0.0156490512341604
2018-09-14 00:00:00 UTC,0.0171212365997293
2018-09-15 00:00:00 UTC,0.0170359368335945
2018-09-16 00:00:00 UTC,0.0170730926528627
2018-09-17 00:00:00 UTC,0.0171618621187346
2018-09-18 00:00:00 UTC,0.0158310330063977
2018-09-19 00:00:00 UTC,0.016605627172923
2018-09-20 00:00:00 UTC,0.0168662216459887
2018-09-21 00:00:00 UTC,0.0181161499293758
2018-09-22 00:00:00 UTC,0.0213467198138769
2018-09-23 00:00:00 UTC,0.0198530930543317
2018-09-24 00:00:00 UTC,0.0203055287144945
2018-09-25 00:00:00 UTC,0.0188147812361235
2018-09-26 00:00:00 UTC,0.0180932092281401
2018-09-27 00:00:00 UTC,0.0178151350096745
2018-09-28 00:00:00 UTC,0.019358527595531
2018-09-29 00:00:00 UTC,0.0188902281633063
2018-09-30 00:00:00 UTC,0.0190006086643371
2018-10-01 00:00:00 UTC,0.0190953648488169
2018-10-02 00:00:00 UTC,0.0190714288166047
2018-10-03 00:00:00 UTC,0.0190569718902221
2018-10-04 00:00:00 UTC,0.0188478836930519
2018-10-05 00:00:00 UTC,0.0198333397842479
2018-10-06 00:00:00 UTC,0.0202188370311303
2018-10-07 00:00:00 UTC,0.0206011994211547
2018-10-08 00:00:00 UTC,0.0233084980576798
2018-10-09 00:00:00 UTC,0.023220682096637
2018-10-10 00:00:00 UTC,0.0226446493134959
2018-10-11 00:00:00 UTC,0.0220024304005446
2018-10-12 00:00:00 UTC,0.0181912159119891
2018-10-13 00:00:00 UTC,0.0198139282380296
2018-10-14 00:00:00 UTC,0.0205908994893928
2018-10-15 00:00:00 UTC,0.0206161328156448
2018-10-16 00:00:00 UTC,0.0218923465972173
2018-10-17 00:00:00 UTC,0.0213192309193423
2018-10-18 00:00:00 UTC,0.0214506214416213
2018-10-19 00:00:00 UTC,0.021370894273162
2018-10-20 00:00:00 UTC,0.0210351688138148
2018-10-21 00:00:00 UTC,0.0211530585650364
2018-10-22 00:00:00 UTC,0.0211798494258638
2018-10-23 00:00:00 UTC,0.0209126523626646
2018-10-24 00:00:00 UTC,0.0205213629044013
2018-10-25 00:00:00 UTC,0.0206905391295231
2018-10-26 00:00:00 UTC,0.0204346257646175
2018-10-27 00:00:00 UTC,0.020809172698075
2018-10-28 00:00:00 UTC,0.0205271769360936
2018-10-29 00:00:00 UTC,0.0206722010105754
2018-10-30 00:00:00 UTC,0.0194516826789125
2018-10-31 00:00:00 UTC,0.0195779651327402
2018-11-01 00:00:00 UTC,0.0197996069245686
2018-11-02 00:00:00 UTC,0.0196409420377446
2018-11-03 00:00:00 UTC,0.0201530243591052
2018-11-04 00:00:00 UTC,0.0199596070772342
2018-11-05 00:00:00 UTC,0.0202893193838918
2018-11-06 00:00:00 UTC,0.0206984855914963
2018-11-07 00:00:00 UTC,0.0215149908480273
2018-11-08 00:00:00 UTC,0.0211291997469271
2018-11-09 00:00:00 UTC,0.020505345193903
2018-11-10 00:00:00 UTC,0.0203450083889553
2018-11-11 00:00:00 UTC,0.0203365890349234
2018-11-12 00:00:00 UTC,0.0202374168601328
2018-11-13 00:00:00 UTC,0.0200940657627608
2018-11-14 00:00:00 UTC,0.0195763402493936
2018-11-15 00:00:00 UTC,0.0174320736126062
2018-11-16 00:00:00 UTC,0.0170044027638526
2018-11-17 00:00:00 UTC,0.0166415208785268
2018-11-18 00:00:00 UTC,0.0166383609889704
2018-11-19 00:00:00 UTC,0.016604094984369
2018-11-20 00:00:00 UTC,0.0138445771366832
2018-11-21 00:00:00 UTC,0.012315161105303
2018-11-22 00:00:00 UTC,0.0129999570297717
2018-11-23 00:00:00 UTC,0.0120712439458955
2018-11-24 00:00:00 UTC,0.0121582283233998
2018-11-25 00:00:00 UTC,0.0111525280386258
2018-11-26 00:00:00 UTC,0.0109491904825477
2018-11-27 00:00:00 UTC,0.0104264544580638
2018-11-28 00:00:00 UTC,0.0105867380812185
2018-11-29 00:00:00 UTC,0.0128404101693193
2018-11-30 00:00:00 UTC,0.0137910920951243
2018-12-01 00:00:00 UTC,0.0127114985161894
2018-12-02 00:00:00 UTC,0.0134115048153424
2018-12-03 00:00:00 UTC,0.0131265419616044
2018-12-04 00:00:00 UTC,0.0122107648544822
2018-12-05 00:00:00 UTC,0.0126435919262105
2018-12-06 00:00:00 UTC,0.0123202820546972
2018-12-07 00:00:00 UTC,0.0111789699079982
2018-12-08 00:00:00 UTC,0.0115330934801473
2018-12-09 00:00:00 UTC,0.0116526007731576
2018-12-10 00:00:00 UTC,0.0117734600554297
2018-12-11 00:00:00 UTC,0.0115299964148713
2018-12-12 00:00:00 UTC,0.0116256545867039
2018-12-13 00:00:00 UTC,0.0116235234079858
2018-12-14 00:00:00 UTC,0.011436454844627
2018-12-15 00:00:00 UTC,0.011243786174984
2018-12-16 00:00:00 UTC,0.0112402120394891
2018-12-17 00:00:00 UTC,0.0114520037633245
2018-12-18 00:00:00 UTC,0.0124334682270065
2018-12-19 00:00:00 UTC,0.0128682836983673
2018-12-20 00:00:00 UTC,0.0136215001306751
2018-12-21 00:00:00 UTC,0.014915748344273
2018-12-22 00:00:00 UTC,0.0173885943188975
2018-12-23 00:00:00 UTC,0.0181513625688051
2018-12-24 00:00:00 UTC,0.0181060156981322
2018-12-25 00:00:00 UTC,0.01830086271397
2018-12-26 00:00:00 UTC,0.0170476454914271
2018-12-27 00:00:00 UTC,0.0176776247124001
2018-12-28 00:00:00 UTC,0.0159026387142457
2018-12-29 00:00:00 UTC,0.0178102395089834
2018-12-30 00:00:00 UTC,0.0173737865432154
2018-12-31 00:00:00 UTC,0.0171396644472324
2019-01-01 00:00:00 UTC,0.0161904785844226
2019-01-02 00:00:00 UTC,0.0168235931502592
2019-01-03 00:00:00 UTC,0.0175329525472661
2019-01-04 00:00:00 UTC,0.0173341340550935
2019-01-05 00:00:00 UTC,0.018653006206223
2019-01-06 00:00:00 UTC,0.01931460337161
2019-01-07 00:00:00 UTC,0.0198482037962828
2019-01-08 00:00:00 UTC,0.0201701964268075
2019-01-09 00:00:00 UTC,0.0227173786400018
2019-01-10 00:00:00 UTC,0.0241944950452353
2019-01-11 00:00:00 UTC,0.0222750794929825
2019-01-12 00:00:00 UTC,0.0217083363437762
2019-01-13 00:00:00 UTC,0.0201669658012076
2019-01-14 00:00:00 UTC,0.0183386636362283
2019-01-15 00:00:00 UTC,0.0220300270450631
2019-01-16 00:00:00 UTC,0.0213312701901392
2019-01-17 00:00:00 UTC,0.0218274284894847
2019-01-18 00:00:00 UTC,0.0219009246627981
2019-01-19 00:00:00 UTC,0.0215094542397877
2019-01-20 00:00:00 UTC,0.0213024314014552
2019-01-21 00:00:00 UTC,0.0207056334039434
2019-01-22 00:00:00 UTC,0.0222640901974437
2019-01-23 00:00:00 UTC,0.0230818618574782
2019-01-24 00:00:00 UTC,0.0230707564411963
2019-01-25 00:00:00 UTC,0.0235720878201943
2019-01-26 00:00:00 UTC,0.0232537333832824
2019-01-27 00:00:00 UTC,0.0249052934770306
2019-01-28 00:00:00 UTC,0.0254930417464839
2019-01-29 00:00:00 UTC,0.0233265259921269
2019-01-30 00:00:00 UTC,0.0236588525767769
2019-01-31 00:00:00 UTC,0.0235856041978513
2019-02-01 00:00:00 UTC,0.0221082779521923
2019-02-02 00:00:00 UTC,0.0228397088701271
2019-02-03 00:00:00 UTC,0.0226175257874815
2019-02-04 00:00:00 UTC,0.0221623292744663
2019-02-05 00:00:00 UTC,0.0235033648684375
2019-02-06 00:00:00 UTC,0.0229308121910435
2019-02-07 00:00:00 UTC,0.0224698034031125
2019-02-08 00:00:00 UTC,0.022634012743106
2019-02-09 00:00:00 UTC,0.0236534391617358
2019-02-10 00:00:00 UTC,0.0231858657451582
2019-02-11 00:00:00 UTC,0.0228182649370081
2019-02-12 00:00:00 UTC,0.0218328935966998
2019-02-13 00:00:00 UTC,0.0215415110650941
2019-02-14 00:00:00 UTC,0.0213916494473521
2019-02-15 00:00:00 UTC,0.0206439634031863
2019-02-16 00:00:00 UTC,0.0209735134134162
2019-02-17 00:00:00 UTC,0.0208592519743941
2019-02-18 00:00:00 UTC,0.0210751215563044
2019-02-19 00:00:00 UTC,0.0218836181768546
2019-02-20 00:00:00 UTC,0.0219080764791016
2019-02-21 00:00:00 UTC,0.0221256511251827
2019-02-22 00:00:00 UTC,0.02176823763517
2019-02-23 00:00:00 UTC,0.0220315086062013
2019-02-24 00:00:00 UTC,0.0222839961242058
2019-02-25 00:00:00 UTC,0.020969452375625
2019-02-26 00:00:00 UTC,0.0212067003443093
2019-02-27 00:00:00 UTC,0.0211342170456135
2019-02-28 00:00:00 UTC,0.0210269386128518
2019-03-01 00:00:00 UTC,0.0208008068071263
2019-03-02 00:00:00 UTC,0.0206811641605627
2019-03-03 00:00:00 UTC,0.0199753262546238
2019-03-04 00:00:00 UTC,0.019755419932236
2019-03-05 00:00:00 UTC,0.020025173722334
2019-03-06 00:00:00 UTC,0.0209951247982267
2019-03-07 00:00:00 UTC,0.020518302232626
2019-03-08 00:00:00 UTC,0.0205161999336132
2019-03-09 00:00:00 UTC,0.0199048434364785
2019-03-10 00:00:00 UTC,0.0203046401758951
2019-03-11 00:00:00 UTC,0.0204363007464859
2019-03-12 00:00:00 UTC,0.0195994682191646
2019-03-13 00:00:00 UTC,0.0197181203688362
2019-03-14 00:00:00 UTC,0.0196478386554871
2019-03-15 00:00:00 UTC,0.0198200574447676
2019-03-16 00:00:00 UTC,0.0202448386651296
2019-03-17 00:00:00 UTC,0.020449064989602
2019-03-18 00:00:00 UTC,0.0202494542483114
2019-03-19 00:00:00 UTC,0.0201060252132948
2019-03-20 00:00:00 UTC,0.020069982529222
2019-03-21 00:00:00 UTC,0.0199977444770737
2019-03-22 00:00:00 UTC,0.0195314584893663
2019-03-23 00:00:00 UTC,0.0199531481120917
2019-03-24 00:00:00 UTC,0.0214551832345693
2019-03-25 00:00:00 UTC,0.0205850818573671
2019-03-26 00:00:00 UTC,0.01994418032567
2019-03-27 00:00:00 UTC,0.0198538813916158
2019-03-28 00:00:00 UTC,0.0207549555841227
2019-03-29 00:00:00 UTC,0.0206102505802093
2019-03-30 00:00:00 UTC,0.0207980345313021
2019-03-31 00:00:00 UTC,0.0207325258605182
2019-04-01 00:00:00 UTC,0.0209597028361887
2019-04-02 00:00:00 UTC,0.0216046224693989
2019-04-03 00:00:00 UTC,0.0238906881433155
2019-04-04 00:00:00 UTC,0.023177051384644
2019-04-05 00:00:00 UTC,0.0230603171790464
2019-04-06 00:00:00 UTC,0.0241667683351949
2019-04-07 00:00:00 UTC,0.0238552071896393
2019-04-08 00:00:00 UTC,0.0256450000920116
2019-04-09 00:00:00 UTC,0.0272548470320501
2019-04-10 00:00:00 UTC,0.0265457810214313
2019-04-11 00:00:00 UTC,0.0266485423351924
2019-04-12 00:00:00 UTC,0.0236943006465657
2019-04-13 00:00:00 UTC,0.0234283898946934
2019-04-14 00:00:00 UTC,0.0231965019280896
2019-04-15 00:00:00 UTC,0.0238588924928534
2019-04-16 00:00:00 UTC,0.0233506569794292
2019-04-17 00:00:00 UTC,0.0238453764796916
2019-04-18 00:00:00 UTC,0.0236068022248476
2019-04-19 00:00:00 UTC,0.0239447627541704
2019-04-20 00:00:00 UTC,0.0235051143808563
2019-04-21 00:00:00 UTC,0.0232152800156566
2019-04-22 00:00:00 UTC,0.0222699571379337
2019-04-23 00:00:00 UTC,0.0222798884159643
2019-04-24 00:00:00 UTC,0.0216973303908094
2019-04-25 00:00:00 UTC,0.0209553299245548
2019-04-26 00:00:00 UTC,0.0206987115330586
2019-04-27 00:00:00 UTC,0.0215163200400502
2019-04-28 00:00:00 UTC,0.0212242339493099
2019-04-29 00:00:00 UTC,0.0211042669440472
2019-04-30 00:00:00 UTC,0.020286995685584
2019-05-01 00:00:00 UTC,0.0212805630587114
2019-05-02 00:00:00 UTC,0.0211840991588635
2019-05-03 00:00:00 UTC,0.0209710400203167
2019-05-04 00:00:00 UTC,0.0213414673413181
2019-05-05 00:00:00 UTC,0.0207179340440022
2019-05-06 00:00:00 UTC,0.0208388065629538
2019-05-07 00:00:00 UTC,0.021278872067307
2019-05-08 00:00:00 UTC,0.0214113144219924
2019-05-09 00:00:00 UTC,0.0219271692646926
2019-05-10 00:00:00 UTC,0.0208810668494763
2019-05-11 00:00:00 UTC,0.0209246825445353
2019-05-12 00:00:00 UTC,0.0228006291285262
2019-05-13 00:00:00 UTC,0.0211822093068503
2019-05-14 00:00:00 UTC,0.0218801036155049
2019-05-15 00:00:00 UTC,0.0246633795133441
2019-05-16 00:00:00 UTC,0.0280299025914167
2019-05-17 00:00:00 UTC,0.0257477371560621
2019-05-18 00:00:00 UTC,0.0245326005245527
2019-05-19 00:00:00 UTC,0.0241236361466191
2019-05-20 00:00:00 UTC,0.0255159925261862
2019-05-21 00:00:00 UTC,0.0249722464655187
2019-05-22 00:00:00 UTC,0.0258088005120707
2019-05-23 00:00:00 UTC,0.0243529513334359
2019-05-24 00:00:00 UTC,0.0243007367564261
2019-05-25 00:00:00 UTC,0.0248569562483589
2019-05-26 00:00:00 UTC,0.0249420603237836
2019-05-27 00:00:00 UTC,0.0277558482188424
2019-05-28 00:00:00 UTC,0.0314655358692228
2019-05-29 00:00:00 UTC,0.0309330457661389
2019-05-30 00:00:00 UTC,0.0302962422725466
2019-05-31 00:00:00 UTC,0.02822644838584
2019-06-01 00:00:00 UTC,0.0293527459057282
2019-06-02 00:00:00 UTC,0.0333557989822874
2019-06-03 00:00:00 UTC,0.0345466580278939
2019-06-04 00:00:00 UTC,0.0305180021169546
2019-06-05 00:00:00 UTC,0.0309360420442468
2019-06-06 00:00:00 UTC,0.030403961849088
2019-06-07 00:00:00 UTC,0.0290135555052941
2019-06-08 00:00:00 UTC,0.0298520310016597
2019-06-09 00:00:00 UTC,0.0286541046680517
2019-06-10 00:00:00 UTC,0.0264573509419465
2019-06-11 00:00:00 UTC,0.0280225446147696
2019-06-12 00:00:00 UTC,0.0275869259103441
2019-06-13 00:00:00 UTC,0.0297154229688747
2019-06-14 00:00:00 UTC,0.0289238781347443
2019-06-15 00:00:00 UTC,0.0285355695969183
2019-06-16 00:00:00 UTC,0.0291074856706066
2019-06-17 00:00:00 UTC,0.0292996646805364
2019-06-18 00:00:00 UTC,0.0301324187039855
2019-06-19 00:00:00 UTC,0.0294969766950847
2019-06-20 00:00:00 UTC,0.0297119514810196
2019-06-21 00:00:00 UTC,0.0290228638838558
2019-06-22 00:00:00 UTC,0.0291983980494956
2019-06-23 00:00:00 UTC,0.0327370162351992
2019-06-24 00:00:00 UTC,0.0328186645505314
2019-06-25 00:00:00 UTC,0.0337487302796036
2019-06-26 00:00:00 UTC,0.0339314171238301
2019-06-27 00:00:00 UTC,0.0323023262463076
2019-06-28 00:00:00 UTC,0.0286321834223068
2019-06-29 00:00:00 UTC,0.0296322566172339
2019-06-30 00:00:00 UTC,0.0310411816726613
2019-07-01 00:00:00 UTC,0.0282601627455708
2019-07-02 00:00:00 UTC,0.0290315788395105
2019-07-03 00:00:00 UTC,0.0283065524196475
2019-07-04 00:00:00 UTC,0.0292178742424636
2019-07-05 00:00:00 UTC,0.0278351732119196
2019-07-06 00:00:00 UTC,0.0283346272432841
2019-07-07 00:00:00 UTC,0.0286695098209908
2019-07-08 00:00:00 UTC,0.0311187178253607
2019-07-09 00:00:00 UTC,0.0303278398231343
2019-07-10 00:00:00 UTC,0.0306501463997472
2019-07-11 00:00:00 UTC,0.0285496634328165
2019-07-12 00:00:00 UTC,0.0249446169075749
2019-07-13 00:00:00 UTC,0.0262150162671165
2019-07-14 00:00:00 UTC,0.0252515693914549
2019-07-15 00:00:00 UTC,0.0223682125725646
2019-07-16 00:00:00 UTC,0.0225026490400934
2019-07-17 00:00:00 UTC,0.0191778757022464
2019-07-18 00:00:00 UTC,0.0202415739620579
2019-07-19 00:00:00 UTC,0.0228265062805489
2019-07-20 00:00:00 UTC,0.0248592424662827
2019-07-21 00:00:00 UTC,0.0258717384530168
2019-07-22 00:00:00 UTC,0.0260979894356014
2019-07-23 00:00:00 UTC,0.0237404567898097
2019-07-24 00:00:00 UTC,0.0219631544891072
2019-07-25 00:00:00 UTC,0.0214216929978489
2019-07-26 00:00:00 UTC,0.0206056922210375
2019-07-27 00:00:00 UTC,0.0208540576682453
2019-07-28 00:00:00 UTC,0.0196921615382417
2019-07-29 00:00:00 UTC,0.0200577628915708
2019-07-30 00:00:00 UTC,0.0197805713092046
2019-07-31 00:00:00 UTC,0.019780202148055
2019-08-01 00:00:00 UTC,0.0202561719988683
2019-08-02 00:00:00 UTC,0.0199007999789237
2019-08-03 00:00:00 UTC,0.0195829767993311
2019-08-04 00:00:00 UTC,0.019560766024397
2019-08-05 00:00:00 UTC,0.0200467932671928
2019-08-06 00:00:00 UTC,0.0203352439497834
2019-08-07 00:00:00 UTC,0.0194418509667627
2019-08-08 00:00:00 UTC,0.0193231901492379
2019-08-09 00:00:00 UTC,0.0196683065739407
2019-08-10 00:00:00 UTC,0.0174835928559921
2019-08-11 00:00:00 UTC,0.0181062161675989
2019-08-12 00:00:00 UTC,0.0185237082940064
2019-08-13 00:00:00 UTC,0.0184432006909489
2019-08-14 00:00:00 UTC,0.0182376162321847
2019-08-15 00:00:00 UTC,0.0158899100760746
2019-08-16 00:00:00 UTC,0.0157992676499825
2019-08-17 00:00:00 UTC,0.0152447183106833
2019-08-18 00:00:00 UTC,0.0152386617035691
2019-08-19 00:00:00 UTC,0.0159926594469341
2019-08-20 00:00:00 UTC,0.0162422446780109
2019-08-21 00:00:00 UTC,0.015788874730295
2019-08-22 00:00:00 UTC,0.0151244739703235
2019-08-23 00:00:00 UTC,0.0157808563549294
2019-08-24 00:00:00 UTC,0.0160354425781912
2019-08-25 00:00:00 UTC,0.0158383180446294
2019-08-26 00:00:00 UTC,0.015819573031945
2019-08-27 00:00:00 UTC,0.0159375760047676
2019-08-28 00:00:00 UTC,0.0158892337249284
2019-08-29 00:00:00 UTC,0.0144496843103737
2019-08-30 00:00:00 UTC,0.0139724975949522
2019-08-31 00:00:00 UTC,0.0141840244907226
2019-09-01 00:00:00 UTC,0.0141002304989469
2019-09-02 00:00:00 UTC,0.0141539678614928
2019-09-03 00:00:00 UTC,0.0144744558257709
2019-09-04 00:00:00 UTC,0.0145259041755573
2019-09-05 00:00:00 UTC,0.0140824365595774
2019-09-06 00:00:00 UTC,0.0135585703804998
2019-09-07 00:00:00 UTC,0.0127971111365893
2019-09-08 00:00:00 UTC,0.0138377106686678
2019-09-09 00:00:00 UTC,0.0142666719646437
2019-09-10 00:00:00 UTC,0.0142238520321999
2019-09-11 00:00:00 UTC,0.0141356001932517
2019-09-12 00:00:00 UTC,0.013530362963322
2019-09-13 00:00:00 UTC,0.0134344989752544
2019-09-14 00:00:00 UTC,0.0139213536035571
2019-09-15 00:00:00 UTC,0.014203666275505
2019-09-16 00:00:00 UTC,0.0140124434637387
2019-09-17 00:00:00 UTC,0.0142235390305607
2019-09-18 00:00:00 UTC,0.0151227405410882
2019-09-19 00:00:00 UTC,0.016253832993907
2019-09-20 00:00:00 UTC,0.0159518672317208
2019-09-21 00:00:00 UTC,0.0157566825862348
2019-09-22 00:00:00 UTC,0.0164746143101386
2019-09-23 00:00:00 UTC,0.0153617534384258
2019-09-24 00:00:00 UTC,0.0146200852920455
2019-09-25 00:00:00 UTC,0.0117366335770316
2019-09-26 00:00:00 UTC,0.0120774005683899
2019-09-27 00:00:00 UTC,0.0117757914592817
2019-09-28 00:00:00 UTC,0.0124652769243023
2019-09-29 00:00:00 UTC,0.0124315674373306
2019-09-30 00:00:00 UTC,0.0121642746547149
2019-10-01 00:00:00 UTC,0.0132460813472048
2019-10-02 00:00:00 UTC,0.0131274058302287
2019-10-03 00:00:00 UTC,0.0131306391331624
2019-10-04 00:00:00 UTC,0.0132548101243009
2019-10-05 00:00:00 UTC,0.0132419647005296
2019-10-06 00:00:00 UTC,0.0137297587886247
2019-10-07 00:00:00 UTC,0.0132537013886076
2019-10-08 00:00:00 UTC,0.0147501576434804
2019-10-09 00:00:00 UTC,0.0154663251857051
2019-10-10 00:00:00 UTC,0.015381323773252
2019-10-11 00:00:00 UTC,0.0147720653012688
2019-10-12 00:00:00 UTC,0.0142948649857016
2019-10-13 00:00:00 UTC,0.0141929177940697
2019-10-14 00:00:00 UTC,0.0145917324059462
2019-10-15 00:00:00 UTC,0.0151319210933414
2019-10-16 00:00:00 UTC,0.0142226118955783
2019-10-17 00:00:00 UTC,0.013763640817744
2019-10-18 00:00:00 UTC,0.0138599813309431
2019-10-19 00:00:00 UTC,0.0137519409632871
2019-10-20 00:00:00 UTC,0.0138402682249884
2019-10-21 00:00:00 UTC,0.0139198477535179
2019-10-22 00:00:00 UTC,0.0139327321020253
2019-10-23 00:00:00 UTC,0.0135979206239637
2019-10-24 00:00:00 UTC,0.0128657536589921
2019-10-25 00:00:00 UTC,0.0136357670422804
2019-10-26 00:00:00 UTC,0.0158621266565672
2019-10-27 00:00:00 UTC,0.0150002964659191
2019-10-28 00:00:00 UTC,0.0171694427477796
2019-10-29 00:00:00 UTC,0.0181102768577121
2019-10-30 00:00:00 UTC,0.0197369444319418
2019-10-31 00:00:00 UTC,0.017964267582625
2019-11-01 00:00:00 UTC,0.017777034487282
2019-11-02 00:00:00 UTC,0.0175818273673618
2019-11-03 00:00:00 UTC,0.0178188751482281
2019-11-04 00:00:00 UTC,0.0176219874216197
2019-11-05 00:00:00 UTC,0.0177576129143269
2019-11-06 00:00:00 UTC,0.0178410571281306
2019-11-07 00:00:00 UTC,0.018199976506736
2019-11-08 00:00:00 UTC,0.0176836889122174
2019-11-09 00:00:00 UTC,0.0170439845953613
2019-11-10 00:00:00 UTC,0.017206109422496
2019-11-11 00:00:00 UTC,0.0175693707535403
2019-11-12 00:00:00 UTC,0.0172890435209374
2019-11-13 00:00:00 UTC,0.0177741405365367
2019-11-14 00:00:00 UTC,0.0182131354465152
2019-11-15 00:00:00 UTC,0.0176003445747444
2019-11-16 00:00:00 UTC,0.0168656672146907
2019-11-17 00:00:00 UTC,0.0169276495511759
2019-11-18 00:00:00 UTC,0.0170041159617821
2019-11-19 00:00:00 UTC,0.0155351811479716
2019-11-20 00:00:00 UTC,0.0152881931794497
2019-11-21 00:00:00 UTC,0.0149646348670813
2019-11-22 00:00:00 UTC,0.0139162697199734
2019-11-23 00:00:00 UTC,0.0131309029295768
2019-11-24 00:00:00 UTC,0.0136583300026033
2019-11-25 00:00:00 UTC,0.0124752103833158
2019-11-26 00:00:00 UTC,0.0129682298917059
2019-11-27 00:00:00 UTC,0.0138454293917484
2019-11-28 00:00:00 UTC,0.0145770601142779
2019-11-29 00:00:00 UTC,0.0144196731701001
2019-11-30 00:00:00 UTC,0.0146437306909881
2019-12-01 00:00:00 UTC,0.0140482104166081
2019-12-02 00:00:00 UTC,0.0144905585189916
2019-12-03 00:00:00 UTC,0.0137493152612121
2019-12-04 00:00:00 UTC,0.0137046963890448
2019-12-05 00:00:00 UTC,0.0129264939010371
2019-12-06 00:00:00 UTC,0.0130502326415983
2019-12-07 00:00:00 UTC,0.0132769499713933
2019-12-08 00:00:00 UTC,0.0130784602887592
2019-12-09 00:00:00 UTC,0.0131736599683266
2019-12-10 00:00:00 UTC,0.0129427494871825
2019-12-11 00:00:00 UTC,0.012698089915049
2019-12-12 00:00:00 UTC,0.012708915698284
2019-12-13 00:00:00 UTC,0.0123413108795062
2019-12-14 00:00:00 UTC,0.0126497509429682
2019-12-15 00:00:00 UTC,0.0124442282461785
2019-12-16 00:00:00 UTC,0.0125385186478529
2019-12-17 00:00:00 UTC,0.0120744531863667
2019-12-18 00:00:00 UTC,0.0111631536593341
2019-12-19 00:00:00 UTC,0.0120188248146118
2019-12-20 00:00:00 UTC,0.0116740359477579
2019-12-21 00:00:00 UTC,0.0120812928399933
2019-12-22 00:00:00 UTC,0.0122136480237497
2019-12-23 00:00:00 UTC,0.0134130307310443
2019-12-24 00:00:00 UTC,0.0124482378156506
2019-12-25 00:00:00 UTC,0.0121885200622002
2019-12-26 00:00:00 UTC,0.0118995300339592
2019-12-27 00:00:00 UTC,0.0120539158622698
2019-12-28 00:00:00 UTC,0.0118120233136809
2019-12-29 00:00:00 UTC,0.012072640029168
2019-12-30 00:00:00 UTC,0.0122399200667375
2019-12-31 00:00:00 UTC,0.0118765882651445
2020-01-01 00:00:00 UTC,0.0118441927746238
2020-01-02 00:00:00 UTC,0.0117658955452984
2020-01-03 00:00:00 UTC,0.0114988876878316
2020-01-04 00:00:00 UTC,0.0119815832342141
2020-01-05 00:00:00 UTC,0.0120414092981991
2020-01-06 00:00:00 UTC,0.0121056943116547
2020-01-07 00:00:00 UTC,0.0129256742831525
2020-01-08 00:00:00 UTC,0.0128812636019538
2020-01-09 00:00:00 UTC,0.012561261793463
2020-01-10 00:00:00 UTC,0.0125992122530872
2020-01-11 00:00:00 UTC,0.0131972459695923
2020-01-12 00:00:00 UTC,0.0130938526886645
2020-01-13 00:00:00 UTC,0.0134482518950132
2020-01-14 00:00:00 UTC,0.0131248172845129
2020-01-15 00:00:00 UTC,0.0149542931272369
2020-01-16 00:00:00 UTC,0.0154624867895854
2020-01-17 00:00:00 UTC,0.0154400074615188
2020-01-18 00:00:00 UTC,0.0158496300701773
2020-01-19 00:00:00 UTC,0.015946813483785
2020-01-20 00:00:00 UTC,0.0150217788843091
2020-01-21 00:00:00 UTC,0.0149505810968008
2020-01-22 00:00:00 UTC,0.0155305605524949
2020-01-23 00:00:00 UTC,0.0156127224406636
2020-01-24 00:00:00 UTC,0.014761878863108
2020-01-25 00:00:00 UTC,0.0148346531217157
2020-01-26 00:00:00 UTC,0.0146245967416002
2020-01-27 00:00:00 UTC,0.0152431910223915
2020-01-28 00:00:00 UTC,0.0154832403187332
2020-01-29 00:00:00 UTC,0.0168105350213059
2020-01-30 00:00:00 UTC,0.0168761791375758
2020-01-31 00:00:00 UTC,0.0176469328796377
2020-02-01 00:00:00 UTC,0.0168031833205171
2020-02-02 00:00:00 UTC,0.0171567406108085
2020-02-03 00:00:00 UTC,0.0172306992454144
2020-02-04 00:00:00 UTC,0.0173232724433592
2020-02-05 00:00:00 UTC,0.0174042691705954
2020-02-06 00:00:00 UTC,0.0188277730355657
2020-02-07 00:00:00 UTC,0.0205660014215182
2020-02-08 00:00:00 UTC,0.0202025159245437
2020-02-09 00:00:00 UTC,0.0199447104640588
2020-02-10 00:00:00 UTC,0.020015994140811
2020-02-11 00:00:00 UTC,0.0203975822321845
2020-02-12 00:00:00 UTC,0.0208527247968151
2020-02-13 00:00:00 UTC,0.0219368203688054
2020-02-14 00:00:00 UTC,0.0220143075160815
2020-02-15 00:00:00 UTC,0.024080165838756
2020-02-16 00:00:00 UTC,0.0218328418581718
2020-02-17 00:00:00 UTC,0.0208308491537707
2020-02-18 00:00:00 UTC,0.0200921208073659
2020-02-19 00:00:00 UTC,0.0209003846001755
2020-02-20 00:00:00 UTC,0.0187859140082359
2020-02-21 00:00:00 UTC,0.0184422197056973
2020-02-22 00:00:00 UTC,0.0186539856993039
2020-02-23 00:00:00 UTC,0.0184720051248389
2020-02-24 00:00:00 UTC,0.01961708533781
2020-02-25 00:00:00 UTC,0.0183849247848099
2020-02-26 00:00:00 UTC,0.0174808196227683
2020-02-27 00:00:00 UTC,0.0152041311108469
2020-02-28 00:00:00 UTC,0.0153447498110857
2020-02-29 00:00:00 UTC,0.0154718541227803
2020-03-01 00:00:00 UTC,0.0150205347654497
2020-03-02 00:00:00 UTC,0.0149874101959239
2020-03-03 00:00:00 UTC,0.0157472669748692
2020-03-04 00:00:00 UTC,0.0154197541778701
2020-03-05 00:00:00 UTC,0.0158311258175701
2020-03-06 00:00:00 UTC,0.0158543945814652
2020-03-07 00:00:00 UTC,0.0162356047937383
2020-03-08 00:00:00 UTC,0.0151404048992957
2020-03-09 00:00:00 UTC,0.0130322323665634
2020-03-10 00:00:00 UTC,0.0132015374611851
2020-03-11 00:00:00 UTC,0.0133169710721298
2020-03-12 00:00:00 UTC,0.0131913575924187
2020-03-13 00:00:00 UTC,0.00763120749360361
2020-03-14 00:00:00 UTC,0.0091780271938109
2020-03-15 00:00:00 UTC,0.00874562840458496
2020-03-16 00:00:00 UTC,0.00919752764427818
2020-03-17 00:00:00 UTC,0.00859958945673779
2020-03-18 00:00:00 UTC,0.00918778848097912
2020-03-19 00:00:00 UTC,0.0092742633541575
2020-03-20 00:00:00 UTC,0.0109216206686088
2020-03-21 00:00:00 UTC,0.0104817207470834
2020-03-22 00:00:00 UTC,0.0103885018479745
2020-03-23 00:00:00 UTC,0.00965588638518024
2020-03-24 00:00:00 UTC,0.0105565709967829
2020-03-25 00:00:00 UTC,0.0106328746768583
2020-03-26 00:00:00 UTC,0.0104639540138781
2020-03-27 00:00:00 UTC,0.0108520147782261
2020-03-28 00:00:00 UTC,0.0100383423257978
2020-03-29 00:00:00 UTC,0.010215226931922
2020-03-30 00:00:00 UTC,0.00964203616484685
2020-03-31 00:00:00 UTC,0.0104006991862168
2020-04-01 00:00:00 UTC,0.0105272996662494
2020-04-02 00:00:00 UTC,0.0106280251431783
2020-04-03 00:00:00 UTC,0.0110301276507207
2020-04-04 00:00:00 UTC,0.0109579179555071
2020-04-05 00:00:00 UTC,0.0110270446891173
2020-04-06 00:00:00 UTC,0.0115548078998201
2020-04-07 00:00:00 UTC,0.012654035450664
2020-04-08 00:00:00 UTC,0.0121503534539214
2020-04-09 00:00:00 UTC,0.0126063769665314
2020-04-10 00:00:00 UTC,0.0122969990425668
2020-04-11 00:00:00 UTC,0.011433261322398
2020-04-12 00:00:00 UTC,0.0114306650355813
2020-04-13 00:00:00 UTC,0.0116252567628446
2020-04-14 00:00:00 UTC,0.0115131435726267
2020-04-15 00:00:00 UTC,0.0113056612149127
2020-04-16 00:00:00 UTC,0.0111697735767455
2020-04-17 00:00:00 UTC,0.0119564739392107
2020-04-18 00:00:00 UTC,0.011865994806561
2020-04-19 00:00:00 UTC,0.0122713807624651
2020-04-20 00:00:00 UTC,0.0118777445049482
2020-04-21 00:00:00 UTC,0.0114268098968936
2020-04-22 00:00:00 UTC,0.0115527739621358
2020-04-23 00:00:00 UTC,0.0120296056675402
2020-04-24 00:00:00 UTC,0.0125085778365357
2020-04-25 00:00:00 UTC,0.0128426349826055
2020-04-26 00:00:00 UTC,0.0129294400919829
2020-04-27 00:00:00 UTC,0.0131612218355364
2020-04-28 00:00:00 UTC,0.0134002654814291
2020-04-29 00:00:00 UTC,0.0140662121277099
2020-04-30 00:00:00 UTC,0.0149645004100146
2020-05-01 00:00:00 UTC,0.0139313988435726
2020-05-02 00:00:00 UTC,0.0142536470737972
2020-05-03 00:00:00 UTC,0.0147247301330674
2020-05-04 00:00:00 UTC,0.0146377276928457
2020-05-05 00:00:00 UTC,0.014895833427987
2020-05-06 00:00:00 UTC,0.0146927931164442
2020-05-07 00:00:00 UTC,0.014576117757261
2020-05-08 00:00:00 UTC,0.0148095901979134
2020-05-09 00:00:00 UTC,0.0147815598385072
2020-05-10 00:00:00 UTC,0.0146730212813431
2020-05-11 00:00:00 UTC,0.0132679152751385
2020-05-12 00:00:00 UTC,0.0129183817813806
2020-05-13 00:00:00 UTC,0.0133550818567548
2020-05-14 00:00:00 UTC,0.013906400175638
2020-05-15 00:00:00 UTC,0.0141780702198896
2020-05-16 00:00:00 UTC,0.0137401115779743
2020-05-17 00:00:00 UTC,0.0138527944620301
2020-05-18 00:00:00 UTC,0.0138712784722241
2020-05-19 00:00:00 UTC,0.0140261011051907
2020-05-20 00:00:00 UTC,0.014213015041213
2020-05-21 00:00:00 UTC,0.0136561884446214
2020-05-22 00:00:00 UTC,0.0129441187546635
2020-05-23 00:00:00 UTC,0.0137778803384771
2020-05-24 00:00:00 UTC,0.0137071074600696
2020-05-25 00:00:00 UTC,0.0130505142621942
2020-05-26 00:00:00 UTC,0.0135059756606104
2020-05-27 00:00:00 UTC,0.0132472715844144
2020-05-28 00:00:00 UTC,0.0133906694675771
2020-05-29 00:00:00 UTC,0.0136801272884402
2020-05-30 00:00:00 UTC,0.0134449404297343
2020-05-31 00:00:00 UTC,0.0146501090562954
2020-06-01 00:00:00 UTC,0.0142872525373852
2020-06-02 00:00:00 UTC,0.0152713793883622
2020-06-03 00:00:00 UTC,0.0145698014468141
2020-06-04 00:00:00 UTC,0.0149637156471409
2020-06-05 00:00:00 UTC,0.0150732382385818
2020-06-06 00:00:00 UTC,0.014920078881361
2020-06-07 00:00:00 UTC,0.0150699092625947
2020-06-08 00:00:00 UTC,0.0160143405032122
2020-06-09 00:00:00 UTC,0.0158985642863232
2020-06-10 00:00:00 UTC,0.0154901373753864
2020-06-11 00:00:00 UTC,0.0154733883205655
2020-06-12 00:00:00 UTC,0.0139679727112596
2020-06-13 00:00:00 UTC,0.0145662850749224
2020-06-14 00:00:00 UTC,0.0148655512807306
2020-06-15 00:00:00 UTC,0.014378777649381
2020-06-16 00:00:00 UTC,0.0142744830581488
2020-06-17 00:00:00 UTC,0.0143200490082211
2020-06-18 00:00:00 UTC,0.0144004154526189
2020-06-19 00:00:00 UTC,0.0143267908826879
2020-06-20 00:00:00 UTC,0.0142120634106968
2020-06-21 00:00:00 UTC,0.014302126198169
2020-06-22 00:00:00 UTC,0.0141955204672533
2020-06-23 00:00:00 UTC,0.0145258925850015
2020-06-24 00:00:00 UTC,0.0145540940249739
2020-06-25 00:00:00 UTC,0.0141719196157371
2020-06-26 00:00:00 UTC,0.0141968600282253
2020-06-27 00:00:00 UTC,0.0141292280765297
2020-06-28 00:00:00 UTC,0.0137760962553652
2020-06-29 00:00:00 UTC,0.0140417850680841
2020-06-30 00:00:00 UTC,0.0143887611421854
2020-07-01 00:00:00 UTC,0.0145854561170455
2020-07-02 00:00:00 UTC,0.0149935916021316
2020-07-03 00:00:00 UTC,0.0147935118427572
2020-07-04 00:00:00 UTC,0.0147866954406764
2020-07-05 00:00:00 UTC,0.0149283742585765
2020-07-06 00:00:00 UTC,0.0149274628655607
2020-07-07 00:00:00 UTC,0.0159430242495388
2020-07-08 00:00:00 UTC,0.0151989967164915
2020-07-09 00:00:00 UTC,0.0158131296513992
2020-07-10 00:00:00 UTC,0.016360299897969
2020-07-11 00:00:00 UTC,0.0160539211843011
2020-07-12 00:00:00 UTC,0.0162443378638193
2020-07-13 00:00:00 UTC,0.0160569861447712
2020-07-14 00:00:00 UTC,0.0154538382195809
2020-07-15 00:00:00 UTC,0.0154562073888232
2020-07-16 00:00:00 UTC,0.0153972606920249
2020-07-17 00:00:00 UTC,0.0150586504701159
2020-07-18 00:00:00 UTC,0.0150283309531842
2020-07-19 00:00:00 UTC,0.0152415445131977
2020-07-20 00:00:00 UTC,0.0153214880664779
2020-07-21 00:00:00 UTC,0.0150121221768954
2020-07-22 00:00:00 UTC,0.0152848591549906
2020-07-23 00:00:00 UTC,0.0155283393543138
2020-07-24 00:00:00 UTC,0.0154077327610996
2020-07-25 00:00:00 UTC,0.0154258521880799
2020-07-26 00:00:00 UTC,0.0160537755735924
2020-07-27 00:00:00 UTC,0.015903634571939
2020-07-28 00:00:00 UTC,0.0158757766010125
2020-07-29 00:00:00 UTC,0.0163120276036969
2020-07-30 00:00:00 UTC,0.0163528341707482
2020-07-31 00:00:00 UTC,0.0162084659255403
2020-08-01 00:00:00 UTC,0.0167134549524786
2020-08-02 00:00:00 UTC,0.0173931329322821
2020-08-03 00:00:00 UTC,0.0161305393952687
2020-08-04 00:00:00 UTC,0.016889759224094
2020-08-05 00:00:00 UTC,0.0172193521267175
2020-08-06 00:00:00 UTC,0.0171511154613119
2020-08-07 00:00:00 UTC,0.0170409361803403
2020-08-08 00:00:00 UTC,0.0168295430896748
2020-08-09 00:00:00 UTC,0.0172725440683779
2020-08-10 00:00:00 UTC,0.0173393406408035
2020-08-11 00:00:00 UTC,0.0182977134950527
2020-08-12 00:00:00 UTC,0.0171421714869827
2020-08-13 00:00:00 UTC,0.0171471848080526
2020-08-14 00:00:00 UTC,0.0189532190627037
2020-08-15 00:00:00 UTC,0.0208935621975095
2020-08-16 00:00:00 UTC,0.0212611248634816
2020-08-17 00:00:00 UTC,0.0237056919378665
2020-08-18 00:00:00 UTC,0.0255960279466894
2020-08-19 00:00:00 UTC,0.024060254501822
2020-08-20 00:00:00 UTC,0.0223488910112278
2020-08-21 00:00:00 UTC,0.0231862446943541
2020-08-22 00:00:00 UTC,0.0205073058479166
2020-08-23 00:00:00 UTC,0.0213103771786979
2020-08-24 00:00:00 UTC,0.0206788892378731
2020-08-25 00:00:00 UTC,0.02129922461744
2020-08-26 00:00:00 UTC,0.0195209074589215
2020-08-27 00:00:00 UTC,0.0200044451857771
2020-08-28 00:00:00 UTC,0.0195085459403028
2020-08-29 00:00:00 UTC,0.0200925590538077
2020-08-30 00:00:00 UTC,0.0209790258366533
2020-08-31 00:00:00 UTC,0.0225857255992638
2020-09-01 00:00:00 UTC,0.0245834179211059
2020-09-02 00:00:00 UTC,0.0291104607638613
2020-09-03 00:00:00 UTC,0.0293227333505429
2020-09-04 00:00:00 UTC,0.0345804620208108
2020-09-05 00:00:00 UTC,0.0301539242269086
2020-09-06 00:00:00 UTC,0.0253232115811986
2020-09-07 00:00:00 UTC,0.0267749838282852
2020-09-08 00:00:00 UTC,0.0272061214487824
2020-09-09 00:00:00 UTC,0.0297120931177493
2020-09-10 00:00:00 UTC,0.0287788621365582
2020-09-11 00:00:00 UTC,0.0278967971782078
2020-09-12 00:00:00 UTC,0.0282531535876451
2020-09-13 00:00:00 UTC,0.0276419695813733
2020-09-14 00:00:00 UTC,0.0258927225386139
2020-09-15 00:00:00 UTC,0.0256162353324499
2020-09-16 00:00:00 UTC,0.0235701724191027
2020-09-17 00:00:00 UTC,0.0224218864135074
2020-09-18 00:00:00 UTC,0.0236232213364824
2020-09-19 00:00:00 UTC,0.0245006253485845
2020-09-20 00:00:00 UTC,0.023412148626116
2020-09-21 00:00:00 UTC,0.0227372740906647
2020-09-22 00:00:00 UTC,0.0211944985219412
2020-09-23 00:00:00 UTC,0.021340943741698
2020-09-24 00:00:00 UTC,0.0212620763099797
2020-09-25 00:00:00 UTC,0.0223363550014058
2020-09-26 00:00:00 UTC,0.0233096024339802
2020-09-27 00:00:00 UTC,0.023395904953003
2020-09-28 00:00:00 UTC,0.0227968607719221
2020-09-29 00:00:00 UTC,0.0225036053375209
2020-09-30 00:00:00 UTC,0.0224055994617199
2020-10-01 00:00:00 UTC,0.0223472464615025
2020-10-02 00:00:00 UTC,0.0218746636203065
2020-10-03 00:00:00 UTC,0.0221531377589084
2020-10-04 00:00:00 UTC,0.0232104138941995
2020-10-05 00:00:00 UTC,0.0225618044975036
2020-10-06 00:00:00 UTC,0.0224414933265613
2020-10-07 00:00:00 UTC,0.0217984516353723
2020-10-08 00:00:00 UTC,0.0216632740643802
2020-10-09 00:00:00 UTC,0.0218430793311584
2020-10-10 00:00:00 UTC,0.0222376039373008
2020-10-11 00:00:00 UTC,0.0223454452035597
2020-10-12 00:00:00 UTC,0.0224681405045484
2020-10-13 00:00:00 UTC,0.0229363992844929
2020-10-14 00:00:00 UTC,0.0228426886988995
2020-10-15 00:00:00 UTC,0.0227961923240551
2020-10-16 00:00:00 UTC,0.0226301742830517
2020-10-17 00:00:00 UTC,0.0219561771632676
2020-10-18 00:00:00 UTC,0.0219796667035562
2020-10-19 00:00:00 UTC,0.022145094306182
2020-10-20 00:00:00 UTC,0.0219928940315652
2020-10-21 00:00:00 UTC,0.0220184836330135
2020-10-22 00:00:00 UTC,0.0225236463696093
2020-10-23 00:00:00 UTC,0.0229072503018509
2020-10-24 00:00:00 UTC,0.0225196779687817
2020-10-25 00:00:00 UTC,0.0227958910392281
2020-10-26 00:00:00 UTC,0.0227400977055558
2020-10-27 00:00:00 UTC,0.022666701467586
2020-10-28 00:00:00 UTC,0.0229035399016411
2020-10-29 00:00:00 UTC,0.0228888825079834
2020-10-30 00:00:00 UTC,0.0227366810742883
2020-10-31 00:00:00 UTC,0.0219129309382316
2020-11-01 00:00:00 UTC,0.0221424721184504
2020-11-02 00:00:00 UTC,0.0221012563377265
2020-11-03 00:00:00 UTC,0.0210085808332872
2020-11-04 00:00:00 UTC,0.020798388896874
2020-11-05 00:00:00 UTC,0.0206459460296667
2020-11-06 00:00:00 UTC,0.0211755054611639
2020-11-07 00:00:00 UTC,0.0219542078002958
2020-11-08 00:00:00 UTC,0.0209989331341898
2020-11-09 00:00:00 UTC,0.0213366045544604
2020-11-10 00:00:00 UTC,0.0209946415201689
2020-11-11 00:00:00 UTC,0.02103222353022
2020-11-12 00:00:00 UTC,0.0212454671868262
2020-11-13 00:00:00 UTC,0.0211325781297261
2020-11-14 00:00:00 UTC,0.0214252452482623
2020-11-15 00:00:00 UTC,0.0212471958496201
2020-11-16 00:00:00 UTC,0.0213419404664071
2020-11-17 00:00:00 UTC,0.0214538766028292
2020-11-18 00:00:00 UTC,0.0222366933028352
2020-11-19 00:00:00 UTC,0.0226613230837166
2020-11-20 00:00:00 UTC,0.021740522167883
2020-11-21 00:00:00 UTC,0.0221124206655129
2020-11-22 00:00:00 UTC,0.0256143137165495
2020-11-23 00:00:00 UTC,0.0242484899167552
2020-11-24 00:00:00 UTC,0.026584456022991
2020-11-25 00:00:00 UTC,0.0294172617658854
2020-11-26 00:00:00 UTC,0.0277281770862662
2020-11-27 00:00:00 UTC,0.0246480968821804
2020-11-28 00:00:00 UTC,0.0245380865413923
2020-11-29 00:00:00 UTC,0.0254319751422661
2020-11-30 00:00:00 UTC,0.0255703502286046
2020-12-01 00:00:00 UTC,0.0270088761739726
2020-12-02 00:00:00 UTC,0.0251478331143873
2020-12-03 00:00:00 UTC,0.0257757427509697
2020-12-04 00:00:00 UTC,0.026027987164842
2020-12-05 00:00:00 UTC,0.0244057650499825
2020-12-06 00:00:00 UTC,0.0252303149656099
2020-12-07 00:00:00 UTC,0.0255232982573481
2020-12-08 00:00:00 UTC,0.0250438330124602
2020-12-09 00:00:00 UTC,0.0230175542313468
2020-12-10 00:00:00 UTC,0.0238092079552654
2020-12-11 00:00:00 UTC,0.0231831787077169
2020-12-12 00:00:00 UTC,0.0229840386535062
2020-12-13 00:00:00 UTC,0.0235921137437744
2020-12-14 00:00:00 UTC,0.024046631239692
2020-12-15 00:00:00 UTC,0.0239282658703812
2020-12-16 00:00:00 UTC,0.0240411368811633
2020-12-17 00:00:00 UTC,0.0255164254937167
2020-12-18 00:00:00 UTC,0.0250363371273428
2020-12-19 00:00:00 UTC,0.0254203595062092
2020-12-20 00:00:00 UTC,0.025530999703861
2020-12-21 00:00:00 UTC,0.0255498725324859
2020-12-22 00:00:00 UTC,0.0240568787485706
2020-12-23 00:00:00 UTC,0.0237687957898733
2020-12-24 00:00:00 UTC,0.0205137185407787
2020-12-25 00:00:00 UTC,0.0227235668828781
2020-12-26 00:00:00 UTC,0.02333069893177
2020-12-27 00:00:00 UTC,0.0227907298864715
2020-12-28 00:00:00 UTC,0.0236313953307752
2020-12-29 00:00:00 UTC,0.0242033788270565
2020-12-30 00:00:00 UTC,0.022599526464858
2020-12-31 00:00:00 UTC,0.0219292962472277
2021-01-01 00:00:00 UTC,0.0219720821535962
2021-01-02 00:00:00 UTC,0.0221304434461966
2021-01-03 00:00:00 UTC,0.02249695659068
2021-01-04 00:00:00 UTC,0.0242989919087022
2021-01-05 00:00:00 UTC,0.0249484742917679
2021-01-06 00:00:00 UTC,0.0232903472257104
2021-01-07 00:00:00 UTC,0.0248735098971493
2021-01-08 00:00:00 UTC,0.025305342940062
2021-01-09 00:00:00 UTC,0.0249462352655573
2021-01-10 00:00:00 UTC,0.0280679565273083
2021-01-11 00:00:00 UTC,0.0270396366087505
2021-01-12 00:00:00 UTC,0.0238497948637118
2021-01-13 00:00:00 UTC,0.0234889785063683
2021-01-14 00:00:00 UTC,0.0247965449895913
2021-01-15 00:00:00 UTC,0.0247198223669511
2021-01-16 00:00:00 UTC,0.0246570975078877
2021-01-17 00:00:00 UTC,0.0250202685773254
2021-01-18 00:00:00 UTC,0.0249697522462142
2021-01-19 00:00:00 UTC,0.0261346671762335
2021-01-20 00:00:00 UTC,0.0252963642065395
2021-01-21 00:00:00 UTC,0.0251824085063993
2021-01-22 00:00:00 UTC,0.0228050561220256
2021-01-23 00:00:00 UTC,0.0235423935816673
2021-01-24 00:00:00 UTC,0.0239722393212848
2021-01-25 00:00:00 UTC,0.0246441655293398
2021-01-26 00:00:00 UTC,0.024356915478492
2021-01-27 00:00:00 UTC,0.024274289688102
2021-01-28 00:00:00 UTC,0.0234149322038785
2021-01-29 00:00:00 UTC,0.0243391517795984
2021-01-30 00:00:00 UTC,0.0273794652508786
2021-01-31 00:00:00 UTC,0.0261620762108823
2021-02-01 00:00:00 UTC,0.0260892624015478
2021-02-02 00:00:00 UTC,0.0272311560068816
2021-02-03 00:00:00 UTC,0.0275363079930464
2021-02-04 00:00:00 UTC,0.0286359311765858
2021-02-05 00:00:00 UTC,0.0277670344140422
2021-02-06 00:00:00 UTC,0.0301001570509123
2021-02-07 00:00:00 UTC,0.0290889914403501
2021-02-08 00:00:00 UTC,0.0297649913623645
2021-02-09 00:00:00 UTC,0.0338221782295288
2021-02-10 00:00:00 UTC,0.0381810266612036
2021-02-11 00:00:00 UTC,0.0381575821865162
2021-02-12 00:00:00 UTC,0.0472744140874991
2021-02-13 00:00:00 UTC,0.0456602725732182
2021-02-14 00:00:00 UTC,0.0489661735800875
2021-02-15 00:00:00 UTC,0.0459010785917084
2021-02-16 00:00:00 UTC,0.0416521618824806
2021-02-17 00:00:00 UTC,0.0432995775045565
2021-02-18 00:00:00 UTC,0.0436225438254147
2021-02-19 00:00:00 UTC,0.0455219989143324
2021-02-20 00:00:00 UTC,0.0506354194773399
2021-02-21 00:00:00 UTC,0.0480794513471523
2021-02-22 00:00:00 UTC,0.049291440632594
2021-02-23 00:00:00 UTC,0.0449155832306799
2021-02-24 00:00:00 UTC,0.0369728249484707
2021-02-25 00:00:00 UTC,0.0395553867052489
2021-02-26 00:00:00 UTC,0.0371242649100331
2021-02-27 00:00:00 UTC,0.0375609974328794
2021-02-28 00:00:00 UTC,0.0389792716115609
2021-03-01 00:00:00 UTC,0.0375753903329119
2021-03-02 00:00:00 UTC,0.0397166072098393
2021-03-03 00:00:00 UTC,0.0388646265997742
2021-03-04 00:00:00 UTC,0.0407773439863019
2021-03-05 00:00:00 UTC,0.0430764022430907
2021-03-06 00:00:00 UTC,0.042261569172631
2021-03-07 00:00:00 UTC,0.0422070281921799
2021-03-08 00:00:00 UTC,0.0435003762968316
2021-03-09 00:00:00 UTC,0.0447290758404736
2021-03-10 00:00:00 UTC,0.0447832379858834
2021-03-11 00:00:00 UTC,0.0432194561760466
2021-03-12 00:00:00 UTC,0.0429871808405439
2021-03-13 00:00:00 UTC,0.0418253671032532
2021-03-14 00:00:00 UTC,0.0442278765618218
2021-03-15 00:00:00 UTC,0.0431100760418684
2021-03-16 00:00:00 UTC,0.0425544348848848
2021-03-17 00:00:00 UTC,0.0440144679610317
2021-03-18 00:00:00 UTC,0.0461077373931537
2021-03-19 00:00:00 UTC,0.04495840595941
2021-03-20 00:00:00 UTC,0.049079020480436
2021-03-21 00:00:00 UTC,0.0512597143057767
2021-03-22 00:00:00 UTC,0.0528721685918486
2021-03-23 00:00:00 UTC,0.0500684322942423
2021-03-24 00:00:00 UTC,0.0497105906777772
2021-03-25 00:00:00 UTC,0.0469706770042197
2021-03-26 00:00:00 UTC,0.047016380176102
2021-03-27 00:00:00 UTC,0.0550926072069457
2021-03-28 00:00:00 UTC,0.0540909396545539
2021-03-29 00:00:00 UTC,0.053883253407431
2021-03-30 00:00:00 UTC,0.0550400974430109
2021-03-31 00:00:00 UTC,0.0561273432307988
2021-04-01 00:00:00 UTC,0.0783628432077083
2021-04-02 00:00:00 UTC,0.073145176959077
2021-04-03 00:00:00 UTC,0.0784399665469444
2021-04-04 00:00:00 UTC,0.0864380439177132
2021-04-05 00:00:00 UTC,0.108961796468135
2021-04-06 00:00:00 UTC,0.117202295510103
2021-04-07 00:00:00 UTC,0.105212999732966
2021-04-08 00:00:00 UTC,0.0938563358970524
2021-04-09 00:00:00 UTC,0.103984285139885
2021-04-10 00:00:00 UTC,0.0977165100221935
2021-04-11 00:00:00 UTC,0.106054714146775
2021-04-12 00:00:00 UTC,0.102911682008891
2021-04-13 00:00:00 UTC,0.108979781821079
2021-04-14 00:00:00 UTC,0.123084381201784
2021-04-15 00:00:00 UTC,0.117908642281489
2021-04-16 00:00:00 UTC,0.138840393214135
2021-04-17 00:00:00 UTC,0.134802446176098
2021-04-18 00:00:00 UTC,0.131642249286246
2021-04-19 00:00:00 UTC,0.120389892783029
2021-04-20 00:00:00 UTC,0.109214376604858
2021-04-21 00:00:00 UTC,0.11100750332155
2021-04-22 00:00:00 UTC,0.103533724922447
2021-04-23 00:00:00 UTC,0.0923211971250399
2021-04-24 00:00:00 UTC,0.0903921694166917
2021-04-25 00:00:00 UTC,0.0852153139008141
2021-04-26 00:00:00 UTC,0.0842281227092427
2021-04-27 00:00:00 UTC,0.0970379023599487
2021-04-28 00:00:00 UTC,0.103763153041364
2021-04-29 00:00:00 UTC,0.101398500192843
2021-04-30 00:00:00 UTC,0.100204933097267
2021-05-01 00:00:00 UTC,0.11058550980259
2021-05-02 00:00:00 UTC,0.109276532566702
2021-05-03 00:00:00 UTC,0.10653925265035
2021-05-04 00:00:00 UTC,0.109649687331803
2021-05-05 00:00:00 UTC,0.0995809034361298
2021-05-06 00:00:00 UTC,0.121798915458399
2021-05-07 00:00:00 UTC,0.126847150456863
2021-05-08 00:00:00 UTC,0.122122081460705
2021-05-09 00:00:00 UTC,0.118451227986096
2021-05-10 00:00:00 UTC,0.117852806456719
2021-05-11 00:00:00 UTC,0.106017807460292
2021-05-12 00:00:00 UTC,0.114702008978545
2021-05-13 00:00:00 UTC,0.102860229476731
2021-05-14 00:00:00 UTC,0.101152840205271
2021-05-15 00:00:00 UTC,0.103142994220802
2021-05-16 00:00:00 UTC,0.0993550658215531
2021-05-17 00:00:00 UTC,0.0990051903707915
2021-05-18 00:00:00 UTC,0.0926964723893054
2021-05-19 00:00:00 UTC,0.0957857239830183
2021-05-20 00:00:00 UTC,0.0659994728158203
2021-05-21 00:00:00 UTC,0.0727101051562445
2021-05-22 00:00:00 UTC,0.0642369108596526
2021-05-23 00:00:00 UTC,0.0623771049022119
2021-05-24 00:00:00 UTC,0.052258817043954
2021-05-25 00:00:00 UTC,0.0627488492301299
2021-05-26 00:00:00 UTC,0.0630652500500755
2021-05-27 00:00:00 UTC,0.0683773019267622
2021-05-28 00:00:00 UTC,0.0651939387321079
2021-05-29 00:00:00 UTC,0.0593753345088953
2021-05-30 00:00:00 UTC,0.057055874166651
2021-05-31 00:00:00 UTC,0.0590400802487611
2021-06-01 00:00:00 UTC,0.0626972950321885
2021-06-02 00:00:00 UTC,0.0623466734724034
2021-06-03 00:00:00 UTC,0.0640619898621016
2021-06-04 00:00:00 UTC,0.0678017545230425
2021-06-05 00:00:00 UTC,0.0636504901126208
2021-06-06 00:00:00 UTC,0.0621390849442263
2021-06-07 00:00:00 UTC,0.0636907215019154
2021-06-08 00:00:00 UTC,0.0583927346981269
2021-06-09 00:00:00 UTC,0.0597374001584891
2021-06-10 00:00:00 UTC,0.0620232342856274
2021-06-11 00:00:00 UTC,0.0597293135875673
2021-06-12 00:00:00 UTC,0.0572142043642314
2021-06-13 00:00:00 UTC,0.0563916375031396
2021-06-14 00:00:00 UTC,0.0590173087258052
2021-06-15 00:00:00 UTC,0.0595652366824229
2021-06-16 00:00:00 UTC,0.0594769336579706
2021-06-17 00:00:00 UTC,0.0573032584456428
2021-06-18 00:00:00 UTC,0.0618699834511208
2021-06-19 00:00:00 UTC,0.0586576454266288
2021-06-20 00:00:00 UTC,0.0579281746049804
2021-06-21 00:00:00 UTC,0.0573071086214507
2021-06-22 00:00:00 UTC,0.0455211571709019
2021-06-23 00:00:00 UTC,0.0425993801701294
2021-06-24 00:00:00 UTC,0.0477370159753299
2021-06-25 00:00:00 UTC,0.0555195780549296
2021-06-26 00:00:00 UTC,0.0522625479657664
2021-06-27 00:00:00 UTC,0.0524109869447775
2021-06-28 00:00:00 UTC,0.0543904201251639
2021-06-29 00:00:00 UTC,0.0548821455264336
2021-06-30 00:00:00 UTC,0.0570604843191288
2021-07-01 00:00:00 UTC,0.0575569806341542
2021-07-02 00:00:00 UTC,0.0549026648274434
2021-07-03 00:00:00 UTC,0.0561650351081483
2021-07-04 00:00:00 UTC,0.0564011212529251
2021-07-05 00:00:00 UTC,0.0568944829179604
2021-07-06 00:00:00 UTC,0.0547043677590356
2021-07-07 00:00:00 UTC,0.0549340662811546
2021-07-08 00:00:00 UTC,0.0546399627828818
2021-07-09 00:00:00 UTC,0.0517981020317872
2021-07-10 00:00:00 UTC,0.0526874719303049
2021-07-11 00:00:00 UTC,0.0518664302984085
2021-07-12 00:00:00 UTC,0.0523180919050618
2021-07-13 00:00:00 UTC,0.0510158310520421
2021-07-14 00:00:00 UTC,0.0505414606282186
2021-07-15 00:00:00 UTC,0.0507845009648415
2021-07-16 00:00:00 UTC,0.0489151205300913
2021-07-17 00:00:00 UTC,0.0472626470638824
2021-07-18 00:00:00 UTC,0.0475950915045323
2021-07-19 00:00:00 UTC,0.0477245952992138
2021-07-20 00:00:00 UTC,0.0455513238671316
2021-07-21 00:00:00 UTC,0.0432448691822642
2021-07-22 00:00:00 UTC,0.045930920435029
2021-07-23 00:00:00 UTC,0.0470479317699953
2021-07-24 00:00:00 UTC,0.0475773081591528
2021-07-25 00:00:00 UTC,0.0487630580269565
2021-07-26 00:00:00 UTC,0.0495744153775619
2021-07-27 00:00:00 UTC,0.0495436896851026
2021-07-28 00:00:00 UTC,0.0507800688564367
2021-07-29 00:00:00 UTC,0.0511006289231968
2021-07-30 00:00:00 UTC,0.0519828965158339
2021-07-31 00:00:00 UTC,0.0532572566491866
2021-08-01 00:00:00 UTC,0.0542081035020408
2021-08-02 00:00:00 UTC,0.0534848223611372
2021-08-03 00:00:00 UTC,0.0545305043275025
2021-08-04 00:00:00 UTC,0.0541287812371657
2021-08-05 00:00:00 UTC,0.057032289628057
2021-08-06 00:00:00 UTC,0.0593117633706706
2021-08-07 00:00:00 UTC,0.0609596747970214
2021-08-08 00:00:00 UTC,0.0640448129175328
2021-08-09 00:00:00 UTC,0.0609622503919237
2021-08-10 00:00:00 UTC,0.0629737135902978
2021-08-11 00:00:00 UTC,0.063728716683653
2021-08-12 00:00:00 UTC,0.0708666907039411
2021-08-13 00:00:00 UTC,0.0716856930062692
2021-08-14 00:00:00 UTC,0.0757811906920796
2021-08-15 00:00:00 UTC,0.0785325984695501
2021-08-16 00:00:00 UTC,0.0787633653287125
2021-08-17 00:00:00 UTC,0.0760669596437611
2021-08-18 00:00:00 UTC,0.0726212591438759
2021-08-19 00:00:00 UTC,0.0728030989765982
2021-08-20 00:00:00 UTC,0.0747017921814818
2021-08-21 00:00:00 UTC,0.0768652585782066
2021-08-22 00:00:00 UTC,0.0752162355390157
2021-08-23 00:00:00 UTC,0.0751070891246195
2021-08-24 00:00:00 UTC,0.0764819046603483
2021-08-25 00:00:00 UTC,0.0722463927567986
2021-08-26 00:00:00 UTC,0.0743217370878521
2021-08-27 00:00:00 UTC,0.0714501033766231
2021-08-28 00:00:00 UTC,0.0747656437686207
2021-08-29 00:00:00 UTC,0.0749635479078338
2021-08-30 00:00:00 UTC,0.0751448174769452
2021-08-31 00:00:00 UTC,0.0733110646474633
2021-09-01 00:00:00 UTC,0.0753307357251419
2021-09-02 00:00:00 UTC,0.0802506509765661
2021-09-03 00:00:00 UTC,0.0840810113668969
2021-09-04 00:00:00 UTC,0.0853902066504236
2021-09-05 00:00:00 UTC,0.0858045851013728
2021-09-06 00:00:00 UTC,0.0881835207301974
2021-09-07 00:00:00 UTC,0.0876343158703168
2021-09-08 00:00:00 UTC,0.0724984554612513
2021-09-09 00:00:00 UTC,0.078481944735032
2021-09-10 00:00:00 UTC,0.0787841441284904
2021-09-11 00:00:00 UTC,0.0769292408297258
2021-09-12 00:00:00 UTC,0.0805267673412536
2021-09-13 00:00:00 UTC,0.0955398456538088
2021-09-14 00:00:00 UTC,0.0890884846579999
2021-09-15 00:00:00 UTC,0.100070773699715
2021-09-16 00:00:00 UTC,0.101494106554122
2021-09-17 00:00:00 UTC,0.0990264153425161
2021-09-18 00:00:00 UTC,0.0898982394828875
2021-09-19 00:00:00 UTC,0.0905671394550783
2021-09-20 00:00:00 UTC,0.0887188838622198
2021-09-21 00:00:00 UTC,0.0783939263807005
2021-09-22 00:00:00 UTC,0.074799603255617
2021-09-23 00:00:00 UTC,0.0845016880016238
2021-09-24 00:00:00 UTC,0.084641522525802
2021-09-25 00:00:00 UTC,0.0786566977766104
2021-09-26 00:00:00 UTC,0.0777639227883265
2021-09-27 00:00:00 UTC,0.0749546624589485
2021-09-28 00:00:00 UTC,0.0736459987259983
2021-09-29 00:00:00 UTC,0.0711324472988337
2021-09-30 00:00:00 UTC,0.074298838787962
2021-10-01 00:00:00 UTC,0.0773239145609247
2021-10-02 00:00:00 UTC,0.0817654161874939
2021-10-03 00:00:00 UTC,0.081100655907297
2021-10-04 00:00:00 UTC,0.0820050774341791
2021-10-05 00:00:00 UTC,0.0807751975030767
2021-10-06 00:00:00 UTC,0.083577702703722
2021-10-07 00:00:00 UTC,0.0827067494850236
2021-10-08 00:00:00 UTC,0.0826898719176188
2021-10-09 00:00:00 UTC,0.0843082405353523
2021-10-10 00:00:00 UTC,0.0890474708464556
2021-10-11 00:00:00 UTC,0.0846549306946534
2021-10-12 00:00:00 UTC,0.0843690903621266
2021-10-13 00:00:00 UTC,0.0827388016755258
2021-10-14 00:00:00 UTC,0.08449037681748
2021-10-15 00:00:00 UTC,0.0839782152087013
2021-10-16 00:00:00 UTC,0.085573541998986
2021-10-17 00:00:00 UTC,0.0855607336521682
2021-10-18 00:00:00 UTC,0.0852382822306718
2021-10-19 00:00:00 UTC,0.0845102760371245
2021-10-20 00:00:00 UTC,0.086781869636696
2021-10-21 00:00:00 UTC,0.0888810394906876
2021-10-22 00:00:00 UTC,0.0860155526840781
2021-10-23 00:00:00 UTC,0.0861183240229345
2021-10-24 00:00:00 UTC,0.0869676542729033
2021-10-25 00:00:00 UTC,0.0856280047382071
2021-10-26 00:00:00 UTC,0.0872478158202236
2021-10-27 00:00:00 UTC,0.087413663328783
2021-10-28 00:00:00 UTC,0.0786099653596312
2021-10-29 00:00:00 UTC,0.0817593562009254
2021-10-30 00:00:00 UTC,0.0861720324200554
2021-10-31 00:00:00 UTC,0.0874824333125229
2021-11-01 00:00:00 UTC,0.0877239361556147
2021-11-02 00:00:00 UTC,0.086829315960391
2021-11-03 00:00:00 UTC,0.0929675627433874
2021-11-04 00:00:00 UTC,0.0911946133791521
2021-11-05 00:00:00 UTC,0.0898831712853335
2021-11-06 00:00:00 UTC,0.089970714279275
2021-11-07 00:00:00 UTC,0.0889800702149656
2021-11-08 00:00:00 UTC,0.0906391839650006
2021-11-09 00:00:00 UTC,0.094772074544522
2021-11-10 00:00:00 UTC,0.0989292101417027
2021-11-11 00:00:00 UTC,0.0929163145076159
2021-11-12 00:00:00 UTC,0.0955021600729107
2021-11-13 00:00:00 UTC,0.0945967140196903
2021-11-14 00:00:00 UTC,0.098844834516912
2021-11-15 00:00:00 UTC,0.10282552175321
2021-11-16 00:00:00 UTC,0.109495023224509
2021-11-17 00:00:00 UTC,0.097537630869998
2021-11-18 00:00:00 UTC,0.098869738688617
2021-11-19 00:00:00 UTC,0.0884846023667886
2021-11-20 00:00:00 UTC,0.0928577094136378
2021-11-21 00:00:00 UTC,0.0937417425869309
2021-11-22 00:00:00 UTC,0.0957344202101942
2021-11-23 00:00:00 UTC,0.0908167927129696
2021-11-24 00:00:00 UTC,0.0918624950522681
2021-11-25 00:00:00 UTC,0.0875151273659154
2021-11-26 00:00:00 UTC,0.0893336090247276
2021-11-27 00:00:00 UTC,0.081715093481193
2021-11-28 00:00:00 UTC,0.0823628860168468
2021-11-29 00:00:00 UTC,0.0842552082684002
2021-11-30 00:00:00 UTC,0.0858141755816428
2021-12-01 00:00:00 UTC,0.0852329957973811
2021-12-02 00:00:00 UTC,0.0868664204279338
2021-12-03 00:00:00 UTC,0.0862848945066974
2021-12-04 00:00:00 UTC,0.0833850021189275
2021-12-05 00:00:00 UTC,0.0768597931873297
2021-12-06 00:00:00 UTC,0.0746223477615917
2021-12-07 00:00:00 UTC,0.0775779692252768
2021-12-08 00:00:00 UTC,0.0803731246477452
2021-12-09 00:00:00 UTC,0.0816629048779384
2021-12-10 00:00:00 UTC,0.0791579735813443
2021-12-11 00:00:00 UTC,0.0779235627341352
2021-12-12 00:00:00 UTC,0.0808218714191392
2021-12-13 00:00:00 UTC,0.0806681028699533
2021-12-14 00:00:00 UTC,0.0754073627443029
2021-12-15 00:00:00 UTC,0.0775056982738505
2021-12-16 00:00:00 UTC,0.0777940110187543
2021-12-17 00:00:00 UTC,0.0754966614362363
2021-12-18 00:00:00 UTC,0.0710653175975115
2021-12-19 00:00:00 UTC,0.0716638058957933
2021-12-20 00:00:00 UTC,0.0708844500765408
2021-12-21 00:00:00 UTC,0.0691296263928608
2021-12-22 00:00:00 UTC,0.0702027033929039
2021-12-23 00:00:00 UTC,0.0700686522195043
2021-12-24 00:00:00 UTC,0.0731317446380367
2021-12-25 00:00:00 UTC,0.0717087579413382
2021-12-26 00:00:00 UTC,0.0722574402656117
2021-12-27 00:00:00 UTC,0.0721545533214576
2021-12-28 00:00:00 UTC,0.0717433269135219
2021-12-29 00:00:00 UTC,0.0684664753212705
2021-12-30 00:00:00 UTC,0.0675544007618104
2021-12-31 00:00:00 UTC,0.068807685498178
2022-01-01 00:00:00 UTC,0.0663584611376318
2022-01-02 00:00:00 UTC,0.0676335589061656
2022-01-03 00:00:00 UTC,0.0684002029079466
2022-01-04 00:00:00 UTC,0.0683443978734832
2022-01-05 00:00:00 UTC,0.0674952677124299
2022-01-06 00:00:00 UTC,0.063280945880072
2022-01-07 00:00:00 UTC,0.0630649402222669
2022-01-08 00:00:00 UTC,0.0601143373069418
2022-01-09 00:00:00 UTC,0.0576766082045558
2022-01-10 00:00:00 UTC,0.0582977471068655
2022-01-11 00:00:00 UTC,0.0561238468081321
2022-01-12 00:00:00 UTC,0.0572227675801937
2022-01-13 00:00:00 UTC,0.0596438448969488
2022-01-14 00:00:00 UTC,0.0578147228550039
2022-01-15 00:00:00 UTC,0.0593350040177305
2022-01-16 00:00:00 UTC,0.0601544111359944
2022-01-17 00:00:00 UTC,0.0612616659434184
2022-01-18 00:00:00 UTC,0.0621168749961013
2022-01-19 00:00:00 UTC,0.0604893293742991
2022-01-20 00:00:00 UTC,0.0609931444286824
2022-01-21 00:00:00 UTC,0.0599391233036448
2022-01-22 00:00:00 UTC,0.0536521291756873
2022-01-23 00:00:00 UTC,0.0502135829234007
2022-01-24 00:00:00 UTC,0.0507057590371243
2022-01-25 00:00:00 UTC,0.0488910229537615
2022-01-26 00:00:00 UTC,0.0496075810539366
2022-01-27 00:00:00 UTC,0.0501366456672911
2022-01-28 00:00:00 UTC,0.0508904652231821
2022-01-29 00:00:00 UTC,0.0518236507250168
2022-01-30 00:00:00 UTC,0.0542780376832854
2022-01-31 00:00:00 UTC,0.0527967870517375
2022-02-01 00:00:00 UTC,0.0526245396758784
2022-02-02 00:00:00 UTC,0.0532274726286467
2022-02-03 00:00:00 UTC,0.0520518794263336
2022-02-04 00:00:00 UTC,0.0522737862829463
2022-02-05 00:00:00 UTC,0.0565083297961529
2022-02-06 00:00:00 UTC,0.0568128301839263
2022-02-07 00:00:00 UTC,0.0579204064772354
2022-02-08 00:00:00 UTC,0.0601704658510903
2022-02-09 00:00:00 UTC,0.0597382411105741
2022-02-10 00:00:00 UTC,0.0612538033482096
2022-02-11 00:00:00 UTC,0.0602209096764668
2022-02-12 00:00:00 UTC,0.056528885034126
2022-02-13 00:00:00 UTC,0.0559310867494378
2022-02-14 00:00:00 UTC,0.0567564393639652
2022-02-15 00:00:00 UTC,0.0571193877467846
2022-02-16 00:00:00 UTC,0.0588111041861245
2022-02-17 00:00:00 UTC,0.0584964190450341
2022-02-18 00:00:00 UTC,0.055007881562942
2022-02-19 00:00:00 UTC,0.0558548390673518
2022-02-20 00:00:00 UTC,0.0562356194445148
2022-02-21 00:00:00 UTC,0.0550398643732684
2022-02-22 00:00:00 UTC,0.053043574775387
2022-02-23 00:00:00 UTC,0.055357286754092
2022-02-24 00:00:00 UTC,0.0540426374400568
2022-02-25 00:00:00 UTC,0.0546807440588269
2022-02-26 00:00:00 UTC,0.0530152940528207
2022-02-27 00:00:00 UTC,0.0529536305580728
2022-02-28 00:00:00 UTC,0.0520284399306854
2022-03-01 00:00:00 UTC,0.0550382873603031
2022-03-02 00:00:00 UTC,0.0558029012364002
2022-03-03 00:00:00 UTC,0.0553675851173109
2022-03-04 00:00:00 UTC,0.0542360384609548
2022-03-05 00:00:00 UTC,0.0533185631582375
2022-03-06 00:00:00 UTC,0.0553576556904368
2022-03-07 00:00:00 UTC,0.0542182086675522
2022-03-08 00:00:00 UTC,0.0538643591982117
2022-03-09 00:00:00 UTC,0.055571391952686
2022-03-10 00:00:00 UTC,0.0549180111930898
2022-03-11 00:00:00 UTC,0.0544437635189094
2022-03-12 00:00:00 UTC,0.0552274207789163
2022-03-13 00:00:00 UTC,0.0546931499555374
2022-03-14 00:00:00 UTC,0.0543163201618386
2022-03-15 00:00:00 UTC,0.0549442205241858
2022-03-16 00:00:00 UTC,0.055188163959004
2022-03-17 00:00:00 UTC,0.0554423540033785
2022-03-18 00:00:00 UTC,0.0548445659385656
2022-03-19 00:00:00 UTC,0.0558375027365383
2022-03-20 00:00:00 UTC,0.0559195510799248
2022-03-21 00:00:00 UTC,0.0556275881879396
2022-03-22 00:00:00 UTC,0.0560561221415276
2022-03-23 00:00:00 UTC,0.0575343796880373
2022-03-24 00:00:00 UTC,0.0584015119194358
2022-03-25 00:00:00 UTC,0.059515930134865
2022-03-26 00:00:00 UTC,0.0586689598984836
2022-03-27 00:00:00 UTC,0.0601762882485394
2022-03-28 00:00:00 UTC,0.062788718924126
2022-03-29 00:00:00 UTC,0.0627391240534116
2022-03-30 00:00:00 UTC,0.0624697423602465
2022-03-31 00:00:00 UTC,0.0654809748695817
2022-04-01 00:00:00 UTC,0.0667228864829471
2022-04-02 00:00:00 UTC,0.0677054574704178
2022-04-03 00:00:00 UTC,0.066304409710921
2022-04-04 00:00:00 UTC,0.0661394699220506
2022-04-05 00:00:00 UTC,0.0644898823153155
2022-04-06 00:00:00 UTC,0.0636632666113823
2022-04-07 00:00:00 UTC,0.0579977691722991
2022-04-08 00:00:00 UTC,0.0593330740166605
2022-04-09 00:00:00 UTC,0.0575607639940468
2022-04-10 00:00:00 UTC,0.0588376799036769
2022-04-11 00:00:00 UTC,0.0575473106633092
2022-04-12 00:00:00 UTC,0.0535445493125687
2022-04-13 00:00:00 UTC,0.0555179640780996
2022-04-14 00:00:00 UTC,0.0565810173079096
2022-04-15 00:00:00 UTC,0.0556511048478177
2022-04-16 00:00:00 UTC,0.0572915879687951
2022-04-17 00:00:00 UTC,0.057379965719514
2022-04-18 00:00:00 UTC,0.0556259751583832
2022-04-19 00:00:00 UTC,0.0571199839065721
2022-04-20 00:00:00 UTC,0.0587064171241254
2022-04-21 00:00:00 UTC,0.0577563002269439
2022-04-22 00:00:00 UTC,0.0660159988049735
2022-04-23 00:00:00 UTC,0.061923251097674
2022-04-24 00:00:00 UTC,0.0627355011227966
2022-04-25 00:00:00 UTC,0.0607433236942332
2022-04-26 00:00:00 UTC,0.0610487382390793
2022-04-27 00:00:00 UTC,0.0581885388458523
2022-04-28 00:00:00 UTC,0.0598532373602639
2022-04-29 00:00:00 UTC,0.0606145005745428
2022-04-30 00:00:00 UTC,0.0603487608060782
2022-05-01 00:00:00 UTC,0.0598483891899975
2022-05-02 00:00:00 UTC,0.0673915314705565
2022-05-03 00:00:00 UTC,0.0653572097290483
2022-05-04 00:00:00 UTC,0.0686668043730301
2022-05-05 00:00:00 UTC,0.0812988521414212
2022-05-06 00:00:00 UTC,0.0709814613798325
2022-05-07 00:00:00 UTC,0.081894362730993
2022-05-08 00:00:00 UTC,0.0792064613581982
2022-05-09 00:00:00 UTC,0.0833063790131423
2022-05-10 00:00:00 UTC,0.069852543690347
2022-05-11 00:00:00 UTC,0.0732096376596491
2022-05-12 00:00:00 UTC,0.0713690586063387
2022-05-13 00:00:00 UTC,0.0650887859942473
2022-05-14 00:00:00 UTC,0.0713947285140202
2022-05-15 00:00:00 UTC,0.0699016424787561
2022-05-16 00:00:00 UTC,0.069562739026827
2022-05-17 00:00:00 UTC,0.0663059332198986
2022-05-18 00:00:00 UTC,0.0687337531860697
2022-05-19 00:00:00 UTC,0.0679094867936713
2022-05-20 00:00:00 UTC,0.069890359146043
2022-05-21 00:00:00 UTC,0.0676197291766313
2022-05-22 00:00:00 UTC,0.0701951541573026
2022-05-23 00:00:00 UTC,0.0739213905267251
2022-05-24 00:00:00 UTC,0.0713813422588212
2022-05-25 00:00:00 UTC,0.0750780697099792
2022-05-26 00:00:00 UTC,0.0792456924840553
2022-05-27 00:00:00 UTC,0.0768946190691478
2022-05-28 00:00:00 UTC,0.0751081713142914
2022-05-29 00:00:00 UTC,0.0758416936068001
2022-05-30 00:00:00 UTC,0.0751284224314937
2022-05-31 00:00:00 UTC,0.0773722737550321
2022-06-01 00:00:00 UTC,0.0783586463335191
2022-06-02 00:00:00 UTC,0.0784296697863441
2022-06-03 00:00:00 UTC,0.0782501784169022
2022-06-04 00:00:00 UTC,0.0756705337942124
2022-06-05 00:00:00 UTC,0.0750716544846694
2022-06-06 00:00:00 UTC,0.0759125649150185
2022-06-07 00:00:00 UTC,0.0764824343530928
2022-06-08 00:00:00 UTC,0.0771007922223511
2022-06-09 00:00:00 UTC,0.0751154095919596
2022-06-10 00:00:00 UTC,0.0761895129783109
2022-06-11 00:00:00 UTC,0.0750811870574503
2022-06-12 00:00:00 UTC,0.072266897287828
2022-06-13 00:00:00 UTC,0.0734018471062797
2022-06-14 00:00:00 UTC,0.0613063265743515
2022-06-15 00:00:00 UTC,0.0537589169495863
2022-06-16 00:00:00 UTC,0.0602516146472452
2022-06-17 00:00:00 UTC,0.0561291877826889
2022-06-18 00:00:00 UTC,0.0571531357393129
2022-06-19 00:00:00 UTC,0.0580991854558276
2022-06-20 00:00:00 UTC,0.0585885668330684
2022-06-21 00:00:00 UTC,0.0582908131706465
2022-06-22 00:00:00 UTC,0.0615527339875627
2022-06-23 00:00:00 UTC,0.0598101338921176
2022-06-24 00:00:00 UTC,0.0606179383824791
2022-06-25 00:00:00 UTC,0.0627108035745443
2022-06-26 00:00:00 UTC,0.0614984626944411
2022-06-27 00:00:00 UTC,0.0615811237257189
2022-06-28 00:00:00 UTC,0.0634062352770373
2022-06-29 00:00:00 UTC,0.0627641460423689
2022-06-30 00:00:00 UTC,0.0621063947560854
2022-07-01 00:00:00 UTC,0.0610753176004741
2022-07-02 00:00:00 UTC,0.0625462109480169
2022-07-03 00:00:00 UTC,0.0622167130353527
2022-07-04 00:00:00 UTC,0.0635854553098187
2022-07-05 00:00:00 UTC,0.06452080931677
2022-07-06 00:00:00 UTC,0.066460630767458
2022-07-07 00:00:00 UTC,0.0664252560590457
2022-07-08 00:00:00 UTC,0.0676258678411405
2022-07-09 00:00:00 UTC,0.0681306199474234
2022-07-10 00:00:00 UTC,0.0685735897743883
2022-07-11 00:00:00 UTC,0.0665749775359006
2022-07-12 00:00:00 UTC,0.0644512459109441
2022-07-13 00:00:00 UTC,0.0645910403996915
2022-07-14 00:00:00 UTC,0.0660150707965701
2022-07-15 00:00:00 UTC,0.0667653814389328
2022-07-16 00:00:00 UTC,0.0665451566340562
2022-07-17 00:00:00 UTC,0.0683473108709998
2022-07-18 00:00:00 UTC,0.0669256141345305
2022-07-19 00:00:00 UTC,0.0680736480943411
2022-07-20 00:00:00 UTC,0.0675300656755386
2022-07-21 00:00:00 UTC,0.0664572314789865
2022-07-22 00:00:00 UTC,0.0665610925879813
2022-07-23 00:00:00 UTC,0.0656909432520596
2022-07-24 00:00:00 UTC,0.0657218955095593
2022-07-25 00:00:00 UTC,0.0656371336433705
2022-07-26 00:00:00 UTC,0.0625964144373506
2022-07-27 00:00:00 UTC,0.0645929695510979
2022-07-28 00:00:00 UTC,0.0672134845742273
2022-07-29 00:00:00 UTC,0.0684112312259327
2022-07-30 00:00:00 UTC,0.067990219499451
2022-07-31 00:00:00 UTC,0.0677068337826672
2022-08-01 00:00:00 UTC,0.0676915163630365
2022-08-02 00:00:00 UTC,0.068243185574826
2022-08-03 00:00:00 UTC,0.0675497510156812
2022-08-04 00:00:00 UTC,0.0668861105131432
2022-08-05 00:00:00 UTC,0.0675664364378873
2022-08-06 00:00:00 UTC,0.0685606805061888
2022-08-07 00:00:00 UTC,0.0682874131709257
2022-08-08 00:00:00 UTC,0.0686107560968482
2022-08-09 00:00:00 UTC,0.0688510640130575
2022-08-10 00:00:00 UTC,0.0673108056333648
2022-08-11 00:00:00 UTC,0.068403640514534
2022-08-12 00:00:00 UTC,0.0682227152523872
2022-08-13 00:00:00 UTC,0.0688335026688281
2022-08-14 00:00:00 UTC,0.0682420697538946
2022-08-15 00:00:00 UTC,0.0686744865704679
2022-08-16 00:00:00 UTC,0.0680160115398176
2022-08-17 00:00:00 UTC,0.0687293002711768
2022-08-18 00:00:00 UTC,0.0671220632728671
2022-08-19 00:00:00 UTC,0.0669859586542895
2022-08-20 00:00:00 UTC,0.0640997991775453
2022-08-21 00:00:00 UTC,0.0656513206362064
2022-08-22 00:00:00 UTC,0.066028962244863
2022-08-23 00:00:00 UTC,0.0660187265893838
2022-08-24 00:00:00 UTC,0.0665934468753055
2022-08-25 00:00:00 UTC,0.0651162298938234
2022-08-26 00:00:00 UTC,0.0657986023374632
2022-08-27 00:00:00 UTC,0.0619806547580654
2022-08-28 00:00:00 UTC,0.0632589579600044
2022-08-29 00:00:00 UTC,0.0621679831333446
2022-08-30 00:00:00 UTC,0.0634289937686055
2022-08-31 00:00:00 UTC,0.0646933673169137
2022-09-01 00:00:00 UTC,0.063210705380816
2022-09-02 00:00:00 UTC,0.0637243260800934
2022-09-03 00:00:00 UTC,0.0629272453966858
2022-09-04 00:00:00 UTC,0.0634311261083236
2022-09-05 00:00:00 UTC,0.0641245989306514
2022-09-06 00:00:00 UTC,0.0632524006589037
2022-09-07 00:00:00 UTC,0.0615442293342491
2022-09-08 00:00:00 UTC,0.0619296714858976
2022-09-09 00:00:00 UTC,0.0612276295104264
2022-09-10 00:00:00 UTC,0.0624855026228405
2022-09-11 00:00:00 UTC,0.0637808799518954
2022-09-12 00:00:00 UTC,0.0635868813216521
2022-09-13 00:00:00 UTC,0.0629571646828099
2022-09-14 00:00:00 UTC,0.060839518186285
2022-09-15 00:00:00 UTC,0.0617792807181387
2022-09-16 00:00:00 UTC,0.0613555234218105
2022-09-17 00:00:00 UTC,0.0611980515585859
2022-09-18 00:00:00 UTC,0.0621399235685373
2022-09-19 00:00:00 UTC,0.060818683069704
2022-09-20 00:00:00 UTC,0.0602276831164711
2022-09-21 00:00:00 UTC,0.0599539729193046
2022-09-22 00:00:00 UTC,0.0603021692799598
2022-09-23 00:00:00 UTC,0.0613512258048913
2022-09-24 00:00:00 UTC,0.0624661534973293
2022-09-25 00:00:00 UTC,0.0618226303527258
2022-09-26 00:00:00 UTC,0.0616842521244683
2022-09-27 00:00:00 UTC,0.0619390707637473
2022-09-28 00:00:00 UTC,0.0619907729807521
2022-09-29 00:00:00 UTC,0.0615451582659796
2022-09-30 00:00:00 UTC,0.0620498127000662
2022-10-01 00:00:00 UTC,0.0623859694610727
2022-10-02 00:00:00 UTC,0.0617371780897694
2022-10-03 00:00:00 UTC,0.0622780826422491
2022-10-04 00:00:00 UTC,0.0624275568068643
2022-10-05 00:00:00 UTC,0.062476947077221
2022-10-06 00:00:00 UTC,0.0630237434803758
2022-10-07 00:00:00 UTC,0.0641276326035567
2022-10-08 00:00:00 UTC,0.0641924466167228
2022-10-09 00:00:00 UTC,0.063735414508373
2022-10-10 00:00:00 UTC,0.064190887270303
2022-10-11 00:00:00 UTC,0.0647037480584187
2022-10-12 00:00:00 UTC,0.0634909310521007
2022-10-13 00:00:00 UTC,0.0636505682429639
2022-10-14 00:00:00 UTC,0.0624540395093291
2022-10-15 00:00:00 UTC,0.0658112822647034
2022-10-16 00:00:00 UTC,0.0636454683880153
2022-10-17 00:00:00 UTC,0.0634946852246569
2022-10-18 00:00:00 UTC,0.0637190886699667
2022-10-19 00:00:00 UTC,0.0630533561003994
2022-10-20 00:00:00 UTC,0.0632633670739347
2022-10-21 00:00:00 UTC,0.0636009385418365
2022-10-22 00:00:00 UTC,0.0625598632340087
2022-10-23 00:00:00 UTC,0.0625415057977883
2022-10-24 00:00:00 UTC,0.0626729612411223
2022-10-25 00:00:00 UTC,0.0619929316916264
2022-10-26 00:00:00 UTC,0.0626530284987645
2022-10-27 00:00:00 UTC,0.062847345212765
2022-10-28 00:00:00 UTC,0.0632059822352992
2022-10-29 00:00:00 UTC,0.0637695674502711
2022-10-30 00:00:00 UTC,0.0641249162439032
2022-10-31 00:00:00 UTC,0.0633785770844955
2022-11-01 00:00:00 UTC,0.0640833227070718
2022-11-02 00:00:00 UTC,0.0636392220915028
2022-11-03 00:00:00 UTC,0.0627120585570189
2022-11-04 00:00:00 UTC,0.0633582794009826
2022-11-05 00:00:00 UTC,0.0637997776802391
2022-11-06 00:00:00 UTC,0.0637044265507858
2022-11-07 00:00:00 UTC,0.0632308971806146
2022-11-08 00:00:00 UTC,0.0622166689367971
2022-11-09 00:00:00 UTC,0.0587678492382539
2022-11-10 00:00:00 UTC,0.0539675706283339
2022-11-11 00:00:00 UTC,0.0566885910776482
2022-11-12 00:00:00 UTC,0.0541200480216358
2022-11-13 00:00:00 UTC,0.0531079636087545
2022-11-14 00:00:00 UTC,0.0493459563658794
2022-11-15 00:00:00 UTC,0.0486271856415642
2022-11-16 00:00:00 UTC,0.0490175068190058
2022-11-17 00:00:00 UTC,0.0484431110856347
2022-11-18 00:00:00 UTC,0.0484083509030382
2022-11-19 00:00:00 UTC,0.049076396547596
2022-11-20 00:00:00 UTC,0.050519591836726
2022-11-21 00:00:00 UTC,0.0486131975784113
2022-11-22 00:00:00 UTC,0.0502767122497623
2022-11-23 00:00:00 UTC,0.049073835589519
2022-11-24 00:00:00 UTC,0.0494284201497908
2022-11-25 00:00:00 UTC,0.0509252561262609
2022-11-26 00:00:00 UTC,0.0509868012019518
2022-11-27 00:00:00 UTC,0.0507759968101525
2022-11-28 00:00:00 UTC,0.051493932239144
2022-11-29 00:00:00 UTC,0.0513385493932457
2022-11-30 00:00:00 UTC,0.0517338784920518
2022-12-01 00:00:00 UTC,0.0525365786287517
2022-12-02 00:00:00 UTC,0.0515484665177753
2022-12-03 00:00:00 UTC,0.0517199304843503
2022-12-04 00:00:00 UTC,0.0510234739689614
2022-12-05 00:00:00 UTC,0.0505836441629414
2022-12-06 00:00:00 UTC,0.0508976932559279
2022-12-07 00:00:00 UTC,0.0513642783672935
2022-12-08 00:00:00 UTC,0.0505930293300663
2022-12-09 00:00:00 UTC,0.0514780044194482
2022-12-10 00:00:00 UTC,0.0519073413127291
2022-12-11 00:00:00 UTC,0.0520332894174755
2022-12-12 00:00:00 UTC,0.0513843340491855
2022-12-13 00:00:00 UTC,0.0507694806365306
2022-12-14 00:00:00 UTC,0.0512479353286823
2022-12-15 00:00:00 UTC,0.0521269988001096
2022-12-16 00:00:00 UTC,0.0523800189218314
2022-12-17 00:00:00 UTC,0.0500868015247966
2022-12-18 00:00:00 UTC,0.0518613038153389
2022-12-19 00:00:00 UTC,0.0509312722275718
2022-12-20 00:00:00 UTC,0.0505951046926939
2022-12-21 00:00:00 UTC,0.051811965142722
2022-12-22 00:00:00 UTC,0.0518018599865633
2022-12-23 00:00:00 UTC,0.0524564493633985
2022-12-24 00:00:00 UTC,0.0509135377897147
2022-12-25 00:00:00 UTC,0.0513977773559904
2022-12-26 00:00:00 UTC,0.0517225834175563
2022-12-27 00:00:00 UTC,0.0513182205618638
2022-12-28 00:00:00 UTC,0.0509173697117465
2022-12-29 00:00:00 UTC,0.05091785142082
2022-12-30 00:00:00 UTC,0.0507057407097161
2022-12-31 00:00:00 UTC,0.0507608868314506
2023-01-01 00:00:00 UTC,0.0508423874460255
2023-01-02 00:00:00 UTC,0.0508334137452939
2023-01-03 00:00:00 UTC,0.0517104591343154
2023-01-04 00:00:00 UTC,0.0519853965721131
2023-01-05 00:00:00 UTC,0.0516393786837783
2023-01-06 00:00:00 UTC,0.0510143186957854
2023-01-07 00:00:00 UTC,0.0492747074708592
2023-01-08 00:00:00 UTC,0.0488928995212699
2023-01-09 00:00:00 UTC,0.0504489822896149
2023-01-10 00:00:00 UTC,0.050967055401608
2023-01-11 00:00:00 UTC,0.0511149009955349
2023-01-12 00:00:00 UTC,0.0525983135450053
2023-01-13 00:00:00 UTC,0.0526532827296152
2023-01-14 00:00:00 UTC,0.0554541884307847
2023-01-15 00:00:00 UTC,0.0571513438874179
2023-01-16 00:00:00 UTC,0.0576335106809708
2023-01-17 00:00:00 UTC,0.0577029585240283
2023-01-18 00:00:00 UTC,0.0572801229285709
2023-01-19 00:00:00 UTC,0.0548049537226003
2023-01-20 00:00:00 UTC,0.0555529043228339
2023-01-21 00:00:00 UTC,0.0578891160533621
2023-01-22 00:00:00 UTC,0.0568097193178667
2023-01-23 00:00:00 UTC,0.0569542818450231
2023-01-24 00:00:00 UTC,0.0579255303326796
2023-01-25 00:00:00 UTC,0.0553133010664764
2023-01-26 00:00:00 UTC,0.0568355814021365
2023-01-27 00:00:00 UTC,0.0567670604095165
2023-01-28 00:00:00 UTC,0.0583901024942552
2023-01-29 00:00:00 UTC,0.0581236647186152
2023-01-30 00:00:00 UTC,0.0588043300170276
2023-01-31 00:00:00 UTC,0.0574858345112438
2023-02-01 00:00:00 UTC,0.0573494834585032
2023-02-02 00:00:00 UTC,0.0574961375888222
2023-02-03 00:00:00 UTC,0.0586012605196996
2023-02-04 00:00:00 UTC,0.0594051651591057
2023-02-05 00:00:00 UTC,0.0591155484231883
2023-02-06 00:00:00 UTC,0.0594711033285663
2023-02-07 00:00:00 UTC,0.0589895544569396
2023-02-08 00:00:00 UTC,0.0613890638281137
2023-02-09 00:00:00 UTC,0.0624372702294128
2023-02-10 00:00:00 UTC,0.0583105224494347
2023-02-11 00:00:00 UTC,0.0592725730258989
2023-02-12 00:00:00 UTC,0.0598236249134969
2023-02-13 00:00:00 UTC,0.0598584258944367
2023-02-14 00:00:00 UTC,0.061276984731254
2023-02-15 00:00:00 UTC,0.0622700235847201
2023-02-16 00:00:00 UTC,0.06632670021842
2023-02-17 00:00:00 UTC,0.0632635816890988
2023-02-18 00:00:00 UTC,0.0658071330770235
2023-02-19 00:00:00 UTC,0.0654905957069011
2023-02-20 00:00:00 UTC,0.0658671985212784
2023-02-21 00:00:00 UTC,0.0672408711254393
2023-02-22 00:00:00 UTC,0.0652511551937852
2023-02-23 00:00:00 UTC,0.0654068331268951
2023-02-24 00:00:00 UTC,0.065756181180166
2023-02-25 00:00:00 UTC,0.0642064574085294
2023-02-26 00:00:00 UTC,0.0642796380319304
2023-02-27 00:00:00 UTC,0.0659669120154662
2023-02-28 00:00:00 UTC,0.0655002154729418
2023-03-01 00:00:00 UTC,0.0653347142862975
2023-03-02 00:00:00 UTC,0.0655667011933136
2023-03-03 00:00:00 UTC,0.0657816280559851
2023-03-04 00:00:00 UTC,0.0632125371384779
2023-03-05 00:00:00 UTC,0.0628699271068184
2023-03-06 00:00:00 UTC,0.063427344465523
2023-03-07 00:00:00 UTC,0.0631742351216188
2023-03-08 00:00:00 UTC,0.062936528256383
2023-03-09 00:00:00 UTC,0.0619529310516629
2023-03-10 00:00:00 UTC,0.0553445880834527
2023-03-11 00:00:00 UTC,0.0539899923737222
2023-03-12 00:00:00 UTC,0.0554832504495487
2023-03-13 00:00:00 UTC,0.060280721131764
2023-03-14 00:00:00 UTC,0.0626060370100375
2023-03-15 00:00:00 UTC,0.0626207714823164
2023-03-16 00:00:00 UTC,0.0620191757613788
2023-03-17 00:00:00 UTC,0.0619658652904628
2023-03-18 00:00:00 UTC,0.063264840436543
2023-03-19 00:00:00 UTC,0.0615390265073849
2023-03-20 00:00:00 UTC,0.062874206276387
2023-03-21 00:00:00 UTC,0.0612672690779273
2023-03-22 00:00:00 UTC,0.0626868807155812
2023-03-23 00:00:00 UTC,0.0554024611914138
2023-03-24 00:00:00 UTC,0.0605998893865398
2023-03-25 00:00:00 UTC,0.0590446525002696
2023-03-26 00:00:00 UTC,0.0596077872267851
2023-03-27 00:00:00 UTC,0.0597316059531474
2023-03-28 00:00:00 UTC,0.0590240606365136
2023-03-29 00:00:00 UTC,0.0593230338073379
2023-03-30 00:00:00 UTC,0.0594617005160796
2023-03-31 00:00:00 UTC,0.0596390749313896
2023-04-01 00:00:00 UTC,0.0604462573761864
2023-04-02 00:00:00 UTC,0.0612130625284449
2023-04-03 00:00:00 UTC,0.0605121306748625
2023-04-04 00:00:00 UTC,0.0603867554270428
2023-04-05 00:00:00 UTC,0.0600557828981391
2023-04-06 00:00:00 UTC,0.0607017090957709
2023-04-07 00:00:00 UTC,0.0605789165088879
2023-04-08 00:00:00 UTC,0.0601979626728461
2023-04-09 00:00:00 UTC,0.0602420742855912
2023-04-10 00:00:00 UTC,0.0611500700472091
2023-04-11 00:00:00 UTC,0.0619817207152538
2023-04-12 00:00:00 UTC,0.060894927929428
2023-04-13 00:00:00 UTC,0.0592490560074434
2023-04-14 00:00:00 UTC,0.0591803296442377
2023-04-15 00:00:00 UTC,0.0596626994811292
2023-04-16 00:00:00 UTC,0.0595318157262471
2023-04-17 00:00:00 UTC,0.0606087619711264
2023-04-18 00:00:00 UTC,0.0602914346506946
2023-04-19 00:00:00 UTC,0.0608444736784503
2023-04-20 00:00:00 UTC,0.0601478442955323
2023-04-21 00:00:00 UTC,0.0597182704774322
2023-04-22 00:00:00 UTC,0.0585519935286566
2023-04-23 00:00:00 UTC,0.0596905302852499
2023-04-24 00:00:00 UTC,0.0607346739630412
2023-04-25 00:00:00 UTC,0.0598563743442199
2023-04-26 00:00:00 UTC,0.0600999271204994
2023-04-27 00:00:00 UTC,0.0590366172173548
2023-04-28 00:00:00 UTC,0.0597107593306806
2023-04-29 00:00:00 UTC,0.0599888184366738
2023-04-30 00:00:00 UTC,0.0611188704007255
2023-05-01 00:00:00 UTC,0.0612987721921022
2023-05-02 00:00:00 UTC,0.0625096825155121
2023-05-03 00:00:00 UTC,0.0629580008705838
2023-05-04 00:00:00 UTC,0.0625547039435589
2023-05-05 00:00:00 UTC,0.0630722250326815
2023-05-06 00:00:00 UTC,0.0634530131878573
2023-05-07 00:00:00 UTC,0.0628344828534233
2023-05-08 00:00:00 UTC,0.0631001346470713
2023-05-09 00:00:00 UTC,0.0621793879849185
2023-05-10 00:00:00 UTC,0.0630045287374194
2023-05-11 00:00:00 UTC,0.0633329924585973
2023-05-12 00:00:00 UTC,0.0623982684388246
2023-05-13 00:00:00 UTC,0.063338651089252
2023-05-14 00:00:00 UTC,0.0636664491695227
2023-05-15 00:00:00 UTC,0.0640230513467271
2023-05-16 00:00:00 UTC,0.0648131254954643
2023-05-17 00:00:00 UTC,0.0649811645270574
2023-05-18 00:00:00 UTC,0.0654565549807268
2023-05-19 00:00:00 UTC,0.0652894159401954
2023-05-20 00:00:00 UTC,0.0653783588936883
2023-05-21 00:00:00 UTC,0.0672261486264231
2023-05-22 00:00:00 UTC,0.0696095998208422
2023-05-23 00:00:00 UTC,0.0723443628419053
2023-05-24 00:00:00 UTC,0.072945543420138
2023-05-25 00:00:00 UTC,0.0715249252600673
2023-05-26 00:00:00 UTC,0.0716841683605179
2023-05-27 00:00:00 UTC,0.0703292000486519
2023-05-28 00:00:00 UTC,0.0719576655590913
2023-05-29 00:00:00 UTC,0.0722640792416988
2023-05-30 00:00:00 UTC,0.0711199785085334
2023-05-31 00:00:00 UTC,0.0712467234869836
2023-06-01 00:00:00 UTC,0.0704463241490894
2023-06-02 00:00:00 UTC,0.0695333743370895
2023-06-03 00:00:00 UTC,0.0772154139024596
2023-06-04 00:00:00 UTC,0.0764737419168338
2023-06-05 00:00:00 UTC,0.0763779875763365
2023-06-06 00:00:00 UTC,0.0731731303114167
2023-06-07 00:00:00 UTC,0.0731778567457269
2023-06-08 00:00:00 UTC,0.0716871083377047
2023-06-09 00:00:00 UTC,0.0719120257124069
2023-06-10 00:00:00 UTC,0.0670158666496301
2023-06-11 00:00:00 UTC,0.0648828912727174
2023-06-12 00:00:00 UTC,0.0653263056297905
2023-06-13 00:00:00 UTC,0.0660426901368472
2023-06-14 00:00:00 UTC,0.0666839252251283
2023-06-15 00:00:00 UTC,0.0655221692480352
2023-06-16 00:00:00 UTC,0.0648254173278341
2023-06-17 00:00:00 UTC,0.064381903782231
2023-06-18 00:00:00 UTC,0.0653509178498233
2023-06-19 00:00:00 UTC,0.0641504757829173
2023-06-20 00:00:00 UTC,0.0642466403977867
2023-06-21 00:00:00 UTC,0.0645562206949324
2023-06-22 00:00:00 UTC,0.0658886693394176
2023-06-23 00:00:00 UTC,0.0655447685503546
2023-06-24 00:00:00 UTC,0.0669817472088289
2023-06-25 00:00:00 UTC,0.0661279183152046
2023-06-26 00:00:00 UTC,0.0670949286948559
2023-06-27 00:00:00 UTC,0.0676440402690564
2023-06-28 00:00:00 UTC,0.067845979039957
2023-06-29 00:00:00 UTC,0.0675488600308815
2023-06-30 00:00:00 UTC,0.0685353651400617
2023-07-01 00:00:00 UTC,0.0697545055546377
2023-07-02 00:00:00 UTC,0.0707357218712144
2023-07-03 00:00:00 UTC,0.0695959569755346
2023-07-04 00:00:00 UTC,0.0708213494691013
2023-07-05 00:00:00 UTC,0.070805493273976
2023-07-06 00:00:00 UTC,0.0709541288364904
2023-07-07 00:00:00 UTC,0.0709534766270484
2023-07-08 00:00:00 UTC,0.0718508096056191
2023-07-09 00:00:00 UTC,0.0729753285490915
2023-07-10 00:00:00 UTC,0.0706217384402936
2023-07-11 00:00:00 UTC,0.0705266489355844
2023-07-12 00:00:00 UTC,0.0702219720185244
2023-07-13 00:00:00 UTC,0.0699344840959613
2023-07-14 00:00:00 UTC,0.0727283018972761
2023-07-15 00:00:00 UTC,0.0709634945173554
2023-07-16 00:00:00 UTC,0.0719618258415924
2023-07-17 00:00:00 UTC,0.0710759984100288
2023-07-18 00:00:00 UTC,0.0711342118068089
2023-07-19 00:00:00 UTC,0.0710612548119218
2023-07-20 00:00:00 UTC,0.0716773133512232
2023-07-21 00:00:00 UTC,0.072423055497956
2023-07-22 00:00:00 UTC,0.0722686786703467
2023-07-23 00:00:00 UTC,0.0752086482980513
2023-07-24 00:00:00 UTC,0.074897777831398
2023-07-25 00:00:00 UTC,0.0737157790470988
2023-07-26 00:00:00 UTC,0.0741066541710748
2023-07-27 00:00:00 UTC,0.0743918584236368
2023-07-28 00:00:00 UTC,0.0751842859820377
2023-07-29 00:00:00 UTC,0.077231332771839
2023-07-30 00:00:00 UTC,0.075559532147489
2023-07-31 00:00:00 UTC,0.0726353608314178
2023-08-01 00:00:00 UTC,0.0709077646910876
2023-08-02 00:00:00 UTC,0.071358298021048
2023-08-03 00:00:00 UTC,0.0698596176544434
2023-08-04 00:00:00 UTC,0.0704874456296388
2023-08-05 00:00:00 UTC,0.069589388713914
2023-08-06 00:00:00 UTC,0.070244943608385
2023-08-07 00:00:00 UTC,0.0698192397825748
2023-08-08 00:00:00 UTC,0.0697463117623333
2023-08-09 00:00:00 UTC,0.0700903986843243
2023-08-10 00:00:00 UTC,0.0698966219250764
2023-08-11 00:00:00 UTC,0.0703339775465874
2023-08-12 00:00:00 UTC,0.0703958837443347
2023-08-13 00:00:00 UTC,0.0706810246439013
2023-08-14 00:00:00 UTC,0.0704485026593011
2023-08-15 00:00:00 UTC,0.0709693757679792
2023-08-16 00:00:00 UTC,0.0699265922455533
2023-08-17 00:00:00 UTC,0.0687132345171734
2023-08-18 00:00:00 UTC,0.0666226985313546
2023-08-19 00:00:00 UTC,0.0670322040108579
2023-08-20 00:00:00 UTC,0.0680416373465837
2023-08-21 00:00:00 UTC,0.0697116929727084
2023-08-22 00:00:00 UTC,0.0689620119576474
2023-08-23 00:00:00 UTC,0.0696316614943252
2023-08-24 00:00:00 UTC,0.0714867895845611
2023-08-25 00:00:00 UTC,0.0708573381795999
2023-08-26 00:00:00 UTC,0.0714978078922462
2023-08-27 00:00:00 UTC,0.0717281075988175
2023-08-28 00:00:00 UTC,0.0717929346954116
2023-08-29 00:00:00 UTC,0.0705012490359822
2023-08-30 00:00:00 UTC,0.0711444283550426
2023-08-31 00:00:00 UTC,0.0691779443533785
2023-09-01 00:00:00 UTC,0.070708367991741
2023-09-02 00:00:00 UTC,0.0704928090003847
2023-09-03 00:00:00 UTC,0.0713687393790826
2023-09-04 00:00:00 UTC,0.0713706324657867
2023-09-05 00:00:00 UTC,0.0717677935550359
2023-09-06 00:00:00 UTC,0.0721658641322679
2023-09-07 00:00:00 UTC,0.0735612536528157
2023-09-08 00:00:00 UTC,0.0738790221746849
2023-09-09 00:00:00 UTC,0.0739438627368556
2023-09-10 00:00:00 UTC,0.0739072359370886
2023-09-11 00:00:00 UTC,0.0730635560342825
2023-09-12 00:00:00 UTC,0.072108021364728
2023-09-13 00:00:00 UTC,0.0750994642196425
2023-09-14 00:00:00 UTC,0.0756208951549873
2023-09-15 00:00:00 UTC,0.0786646991490444
2023-09-16 00:00:00 UTC,0.0787519257451859
2023-09-17 00:00:00 UTC,0.0782331048676521
2023-09-18 00:00:00 UTC,0.0781189849010583
2023-09-19 00:00:00 UTC,0.0785577060005532
2023-09-20 00:00:00 UTC,0.0791538874076393
2023-09-21 00:00:00 UTC,0.0792719884909168
2023-09-22 00:00:00 UTC,0.0779033398833327
2023-09-23 00:00:00 UTC,0.0781857679875044
2023-09-24 00:00:00 UTC,0.0783990875495055
2023-09-25 00:00:00 UTC,0.0784536841360966
2023-09-26 00:00:00 UTC,0.0799119573805035
2023-09-27 00:00:00 UTC,0.0801454204707423
2023-09-28 00:00:00 UTC,0.0813674565424261
2023-09-29 00:00:00 UTC,0.0821082830484262
2023-09-30 00:00:00 UTC,0.084175691579598
2023-10-01 00:00:00 UTC,0.0837379532265176
2023-10-02 00:00:00 UTC,0.0853491115936744
2023-10-03 00:00:00 UTC,0.0835738644466848
2023-10-04 00:00:00 UTC,0.086723103867551
2023-10-05 00:00:00 UTC,0.0846948354821218
2023-10-06 00:00:00 UTC,0.0836878478256107
2023-10-07 00:00:00 UTC,0.0823757631909308
2023-10-08 00:00:00 UTC,0.0832096985633918
2023-10-09 00:00:00 UTC,0.0833208545761597
2023-10-10 00:00:00 UTC,0.0814227699696046
2023-10-11 00:00:00 UTC,0.0813406423149535
2023-10-12 00:00:00 UTC,0.080941831858864
2023-10-13 00:00:00 UTC,0.0805111378165072
2023-10-14 00:00:00 UTC,0.0812642869896671
2023-10-15 00:00:00 UTC,0.0809156639128306
2023-10-16 00:00:00 UTC,0.0823667617636718
2023-10-17 00:00:00 UTC,0.0842781901260102
2023-10-18 00:00:00 UTC,0.0837940516145025
2023-10-19 00:00:00 UTC,0.0846227096406303
2023-10-20 00:00:00 UTC,0.0850723800564538
2023-10-21 00:00:00 UTC,0.0855800517291704
2023-10-22 00:00:00 UTC,0.0864102282538545
2023-10-23 00:00:00 UTC,0.0854209324810445
2023-10-24 00:00:00 UTC,0.0864460066805562
2023-10-25 00:00:00 UTC,0.0871909698920681
2023-10-26 00:00:00 UTC,0.0884831763511245
2023-10-27 00:00:00 UTC,0.0879095412270286
2023-10-28 00:00:00 UTC,0.0885289029111284
2023-10-29 00:00:00 UTC,0.0892370281434386
2023-10-30 00:00:00 UTC,0.0898307811617544
2023-10-31 00:00:00 UTC,0.090073095634395
2023-11-01 00:00:00 UTC,0.0919135384511435
2023-11-02 00:00:00 UTC,0.0947020806045994
2023-11-03 00:00:00 UTC,0.093519460484177
2023-11-04 00:00:00 UTC,0.0905888193243462
2023-11-05 00:00:00 UTC,0.091018534914559
2023-11-06 00:00:00 UTC,0.0914830163322872
2023-11-07 00:00:00 UTC,0.0911588230695159
2023-11-08 00:00:00 UTC,0.0903284913193527
2023-11-09 00:00:00 UTC,0.0918911350228083
2023-11-10 00:00:00 UTC,0.0928020035618394
2023-11-11 00:00:00 UTC,0.0993378664760784
2023-11-12 00:00:00 UTC,0.101035867756896
2023-11-13 00:00:00 UTC,0.101473288584059
2023-11-14 00:00:00 UTC,0.0999808167478893
2023-11-15 00:00:00 UTC,0.0938570122998779
2023-11-16 00:00:00 UTC,0.0959522065983468
2023-11-17 00:00:00 UTC,0.0943574128490174
2023-11-18 00:00:00 UTC,0.0949089867317084
2023-11-19 00:00:00 UTC,0.0943151864596866
2023-11-20 00:00:00 UTC,0.0947671590012498
2023-11-21 00:00:00 UTC,0.0922179055177857
2023-11-22 00:00:00 UTC,0.0882315817683638
2023-11-23 00:00:00 UTC,0.0929988682621619
2023-11-24 00:00:00 UTC,0.0936433543046177
2023-11-25 00:00:00 UTC,0.0956122416978206
2023-11-26 00:00:00 UTC,0.0993165899836021
2023-11-27 00:00:00 UTC,0.0985731885990077
2023-11-28 00:00:00 UTC,0.0932583244496663
2023-11-29 00:00:00 UTC,0.0935329950592555
2023-11-30 00:00:00 UTC,0.0942575945531579
2023-12-01 00:00:00 UTC,0.094943068214999
2023-12-02 00:00:00 UTC,0.0947327639318364
2023-12-03 00:00:00 UTC,0.0948055549910301
2023-12-04 00:00:00 UTC,0.0946675035103433
2023-12-05 00:00:00 UTC,0.0957797988106154
2023-12-06 00:00:00 UTC,0.0959814940579964
2023-12-07 00:00:00 UTC,0.0973105336424051
2023-12-08 00:00:00 UTC,0.0965089134666321
2023-12-09 00:00:00 UTC,0.0991038120557743
2023-12-10 00:00:00 UTC,0.0989500007296031
2023-12-11 00:00:00 UTC,0.100129581263961
2023-12-12 00:00:00 UTC,0.0963741995019279
2023-12-13 00:00:00 UTC,0.0959238857384361
2023-12-14 00:00:00 UTC,0.095842784460566
2023-12-15 00:00:00 UTC,0.0964635985689724
2023-12-16 00:00:00 UTC,0.092982910000783
2023-12-17 00:00:00 UTC,0.0941936530564028
2023-12-18 00:00:00 UTC,0.0937411044428632
2023-12-19 00:00:00 UTC,0.0924317330844169
2023-12-20 00:00:00 UTC,0.0915729625426365
2023-12-21 00:00:00 UTC,0.0939797983598601
2023-12-22 00:00:00 UTC,0.0949480104312662
2023-12-23 00:00:00 UTC,0.0953262155400537
2023-12-24 00:00:00 UTC,0.0968102460705758
2023-12-25 00:00:00 UTC,0.0964215294410335
2023-12-26 00:00:00 UTC,0.0961296261882045
2023-12-27 00:00:00 UTC,0.0932556439686825
2023-12-28 00:00:00 UTC,0.0947777781044354
2023-12-29 00:00:00 UTC,0.0953153810234577
2023-12-30 00:00:00 UTC,0.0956844954531049
2023-12-31 00:00:00 UTC,0.0959024687314808
2024-01-01 00:00:00 UTC,0.0975119079439341
2024-01-02 00:00:00 UTC,0.0976489326466774
2024-01-03 00:00:00 UTC,0.0991610434943234
2024-01-04 00:00:00 UTC,0.0977482621490128
2024-01-05 00:00:00 UTC,0.0977503208879603
2024-01-06 00:00:00 UTC,0.0953896397689761
2024-01-07 00:00:00 UTC,0.0949835449591576
2024-01-08 00:00:00 UTC,0.0941037578911233
2024-01-09 00:00:00 UTC,0.0952707506370859
2024-01-10 00:00:00 UTC,0.0939353810520409
2024-01-11 00:00:00 UTC,0.0960272965246554
2024-01-12 00:00:00 UTC,0.096579367195576
2024-01-13 00:00:00 UTC,0.0975682031127904
2024-01-14 00:00:00 UTC,0.104071703732483
2024-01-15 00:00:00 UTC,0.101713307739083
2024-01-16 00:00:00 UTC,0.0994040906385149
2024-01-17 00:00:00 UTC,0.0994020344016402
2024-01-18 00:00:00 UTC,0.099519792288448
2024-01-19 00:00:00 UTC,0.0992729772665722
2024-01-20 00:00:00 UTC,0.101312547466535
2024-01-21 00:00:00 UTC,0.100612589011848
2024-01-22 00:00:00 UTC,0.0999847606284012
2024-01-23 00:00:00 UTC,0.100137790187858
2024-01-24 00:00:00 UTC,0.0987626862737336
2024-01-25 00:00:00 UTC,0.0998799052391546
2024-01-26 00:00:00 UTC,0.103352636955931
2024-01-27 00:00:00 UTC,0.105336819208085
2024-01-28 00:00:00 UTC,0.103524325108822
2024-01-29 00:00:00 UTC,0.103472678201018
2024-01-30 00:00:00 UTC,0.104341012956472
2024-01-31 00:00:00 UTC,0.103438986665379
2024-02-01 00:00:00 UTC,0.103783866503597
2024-02-02 00:00:00 UTC,0.106137468404566
2024-02-03 00:00:00 UTC,0.10765400024266
2024-02-04 00:00:00 UTC,0.108536870127904
2024-02-05 00:00:00 UTC,0.109769138503731
2024-02-06 00:00:00 UTC,0.110668175034396
2024-02-07 00:00:00 UTC,0.112375982509219
2024-02-08 00:00:00 UTC,0.114492438536519
2024-02-09 00:00:00 UTC,0.113127604860034
2024-02-10 00:00:00 UTC,0.11471740310631
2024-02-11 00:00:00 UTC,0.115299289903941
2024-02-12 00:00:00 UTC,0.11505667419962
2024-02-13 00:00:00 UTC,0.116176841066454
2024-02-14 00:00:00 UTC,0.11867500573153
2024-02-15 00:00:00 UTC,0.120732087743842
2024-02-16 00:00:00 UTC,0.121728370509287
2024-02-17 00:00:00 UTC,0.123330227924136
2024-02-18 00:00:00 UTC,0.126115183380901
2024-02-19 00:00:00 UTC,0.12542155233481
2024-02-20 00:00:00 UTC,0.126577046845167
2024-02-21 00:00:00 UTC,0.128837238832076
2024-02-22 00:00:00 UTC,0.129315993033264
2024-02-23 00:00:00 UTC,0.128465815762052
2024-02-24 00:00:00 UTC,0.127564996441084
2024-02-25 00:00:00 UTC,0.126846985722877
2024-02-26 00:00:00 UTC,0.127161199433694
2024-02-27 00:00:00 UTC,0.128867524850326
2024-02-28 00:00:00 UTC,0.131754663037769
2024-02-29 00:00:00 UTC,0.131290601069678
2024-03-01 00:00:00 UTC,0.130017463514349
2024-03-02 00:00:00 UTC,0.130490694441866
2024-03-03 00:00:00 UTC,0.130283560092462
2024-03-04 00:00:00 UTC,0.129789485904198
2024-03-05 00:00:00 UTC,0.129485338604013
2024-03-06 00:00:00 UTC,0.125595056072348
2024-03-07 00:00:00 UTC,0.126490994511393
2024-03-08 00:00:00 UTC,0.125218158216247
2024-03-09 00:00:00 UTC,0.125193438937147
2024-03-10 00:00:00 UTC,0.124349494604706
2024-03-11 00:00:00 UTC,0.122412969267828
2024-03-12 00:00:00 UTC,0.122312804334432
2024-03-13 00:00:00 UTC,0.120242583128975
2024-03-14 00:00:00 UTC,0.120510496696157
2024-03-15 00:00:00 UTC,0.118436789959044
2024-03-16 00:00:00 UTC,0.115938014001634
2024-03-17 00:00:00 UTC,0.114675037320916
2024-03-18 00:00:00 UTC,0.116314945014373
2024-03-19 00:00:00 UTC,0.114036952266612
2024-03-20 00:00:00 UTC,0.103516389799466
2024-03-21 00:00:00 UTC,0.110523234689926
2024-03-22 00:00:00 UTC,0.111446511134688
2024-03-23 00:00:00 UTC,0.107930401736911
2024-03-24 00:00:00 UTC,0.109153496004032
2024-03-25 00:00:00 UTC,0.111196829096209
2024-03-26 00:00:00 UTC,0.111119777425786
2024-03-27 00:00:00 UTC,0.111568526625631
2024-03-28 00:00:00 UTC,0.110668618593333
2024-03-29 00:00:00 UTC,0.111515519105004
2024-03-30 00:00:00 UTC,0.111136198410562
2024-03-31 00:00:00 UTC,0.113444243561149
2024-04-01 00:00:00 UTC,0.11387489920654
2024-04-02 00:00:00 UTC,0.112339693936814
2024-04-03 00:00:00 UTC,0.108345916280409
2024-04-04 00:00:00 UTC,0.108204822864816
2024-04-05 00:00:00 UTC,0.109998758601149
2024-04-06 00:00:00 UTC,0.108732482845159
2024-04-07 00:00:00 UTC,0.110215767198312
2024-04-08 00:00:00 UTC,0.11128228261758
2024-04-09 00:00:00 UTC,0.113187106463185
2024-04-10 00:00:00 UTC,0.111471979332956
2024-04-11 00:00:00 UTC,0.110918663259172
2024-04-12 00:00:00 UTC,0.112218147545578
2024-04-13 00:00:00 UTC,0.107886522641959
2024-04-14 00:00:00 UTC,0.103465010466514
2024-04-15 00:00:00 UTC,0.105741824118478
2024-04-16 00:00:00 UTC,0.105038826305102
2024-04-17 00:00:00 UTC,0.105293692647031
2024-04-18 00:00:00 UTC,0.102844819933305
2024-04-19 00:00:00 UTC,0.102669607032802
2024-04-20 00:00:00 UTC,0.10324496912112
2024-04-21 00:00:00 UTC,0.104151775843539
2024-04-22 00:00:00 UTC,0.104359126076231
2024-04-23 00:00:00 UTC,0.105389644707408
2024-04-24 00:00:00 UTC,0.105921170331746
2024-04-25 00:00:00 UTC,0.105834864018672
2024-04-26 00:00:00 UTC,0.109270845406365
2024-04-27 00:00:00 UTC,0.11224760796897
2024-04-28 00:00:00 UTC,0.112049855842184
2024-04-29 00:00:00 UTC,0.113362462839409
2024-04-30 00:00:00 UTC,0.111030048475352
2024-05-01 00:00:00 UTC,0.111887450339918
2024-05-02 00:00:00 UTC,0.112128570033798
2024-05-03 00:00:00 UTC,0.113938734837347
2024-05-04 00:00:00 UTC,0.113991708831723
2024-05-05 00:00:00 UTC,0.113581467241634
2024-05-06 00:00:00 UTC,0.112538421526913
2024-05-07 00:00:00 UTC,0.110124264269041
2024-05-08 00:00:00 UTC,0.112150671192019
2024-05-09 00:00:00 UTC,0.114347956692289
2024-05-10 00:00:00 UTC,0.117124282037029
2024-05-11 00:00:00 UTC,0.118189934040341
2024-05-12 00:00:00 UTC,0.117221632767976
2024-05-13 00:00:00 UTC,0.118229644434163
2024-05-14 00:00:00 UTC,0.116449933401394
2024-05-15 00:00:00 UTC,0.115931444929444
2024-05-16 00:00:00 UTC,0.115991025991342
2024-05-17 00:00:00 UTC,0.115101883184822
2024-05-18 00:00:00 UTC,0.114458013783681
2024-05-19 00:00:00 UTC,0.113037474117747
2024-05-20 00:00:00 UTC,0.111415050861422
2024-05-21 00:00:00 UTC,0.114580514441672
2024-05-22 00:00:00 UTC,0.113904186654587
2024-05-23 00:00:00 UTC,0.110979111350665
2024-05-24 00:00:00 UTC,0.106529358785317
2024-05-25 00:00:00 UTC,0.106329962380784
2024-05-26 00:00:00 UTC,0.104842736802519
2024-05-27 00:00:00 UTC,0.104285755081301
2024-05-28 00:00:00 UTC,0.10356747258352
2024-05-29 00:00:00 UTC,0.102421613267828
2024-05-30 00:00:00 UTC,0.10364227317097
2024-05-31 00:00:00 UTC,0.103422338118818
2024-06-01 00:00:00 UTC,0.103215608952293
2024-06-02 00:00:00 UTC,0.103608307960923
2024-06-03 00:00:00 UTC,0.105696264474681
2024-06-04 00:00:00 UTC,0.103982074371074
2024-06-05 00:00:00 UTC,0.105218254910679
2024-06-06 00:00:00 UTC,0.105476285934209
2024-06-07 00:00:00 UTC,0.105317615274394
2024-06-08 00:00:00 UTC,0.104285082808788
2024-06-09 00:00:00 UTC,0.106181119335039
2024-06-10 00:00:00 UTC,0.108435924674155
2024-06-11 00:00:00 UTC,0.109249542872283
2024-06-12 00:00:00 UTC,0.108425698535873
2024-06-13 00:00:00 UTC,0.107646863996925
2024-06-14 00:00:00 UTC,0.108761821796903
2024-06-15 00:00:00 UTC,0.108543007338574
2024-06-16 00:00:00 UTC,0.107490901177436
2024-06-17 00:00:00 UTC,0.109468563125809
2024-06-18 00:00:00 UTC,0.108705279896513
2024-06-19 00:00:00 UTC,0.10745406331737
2024-06-20 00:00:00 UTC,0.107760687247671
2024-06-21 00:00:00 UTC,0.108957642011858
2024-06-22 00:00:00 UTC,0.110639206648923
2024-06-23 00:00:00 UTC,0.111848623392327
2024-06-24 00:00:00 UTC,0.11145724655139
2024-06-25 00:00:00 UTC,0.111007900737343
2024-06-26 00:00:00 UTC,0.113802589844075
2024-06-27 00:00:00 UTC,0.114666905464915
2024-06-28 00:00:00 UTC,0.113788052622998
2024-06-29 00:00:00 UTC,0.11471448917924
2024-06-30 00:00:00 UTC,0.116878215908708
2024-07-01 00:00:00 UTC,0.116053874639367
2024-07-02 00:00:00 UTC,0.118945905830328
2024-07-03 00:00:00 UTC,0.120087696606861
2024-07-04 00:00:00 UTC,0.119092383473533
2024-07-05 00:00:00 UTC,0.117863700145293
2024-07-06 00:00:00 UTC,0.117053621296909
2024-07-07 00:00:00 UTC,0.119855167359322
2024-07-08 00:00:00 UTC,0.11506195260513
2024-07-09 00:00:00 UTC,0.11643574711417
2024-07-10 00:00:00 UTC,0.120045390752668
2024-07-11 00:00:00 UTC,0.121322492162835
2024-07-12 00:00:00 UTC,0.123632446135122
2024-07-13 00:00:00 UTC,0.125653316392258
2024-07-14 00:00:00 UTC,0.127506943217374
2024-07-15 00:00:00 UTC,0.126470484799571
2024-07-16 00:00:00 UTC,0.126152134704091
2024-07-17 00:00:00 UTC,0.122954837800826
2024-07-18 00:00:00 UTC,0.122012560019347
2024-07-19 00:00:00 UTC,0.123125501562176
2024-07-20 00:00:00 UTC,0.123629442686842
2024-07-21 00:00:00 UTC,0.123699252743073
2024-07-22 00:00:00 UTC,0.123281933631705
2024-07-23 00:00:00 UTC,0.121567309168208
2024-07-24 00:00:00 UTC,0.123539795231485
2024-07-25 00:00:00 UTC,0.123972052840914
2024-07-26 00:00:00 UTC,0.124825643496167
2024-07-27 00:00:00 UTC,0.126521208870987
2024-07-28 00:00:00 UTC,0.126283817621753
2024-07-29 00:00:00 UTC,0.127792808000176
2024-07-30 00:00:00 UTC,0.127037221409624
2024-07-31 00:00:00 UTC,0.122884173080654
2024-08-01 00:00:00 UTC,0.119014709757883
2024-08-02 00:00:00 UTC,0.118891592054464
2024-08-03 00:00:00 UTC,0.113001195285338
2024-08-04 00:00:00 UTC,0.114761650047227
2024-08-05 00:00:00 UTC,0.115589693933799
2024-08-06 00:00:00 UTC,0.111065739414493
2024-08-07 00:00:00 UTC,0.112880644314268
2024-08-08 00:00:00 UTC,0.114094467009929
2024-08-09 00:00:00 UTC,0.116419449684175
2024-08-10 00:00:00 UTC,0.117590664295241
2024-08-11 00:00:00 UTC,0.118162051481156
2024-08-12 00:00:00 UTC,0.11703171615031
2024-08-13 00:00:00 UTC,0.115819326911571
2024-08-14 00:00:00 UTC,0.117200235219076
2024-08-15 00:00:00 UTC,0.118524542358038
2024-08-16 00:00:00 UTC,0.11861377020844
2024-08-17 00:00:00 UTC,0.121539694621884
2024-08-18 00:00:00 UTC,0.122250427683008
2024-08-19 00:00:00 UTC,0.122384132673304
2024-08-20 00:00:00 UTC,0.129123911760364
2024-08-21 00:00:00 UTC,0.144262905829734
2024-08-22 00:00:00 UTC,0.138066081406718
2024-08-23 00:00:00 UTC,0.13991902520842
2024-08-24 00:00:00 UTC,0.141417217062208
2024-08-25 00:00:00 UTC,0.142073178373068
2024-08-26 00:00:00 UTC,0.148752172864258
2024-08-27 00:00:00 UTC,0.144729893220829
2024-08-28 00:00:00 UTC,0.141170690446366
2024-08-29 00:00:00 UTC,0.142055430935512
2024-08-30 00:00:00 UTC,0.144316429453331
2024-08-31 00:00:00 UTC,0.144582206452436
2024-09-01 00:00:00 UTC,0.142487135982631
2024-09-02 00:00:00 UTC,0.140927243608053
2024-09-03 00:00:00 UTC,0.139244011056628
2024-09-04 00:00:00 UTC,0.136005275699436
2024-09-05 00:00:00 UTC,0.135399929539591
2024-09-06 00:00:00 UTC,0.134766802464661
2024-09-07 00:00:00 UTC,0.133369709275475
2024-09-08 00:00:00 UTC,0.136670387582785
2024-09-09 00:00:00 UTC,0.137948631424968
2024-09-10 00:00:00 UTC,0.139905731045548
2024-09-11 00:00:00 UTC,0.138911042832646
2024-09-12 00:00:00 UTC,0.13920006638836
2024-09-13 00:00:00 UTC,0.137188615272004
2024-09-14 00:00:00 UTC,0.134429389929871
2024-09-15 00:00:00 UTC,0.13308591716949
2024-09-16 00:00:00 UTC,0.134378924802179
2024-09-17 00:00:00 UTC,0.133622379558617
2024-09-18 00:00:00 UTC,0.134869387337173
2024-09-19 00:00:00 UTC,0.134715033838476
2024-09-20 00:00:00 UTC,0.13564457764378
2024-09-21 00:00:00 UTC,0.136063071305043
2024-09-22 00:00:00 UTC,0.136159373209972
2024-09-23 00:00:00 UTC,0.136074722683152
2024-09-24 00:00:00 UTC,0.137072055940744
2024-09-25 00:00:00 UTC,0.135187484177139
2024-09-26 00:00:00 UTC,0.134863307356033
2024-09-27 00:00:00 UTC,0.136997265124901
2024-09-28 00:00:00 UTC,0.138911039046938
2024-09-29 00:00:00 UTC,0.138902250945817
2024-09-30 00:00:00 UTC,0.140065358207844
2024-10-01 00:00:00 UTC,0.140018189295188
2024-10-02 00:00:00 UTC,0.138788233812716
2024-10-03 00:00:00 UTC,0.139786634035234
2024-10-04 00:00:00 UTC,0.142641388455849
2024-10-05 00:00:00 UTC,0.142678836636599
2024-10-06 00:00:00 UTC,0.13987704031651
2024-10-07 00:00:00 UTC,0.140590441080215
2024-10-08 00:00:00 UTC,0.14189743147104
2024-10-09 00:00:00 UTC,0.145511197680577
2024-10-10 00:00:00 UTC,0.146603681743471
2024-10-11 00:00:00 UTC,0.145108596059968
2024-10-12 00:00:00 UTC,0.145976512038693
2024-10-13 00:00:00 UTC,0.148518857384192
2024-10-14 00:00:00 UTC,0.148664704973686
2024-10-15 00:00:00 UTC,0.14707633875453
2024-10-16 00:00:00 UTC,0.14581997141712
2024-10-17 00:00:00 UTC,0.147342531120123
2024-10-18 00:00:00 UTC,0.147007544515872
2024-10-19 00:00:00 UTC,0.145825302610758
2024-10-20 00:00:00 UTC,0.144617626831343
2024-10-21 00:00:00 UTC,0.144135494045424
2024-10-22 00:00:00 UTC,0.146252247034224
2024-10-23 00:00:00 UTC,0.148254237830401
2024-10-24 00:00:00 UTC,0.148584078508388
2024-10-25 00:00:00 UTC,0.152060336618426
2024-10-26 00:00:00 UTC,0.150379860903359
2024-10-27 00:00:00 UTC,0.15274483468452
2024-10-28 00:00:00 UTC,0.151785752189506
2024-10-29 00:00:00 UTC,0.151675536031485
2024-10-30 00:00:00 UTC,0.153749657221684
2024-10-31 00:00:00 UTC,0.155775943006013
2024-11-01 00:00:00 UTC,0.154397594286626
2024-11-02 00:00:00 UTC,0.154003665105645
2024-11-03 00:00:00 UTC,0.152708967362477
2024-11-04 00:00:00 UTC,0.151909470546373
2024-11-05 00:00:00 UTC,0.14980691524128
2024-11-06 00:00:00 UTC,0.146360170427434
2024-11-07 00:00:00 UTC,0.151351884547512
2024-11-08 00:00:00 UTC,0.148471732185703
2024-11-09 00:00:00 UTC,0.150216312802006
2024-11-10 00:00:00 UTC,0.150928642517652
2024-11-11 00:00:00 UTC,0.15305798412559
2024-11-12 00:00:00 UTC,0.157362734723485
2024-11-13 00:00:00 UTC,0.177840176501799
2024-11-14 00:00:00 UTC,0.167658123713556
2024-11-15 00:00:00 UTC,0.167823870269903
2024-11-16 00:00:00 UTC,0.179865943565412
2024-11-17 00:00:00 UTC,0.189817967291744
2024-11-18 00:00:00 UTC,0.189515909600859
2024-11-19 00:00:00 UTC,0.190623775317212
2024-11-20 00:00:00 UTC,0.188413074967427
2024-11-21 00:00:00 UTC,0.185143092242812
2024-11-22 00:00:00 UTC,0.189659472830838
2024-11-23 00:00:00 UTC,0.196417734313294
2024-11-24 00:00:00 UTC,0.203385450896366
2024-11-25 00:00:00 UTC,0.199726856050897
2024-11-26 00:00:00 UTC,0.187428297540575
2024-11-27 00:00:00 UTC,0.184913062680383
2024-11-28 00:00:00 UTC,0.190551176595847
2024-11-29 00:00:00 UTC,0.192439355594095
2024-11-30 00:00:00 UTC,0.193361337390797
2024-12-01 00:00:00 UTC,0.194064218183227
2024-12-02 00:00:00 UTC,0.196467597796924
2024-12-03 00:00:00 UTC,0.209529655987818
2024-12-04 00:00:00 UTC,0.395434565309188
2024-12-05 00:00:00 UTC,0.312724761190067
2024-12-06 00:00:00 UTC,0.304924351940055
2024-12-07 00:00:00 UTC,0.307498439858724
2024-12-08 00:00:00 UTC,0.302346678992759
2024-12-09 00:00:00 UTC,0.302868878067786
2024-12-10 00:00:00 UTC,0.248165167678158
2024-12-11 00:00:00 UTC,0.256192128087247
2024-12-12 00:00:00 UTC,0.268538250230238
2024-12-13 00:00:00 UTC,0.283292028597058
2024-12-14 00:00:00 UTC,0.276495516198846
2024-12-15 00:00:00 UTC,0.268644461987898
2024-12-16 00:00:00 UTC,0.272015757944136
2024-12-17 00:00:00 UTC,0.282304136621181
2024-12-18 00:00:00 UTC,0.265775416208101
2024-12-19 00:00:00 UTC,0.249262665048322
2024-12-20 00:00:00 UTC,0.243145489079547
2024-12-21 00:00:00 UTC,0.238252933925289
2024-12-22 00:00:00 UTC,0.234655783695893
2024-12-23 00:00:00 UTC,0.233599714342826
2024-12-24 00:00:00 UTC,0.242254459295461
2024-12-25 00:00:00 UTC,0.246824472022071
2024-12-26 00:00:00 UTC,0.247945242715608
2024-12-27 00:00:00 UTC,0.242970482169265
2024-12-28 00:00:00 UTC,0.24833660762049
2024-12-29 00:00:00 UTC,0.247357654051901
2024-12-30 00:00:00 UTC,0.246745684499823
2024-12-31 00:00:00 UTC,0.243113006833701
2025-01-01 00:00:00 UTC,0.245788687421368
2025-01-02 00:00:00 UTC,0.246483646145329
2025-01-03 00:00:00 UTC,0.258168814318445
2025-01-04 00:00:00 UTC,0.261613847445818
2025-01-05 00:00:00 UTC,0.261827912637785
2025-01-06 00:00:00 UTC,0.25483613675591
2025-01-07 00:00:00 UTC,0.258736778033219
2025-01-08 00:00:00 UTC,0.244420397511363
2025-01-09 00:00:00 UTC,0.242655355504134
2025-01-10 00:00:00 UTC,0.233386946448105
2025-01-11 00:00:00 UTC,0.238368186942536
2025-01-12 00:00:00 UTC,0.235024676426597
2025-01-13 00:00:00 UTC,0.227665447039543
2025-01-14 00:00:00 UTC,0.217017602936325
2025-01-15 00:00:00 UTC,0.214360109191179
2025-01-16 00:00:00 UTC,0.231391919019661
2025-01-17 00:00:00 UTC,0.230189225599502
2025-01-18 00:00:00 UTC,0.241721468045006
2025-01-19 00:00:00 UTC,0.23568706763959
2025-01-20 00:00:00 UTC,0.222560858464097
2025-01-21 00:00:00 UTC,0.22786135803294
2025-01-22 00:00:00 UTC,0.235487793456386
2025-01-23 00:00:00 UTC,0.243344545734241
2025-01-24 00:00:00 UTC,0.242540763917272
2025-01-25 00:00:00 UTC,0.242210837724462
2025-01-26 00:00:00 UTC,0.241296960541221
2025-01-27 00:00:00 UTC,0.234735186112869
2025-01-28 00:00:00 UTC,0.236055917348136
2025-01-29 00:00:00 UTC,0.230169239222705
2025-01-30 00:00:00 UTC,0.230302954465811
2025-01-31 00:00:00 UTC,0.242546597295673
2025-02-01 00:00:00 UTC,0.244919453971819
2025-02-02 00:00:00 UTC,0.236123710205355
2025-02-03 00:00:00 UTC,0.219517718069567
2025-02-04 00:00:00 UTC,0.221524395139454
2025-02-05 00:00:00 UTC,0.216772093182651
2025-02-06 00:00:00 UTC,0.214107222965218
2025-02-07 00:00:00 UTC,0.223089909344231
2025-02-08 00:00:00 UTC,0.222717456930411
2025-02-09 00:00:00 UTC,0.224521209956921
2025-02-10 00:00:00 UTC,0.226538395198864
2025-02-11 00:00:00 UTC,0.239166131400325
2025-02-12 00:00:00 UTC,0.232563556333595
2025-02-13 00:00:00 UTC,0.234306524556458
2025-02-14 00:00:00 UTC,0.223794934401198
2025-02-15 00:00:00 UTC,0.220496066322587
2025-02-16 00:00:00 UTC,0.226245327794818
2025-02-17 00:00:00 UTC,0.231488509935579
2025-02-18 00:00:00 UTC,0.227588448092654
2025-02-19 00:00:00 UTC,0.228919598677905
2025-02-20 00:00:00 UTC,0.232460676641079
2025-02-21 00:00:00 UTC,0.234728583413379
2025-02-22 00:00:00 UTC,0.227055810476157
2025-02-23 00:00:00 UTC,0.227096138942718
2025-02-24 00:00:00 UTC,0.234948003934742
2025-02-25 00:00:00 UTC,0.228864857869412
2025-02-26 00:00:00 UTC,0.219561192435938
2025-02-27 00:00:00 UTC,0.216225460986091
2025-02-28 00:00:00 UTC,0.219420466904255
2025-03-01 00:00:00 UTC,0.224740544230292
2025-03-02 00:00:00 UTC,0.225423260569401
2025-03-03 00:00:00 UTC,0.234040547552951
2025-03-04 00:00:00 UTC,0.219952171356173
2025-03-05 00:00:00 UTC,0.227927757246823
2025-03-06 00:00:00 UTC,0.225525170997748
2025-03-07 00:00:00 UTC,0.222332587736423
2025-03-08 00:00:00 UTC,0.225158938058712
2025-03-09 00:00:00 UTC,0.225176304385027
2025-03-10 00:00:00 UTC,0.213871414787972
2025-03-11 00:00:00 UTC,0.211465256697611
2025-03-12 00:00:00 UTC,0.205807470344121
2025-03-13 00:00:00 UTC,0.20508228770381
2025-03-14 00:00:00 UTC,0.20743257789571
2025-03-15 00:00:00 UTC,0.203580865606094
2025-03-16 00:00:00 UTC,0.203152170886147
2025-03-17 00:00:00 UTC,0.194930563036897
2025-03-18 00:00:00 UTC,0.202038870203057
2025-03-19 00:00:00 UTC,0.216507594511702
2025-03-20 00:00:00 UTC,0.211903016837549
2025-03-21 00:00:00 UTC,0.216207736905599
2025-03-22 00:00:00 UTC,0.214567197356009
2025-03-23 00:00:00 UTC,0.218134152590102
2025-03-24 00:00:00 UTC,0.212192239867185
2025-03-25 00:00:00 UTC,0.211132575498879
2025-03-26 00:00:00 UTC,0.210747699534193
2025-03-27 00:00:00 UTC,0.215422675635175
2025-03-28 00:00:00 UTC,0.217504082517027
2025-03-29 00:00:00 UTC,0.213752812674544
2025-03-30 00:00:00 UTC,0.213720107261057
2025-03-31 00:00:00 UTC,0.213694684560667
2025-04-01 00:00:00 UTC,0.220822208388129
2025-04-02 00:00:00 UTC,0.220111998720926
2025-04-03 00:00:00 UTC,0.214235171205752
2025-04-04 00:00:00 UTC,0.215224971264016
2025-04-05 00:00:00 UTC,0.218188430039998
2025-04-06 00:00:00 UTC,0.217233248123432
2025-04-07 00:00:00 UTC,0.208887069846183
2025-04-08 00:00:00 UTC,0.208892008094458
2025-04-09 00:00:00 UTC,0.209719812668672
2025-04-10 00:00:00 UTC,0.217911896012118
2025-04-11 00:00:00 UTC,0.210255532969418
2025-04-12 00:00:00 UTC,0.214378850116284
2025-04-13 00:00:00 UTC,0.216850946491537
2025-04-14 00:00:00 UTC,0.224156996624139
2025-04-15 00:00:00 UTC,0.222123922748129
2025-04-16 00:00:00 UTC,0.221725154052125
2025-04-17 00:00:00 UTC,0.217391819753062
2025-04-18 00:00:00 UTC,0.217946462641096
2025-04-19 00:00:00 UTC,0.210859331820648
2025-04-20 00:00:00 UTC,0.214673159102867
2025-04-21 00:00:00 UTC,0.213311183844146
2025-04-22 00:00:00 UTC,0.213964155079202
2025-04-23 00:00:00 UTC,0.2185290405301
2025-04-24 00:00:00 UTC,0.217275981630944
2025-04-25 00:00:00 UTC,0.215939587169184
2025-04-26 00:00:00 UTC,0.212121838476103
2025-04-27 00:00:00 UTC,0.221045681283577
2025-04-28 00:00:00 UTC,0.216349789961383
2025-04-29 00:00:00 UTC,0.217603248067082
2025-04-30 00:00:00 UTC,0.213961003603997
2025-05-01 00:00:00 UTC,0.21795266462824
2025-05-02 00:00:00 UTC,0.216627238464391
2025-05-03 00:00:00 UTC,0.21943910802989
2025-05-04 00:00:00 UTC,0.217304462267275
2025-05-05 00:00:00 UTC,0.217938947863429
2025-05-06 00:00:00 UTC,0.219471185613668
2025-05-07 00:00:00 UTC,0.216786856799838
2025-05-08 00:00:00 UTC,0.22006644191795
2025-05-09 00:00:00 UTC,0.228936870509035
2025-05-10 00:00:00 UTC,0.231139400901567
2025-05-11 00:00:00 UTC,0.236376823031219
2025-05-12 00:00:00 UTC,0.235920851077996
2025-05-13 00:00:00 UTC,0.244975968099634
2025-05-14 00:00:00 UTC,0.242228055807679
2025-05-15 00:00:00 UTC,0.245851234559173
2025-05-16 00:00:00 UTC,0.243927834021786
2025-05-17 00:00:00 UTC,0.243977958597429
2025-05-18 00:00:00 UTC,0.241521013892447
2025-05-19 00:00:00 UTC,0.238587637634682
2025-05-20 00:00:00 UTC,0.237360049970957
2025-05-21 00:00:00 UTC,0.238237262947391
2025-05-22 00:00:00 UTC,0.23707734795713
2025-05-23 00:00:00 UTC,0.243697352537061
2025-05-24 00:00:00 UTC,0.236136435172081
2025-05-25 00:00:00 UTC,0.237841445629577
2025-05-26 00:00:00 UTC,0.238811917338325
2025-05-27 00:00:00 UTC,0.240730505362289
2025-05-28 00:00:00 UTC,0.244779090358823
2025-05-29 00:00:00 UTC,0.243441188956811
2025-05-30 00:00:00 UTC,0.240930246207132
2025-05-31 00:00:00 UTC,0.23562528701275
2025-06-01 00:00:00 UTC,0.234194340668495
2025-06-02 00:00:00 UTC,0.238840991191178
2025-06-03 00:00:00 UTC,0.234776021577489
2025-06-04 00:00:00 UTC,0.237592977850266
2025-06-05 00:00:00 UTC,0.24030122943905
2025-06-06 00:00:00 UTC,0.246128231491576
2025-06-07 00:00:00 UTC,0.243376302080135
2025-06-08 00:00:00 UTC,0.251586067006953
2025-06-09 00:00:00 UTC,0.247087962260309
2025-06-10 00:00:00 UTC,0.251417589866775
2025-06-11 00:00:00 UTC,0.255080820130652
2025-06-12 00:00:00 UTC,0.242713520836027
2025-06-13 00:00:00 UTC,0.234591712211602
2025-06-14 00:00:00 UTC,0.233676468301239
2025-06-15 00:00:00 UTC,0.234780267790753
2025-06-16 00:00:00 UTC,0.237180193354923
2025-06-17 00:00:00 UTC,0.23820813638104
2025-06-18 00:00:00 UTC,0.236705918207274
2025-06-19 00:00:00 UTC,0.237976041074585
2025-06-20 00:00:00 UTC,0.238635391195729
2025-06-21 00:00:00 UTC,0.236438158787273
2025-06-22 00:00:00 UTC,0.234534739234842
2025-06-23 00:00:00 UTC,0.229208204685071
2025-06-24 00:00:00 UTC,0.23522643091837
2025-06-25 00:00:00 UTC,0.235865001308469
2025-06-26 00:00:00 UTC,0.233877375440942
2025-06-27 00:00:00 UTC,0.231730175180667
2025-06-28 00:00:00 UTC,0.233299007399302
2025-06-29 00:00:00 UTC,0.234294247137055
2025-06-30 00:00:00 UTC,0.235991161413449
2025-07-01 00:00:00 UTC,0.237523704059339
2025-07-02 00:00:00 UTC,0.236149680517192
2025-07-03 00:00:00 UTC,0.241313845772947
2025-07-04 00:00:00 UTC,0.243849412218423
2025-07-05 00:00:00 UTC,0.239795184309463
2025-07-06 00:00:00 UTC,0.240428884361523
2025-07-07 00:00:00 UTC,0.24387770209507
2025-07-08 00:00:00 UTC,0.244246008033789
2025-07-09 00:00:00 UTC,0.245255383568337
2025-07-10 00:00:00 UTC,0.247179252149385
2025-07-11 00:00:00 UTC,0.250918411204366
2025-07-12 00:00:00 UTC,0.257489444435465
2025-07-13 00:00:00 UTC,0.258716228666536
2025-07-14 00:00:00 UTC,0.259476416966289
2025-07-15 00:00:00 UTC,0.259313621388743
2025-07-16 00:00:00 UTC,0.258836636835852
2025-07-17 00:00:00 UTC,0.265743709002015
2025-07-18 00:00:00 UTC,0.272045839499196
2025-07-19 00:00:00 UTC,0.280138080976766
2025-07-20 00:00:00 UTC,0.273359893667709
2025-07-21 00:00:00 UTC,0.270145109643056
2025-07-22 00:00:00 UTC,0.26889121634403
2025-07-23 00:00:00 UTC,0.26915804461568
2025-07-24 00:00:00 UTC,0.263052471500392
2025-07-25 00:00:00 UTC,0.267210182458323
2025-07-26 00:00:00 UTC,0.269677940942827
2025-07-27 00:00:00 UTC,0.27245252674384
2025-07-28 00:00:00 UTC,0.272211008518246
2025-07-29 00:00:00 UTC,0.277772232146749
2025-07-30 00:00:00 UTC,0.292612890564816
2025-07-31 00:00:00 UTC,0.286607190482018
2025-08-01 00:00:00 UTC,0.284229885850638
2025-08-02 00:00:00 UTC,0.279055077202938
2025-08-03 00:00:00 UTC,0.2777503558502
2025-08-04 00:00:00 UTC,0.282679866134603
2025-08-05 00:00:00 UTC,0.287423386259527
2025-08-06 00:00:00 UTC,0.287907954325458
2025-08-07 00:00:00 UTC,0.289038364527748
2025-08-08 00:00:00 UTC,0.289843850349811
2025-08-09 00:00:00 UTC,0.290312819850161
2025-08-10 00:00:00 UTC,0.287855859271972
2025-08-11 00:00:00 UTC,0.290406967777698
2025-08-12 00:00:00 UTC,0.297430808001934
2025-08-13 00:00:00 UTC,0.301777205324062
2025-08-14 00:00:00 UTC,0.309306230303816
2025-08-15 00:00:00 UTC,0.307710013548894
2025-08-16 00:00:00 UTC,0.300873988634645
2025-08-17 00:00:00 UTC,0.297340601483984
2025-08-18 00:00:00 UTC,0.302292427293104
2025-08-19 00:00:00 UTC,0.300217839500136
2025-08-20 00:00:00 UTC,0.298998744042792
2025-08-21 00:00:00 UTC,0.30411486486251
2025-08-22 00:00:00 UTC,0.304309750228624
2025-08-23 00:00:00 UTC,0.312491444022346
2025-08-24 00:00:00 UTC,0.30905855933064
2025-08-25 00:00:00 UTC,0.308704244325601
2025-08-26 00:00:00 UTC,0.294756852707608
2025-08-27 00:00:00 UTC,0.302314012436213
2025-08-28 00:00:00 UTC,0.296452089747364
2025-08-29 00:00:00 UTC,0.29520395873761
2025-08-30 00:00:00 UTC,0.289959637470123
2025-08-31 00:00:00 UTC,0.290147876108831
2025-09-01 00:00:00 UTC,0.291504671555414
2025-09-02 00:00:00 UTC,0.287832212977399
2025-09-03 00:00:00 UTC,0.290451558333258
2025-09-04 00:00:00 UTC,0.292212205441731
2025-09-05 00:00:00 UTC,0.287071402821748
2025-09-06 00:00:00 UTC,0.282583620227341
2025-09-07 00:00:00 UTC,0.268442965800688
2025-09-08 00:00:00 UTC,0.282492490549943
2025-09-09 00:00:00 UTC,0.281520896563577
2025-09-10 00:00:00 UTC,0.286417011037448
2025-09-11 00:00:00 UTC,0.289353390716411
2025-09-12 00:00:00 UTC,0.295157436953803
2025-09-13 00:00:00 UTC,0.300355876871283
2025-09-14 00:00:00 UTC,0.298056528842338
2025-09-15 00:00:00 UTC,0.297083063681181
2025-09-16 00:00:00 UTC,0.292962246626233
2025-09-17 00:00:00 UTC,0.28833456495493
2025-09-18 00:00:00 UTC,0.290323647277537
2025-09-19 00:00:00 UTC,0.297289032169832
2025-09-20 00:00:00 UTC,0.292701244547381
2025-09-21 00:00:00 UTC,0.295143134719039
2025-09-22 00:00:00 UTC,0.292132951801873
2025-09-23 00:00:00 UTC,0.287952272286367
2025-09-24 00:00:00 UTC,0.28455911157027
2025-09-25 00:00:00 UTC,0.287999620257727
2025-09-26 00:00:00 UTC,0.284598138759145
2025-09-27 00:00:00 UTC,0.289192700372529
2025-09-28 00:00:00 UTC,0.287817035776791
2025-09-29 00:00:00 UTC,0.286828735807927
2025-09-30 00:00:00 UTC,0.287267160875121
2025-10-01 00:00:00 UTC,0.284154139999521
2025-10-02 00:00:00 UTC,0.291245848754088
2025-10-03 00:00:00 UTC,0.292545085473121
2025-10-04 00:00:00 UTC,0.291303141125988
2025-10-05 00:00:00 UTC,0.290003987705616
2025-10-06 00:00:00 UTC,0.291504957317737
2025-10-07 00:00:00 UTC,0.295699109340302
2025-10-08 00:00:00 UTC,0.290034445628758
2025-10-09 00:00:00 UTC,0.294201156299849
2025-10-10 00:00:00 UTC,0.290792522692148
2025-10-11 00:00:00 UTC,0.276366566192814
2025-10-12 00:00:00 UTC,0.270766659500053
2025-10-13 00:00:00 UTC,0.278388819486347
2025-10-14 00:00:00 UTC,0.279190756082099
2025-10-15 00:00:00 UTC,0.273196099851827
2025-10-16 00:00:00 UTC,0.2742534011193
2025-10-17 00:00:00 UTC,0.269538540020875
2025-10-18 00:00:00 UTC,0.265079631039669
2025-10-19 00:00:00 UTC,0.268604638848018
2025-10-20 00:00:00 UTC,0.274805613779638
2025-10-21 00:00:00 UTC,0.27715954622016
2025-10-22 00:00:00 UTC,0.277408770053757
2025-10-23 00:00:00 UTC,0.277454089894128
2025-10-24 00:00:00 UTC,0.270166697799551
2025-10-25 00:00:00 UTC,0.261357995751102
2025-10-26 00:00:00 UTC,0.255498416460419
2025-10-27 00:00:00 UTC,0.258485221677115
2025-10-28 00:00:00 UTC,0.256029627454254
2025-10-29 00:00:00 UTC,0.253803181386974
2025-10-30 00:00:00 UTC,0.25523354273874
2025-10-31 00:00:00 UTC,0.252676159029681
2025-11-01 00:00:00 UTC,0.25536743754583
2025-11-02 00:00:00 UTC,0.256566111725447
2025-11-03 00:00:00 UTC,0.258665770701181
2025-11-04 00:00:00 UTC,0.243998080848396
2025-11-05 00:00:00 UTC,0.248494332247484
2025-11-06 00:00:00 UTC,0.251397807748775
2025-11-07 00:00:00 UTC,0.245533677967667
2025-11-08 00:00:00 UTC,0.25253489144121
2025-11-09 00:00:00 UTC,0.251735970581868
2025-11-10 00:00:00 UTC,0.251812879229776
2025-11-11 00:00:00 UTC,0.256234182150431
2025-11-12 00:00:00 UTC,0.256380609091076
2025-11-13 00:00:00 UTC,0.254066909505001
2025-11-14 00:00:00 UTC,0.252062612129482
2025-11-15 00:00:00 UTC,0.251661272527995
2025-11-16 00:00:00 UTC,0.253227524072856
2025-11-17 00:00:00 UTC,0.251796435058768
2025-11-18 00:00:00 UTC,0.25129198874349
2025-11-19 00:00:00 UTC,0.250548022383177
2025-11-20 00:00:00 UTC,0.248256422709612
2025-11-21 00:00:00 UTC,0.243037547915247
2025-11-22 00:00:00 UTC,0.239914847875875
2025-11-23 00:00:00 UTC,0.23801027724198
2025-11-24 00:00:00 UTC,0.239038976392311
2025-11-25 00:00:00 UTC,0.23849278563684
2025-11-26 00:00:00 UTC,0.237074885914629
2025-11-27 00:00:00 UTC,0.238258491509013
2025-11-28 00:00:00 UTC,0.241550166676931
2025-11-29 00:00:00 UTC,0.242339878354606
2025-11-30 00:00:00 UTC,0.242286664847227
2025-12-01 00:00:00 UTC,0.24287027817207
2025-12-02 00:00:00 UTC,0.238771545803738
2025-12-03 00:00:00 UTC,0.241717915004884
2025-12-04 00:00:00 UTC,0.240508642489161
2025-12-05 00:00:00 UTC,0.245674830783547
2025-12-06 00:00:00 UTC,0.245164516843255
2025-12-07 00:00:00 UTC,0.246917043438841
2025-12-08 00:00:00 UTC,0.246407080667191
2025-12-09 00:00:00 UTC,0.24176755239965
2025-12-10 00:00:00 UTC,0.242720226713828
2025-12-11 00:00:00 UTC,0.239434736130553
2025-12-12 00:00:00 UTC,0.239066701964642
2025-12-13 00:00:00 UTC,0.233091301467354
2025-12-14 00:00:00 UTC,0.230892929280834
2025-12-15 00:00:00 UTC,0.236056953501269
2025-12-16 00:00:00 UTC,0.236627898690875
2025-12-17 00:00:00 UTC,0.238551275110053
2025-12-18 00:00:00 UTC,0.237824980148489
2025-12-19 00:00:00 UTC,0.238307447888945
2025-12-20 00:00:00 UTC,0.239059503445269
2025-12-21 00:00:00 UTC,0.240177096214113
2025-12-22 00:00:00 UTC,0.246164878520956
2025-12-23 00:00:00 UTC,0.241641918554873
2025-12-24 00:00:00 UTC,0.240256743452414
2025-12-25 00:00:00 UTC,0.237968369696505
2025-12-26 00:00:00 UTC,0.236385887673568
2025-12-27 00:00:00 UTC,0.237430856161076
2025-12-28 00:00:00 UTC,0.241636707318691
2025-12-29 00:00:00 UTC,0.241940422694802
2025-12-30 00:00:00 UTC,0.241739392162927
2025-12-31 00:00:00 UTC,0.243612699707723
2026-01-01 00:00:00 UTC,0.24236309176791
2026-01-02 00:00:00 UTC,0.243790958293478
2026-01-03 00:00:00 UTC,0.246172178138772
2026-01-04 00:00:00 UTC,0.25170174042691
2026-01-05 00:00:00 UTC,0.251016411721332
2026-01-06 00:00:00 UTC,0.249346805876197
2026-01-07 00:00:00 UTC,0.251527369259864
2026-01-08 00:00:00 UTC,0.25507766521561
2026-01-09 00:00:00 UTC,0.252810021114626
2026-01-10 00:00:00 UTC,0.255987355484731
2026-01-11 00:00:00 UTC,0.259277563312178
2026-01-12 00:00:00 UTC,0.257374134474144
2026-01-13 00:00:00 UTC,0.256662782574024
2026-01-14 00:00:00 UTC,0.263773061960099
2026-01-15 00:00:00 UTC,0.261526047437825
2026-01-16 00:00:00 UTC,0.268602354857336
2026-01-17 00:00:00 UTC,0.266499281162433
2026-01-18 00:00:00 UTC,0.274287168846881
2026-01-19 00:00:00 UTC,0.273859996269931
2026-01-20 00:00:00 UTC,0.267889430277161
2026-01-21 00:00:00 UTC,0.25317378208815
2026-01-22 00:00:00 UTC,0.256245489451811
2026-01-23 00:00:00 UTC,0.259547162739623
2026-01-24 00:00:00 UTC,0.251465047878143
2026-01-25 00:00:00 UTC,0.249418900914866
2026-01-26 00:00:00 UTC,0.24906471777542
2026-01-27 00:00:00 UTC,0.249731853923872
2026-01-28 00:00:00 UTC,0.244753672496666
2026-01-29 00:00:00 UTC,0.246451343396404
2026-01-30 00:00:00 UTC,0.24613615381002
2026-01-31 00:00:00 UTC,0.247785538782045
2026-02-01 00:00:00 UTC,0.241550475119924
2026-02-02 00:00:00 UTC,0.240180702080241
2026-02-03 00:00:00 UTC,0.239963265060518
2026-02-04 00:00:00 UTC,0.241618562422583
2026-02-05 00:00:00 UTC,0.239635681394667
2026-02-06 00:00:00 UTC,0.228682689825912
2026-02-07 00:00:00 UTC,0.231813123116318
2026-02-08 00:00:00 UTC,0.23530466339913
2026-02-09 00:00:00 UTC,0.235130046103942
2026-02-10 00:00:00 UTC,0.234062033873681
2026-02-11 00:00:00 UTC,0.233718116106774
2026-02-12 00:00:00 UTC,0.233932553538848
2026-02-13 00:00:00 UTC,0.235618853739937
2026-02-14 00:00:00 UTC,0.23753309911644
2026-02-15 00:00:00 UTC,0.237900754746993
2026-02-16 00:00:00 UTC,0.236353933047519
2026-02-17 00:00:00 UTC,0.239996727629383
2026-02-18 00:00:00 UTC,0.237937666321006
2026-02-19 00:00:00 UTC,0.23635014298089
2026-02-20 00:00:00 UTC,0.241836747487158
2026-02-21 00:00:00 UTC,0.242043585134316
2026-02-22 00:00:00 UTC,0.245207142034065
2026-02-23 00:00:00 UTC,0.245549972803401
2026-02-24 00:00:00 UTC,0.238670042298196
2026-02-25 00:00:00 UTC,0.24053726082379
2026-02-26 00:00:00 UTC,0.241485675389572
2026-02-27 00:00:00 UTC,0.24206643595349
2026-02-28 00:00:00 UTC,0.23937019519616
2026-03-01 00:00:00 UTC,0.238593506904414
2026-03-02 00:00:00 UTC,0.238661736792507
2026-03-03 00:00:00 UTC,0.242205258244665
2026-03-04 00:00:00 UTC,0.241552291176181
2026-03-05 00:00:00 UTC,0.246726057533994
2026-03-06 00:00:00 UTC,0.245652014197867
2026-03-07 00:00:00 UTC,0.244938474751362
2026-03-08 00:00:00 UTC,0.246700837251163
2026-03-09 00:00:00 UTC,0.250777613056615
2026-03-10 00:00:00 UTC,0.245738386748346
2026-03-11 00:00:00 UTC,0.24622556564499
2026-03-12 00:00:00 UTC,0.25201675726152
2026-03-13 00:00:00 UTC,0.250987133327093
2026-03-14 00:00:00 UTC,0.255835351098875
2026-03-15 00:00:00 UTC,0.259981968471045
2026-03-16 00:00:00 UTC,0.261360261677107
2026-03-17 00:00:00 UTC,0.257145031061686
2026-03-18 00:00:00 UTC,0.265809317143708
2026-03-19 00:00:00 UTC,0.265504341472001
2026-03-20 00:00:00 UTC,0.26210718550641
