datetime,price
2018-10-05 00:00:00 UTC,0.873735920947416
2018-10-06 00:00:00 UTC,0.868826860601197
2018-10-07 00:00:00 UTC,0.868520617491348
2018-10-08 00:00:00 UTC,0.869495027823055
2018-10-09 00:00:00 UTC,0.871933717934053
2018-10-10 00:00:00 UTC,0.869602523283727
2018-10-11 00:00:00 UTC,0.865283417821854
2018-10-12 00:00:00 UTC,0.869377056935213
2018-10-13 00:00:00 UTC,0.871844482726464
2018-10-14 00:00:00 UTC,0.876558998021026
2018-10-15 00:00:00 UTC,0.886880193576782
2018-10-16 00:00:00 UTC,0.895934822919025
2018-10-17 00:00:00 UTC,0.897640193426792
2018-10-18 00:00:00 UTC,0.898662252503354
2018-10-19 00:00:00 UTC,0.889427927949559
2018-10-20 00:00:00 UTC,0.880912347248203
2018-10-21 00:00:00 UTC,0.897579420827893
2018-10-22 00:00:00 UTC,0.893511222618828
2018-10-23 00:00:00 UTC,0.890125476934576
2018-10-24 00:00:00 UTC,0.877627129509705
2018-10-25 00:00:00 UTC,0.886048461439156
2018-10-26 00:00:00 UTC,0.887362472070499
2018-10-27 00:00:00 UTC,0.890126675407055
2018-10-28 00:00:00 UTC,0.881228196651948
2018-10-29 00:00:00 UTC,0.892052063599839
2018-10-30 00:00:00 UTC,0.882819787139952
2018-10-31 00:00:00 UTC,0.884780071634451
2018-11-01 00:00:00 UTC,0.88546718793314
2018-11-02 00:00:00 UTC,0.882171192867901
2018-11-03 00:00:00 UTC,0.886675468818942
2018-11-04 00:00:00 UTC,0.884552551212306
2018-11-05 00:00:00 UTC,0.868757074377839
2018-11-06 00:00:00 UTC,0.877687399751691
2018-11-07 00:00:00 UTC,0.878341151225275
2018-11-08 00:00:00 UTC,0.885538728635645
2018-11-09 00:00:00 UTC,0.885731928382394
2018-11-10 00:00:00 UTC,0.89435653122989
2018-11-11 00:00:00 UTC,0.892462702919821
2018-11-12 00:00:00 UTC,0.8966481629449
2018-11-13 00:00:00 UTC,0.905993874334632
2018-11-14 00:00:00 UTC,0.901018724156603
2018-11-15 00:00:00 UTC,0.92234651427208
2018-11-16 00:00:00 UTC,0.907047722227306
2018-11-17 00:00:00 UTC,0.89110168356445
2018-11-18 00:00:00 UTC,0.894347367765877
2018-11-19 00:00:00 UTC,0.888915250463722
2018-11-20 00:00:00 UTC,0.896301231886344
2018-11-21 00:00:00 UTC,0.89929223918569
2018-11-22 00:00:00 UTC,0.893467556704455
2018-11-23 00:00:00 UTC,0.907816034802926
2018-11-24 00:00:00 UTC,0.899693842167218
2018-11-25 00:00:00 UTC,0.902935446220077
2018-11-26 00:00:00 UTC,0.904218340089708
2018-11-27 00:00:00 UTC,0.904165520949611
2018-11-28 00:00:00 UTC,0.9016231334953
2018-11-29 00:00:00 UTC,0.885231543153482
2018-11-30 00:00:00 UTC,0.886686792593529
2018-12-01 00:00:00 UTC,0.896281158735513
2018-12-02 00:00:00 UTC,0.895910040663558
2018-12-03 00:00:00 UTC,0.893386610750504
2018-12-04 00:00:00 UTC,0.894901184812609
2018-12-05 00:00:00 UTC,0.892664493548038
2018-12-06 00:00:00 UTC,0.891279411446101
2018-12-07 00:00:00 UTC,0.882464639493063
2018-12-08 00:00:00 UTC,0.880797270138334
2018-12-09 00:00:00 UTC,0.887292450021936
2018-12-10 00:00:00 UTC,0.878597668866175
2018-12-11 00:00:00 UTC,0.883035962690719
2018-12-12 00:00:00 UTC,0.889032156878498
2018-12-13 00:00:00 UTC,0.888425758916314
2018-12-14 00:00:00 UTC,0.884122361646981
2018-12-15 00:00:00 UTC,0.892276206446634
2018-12-16 00:00:00 UTC,0.891452156619103
2018-12-17 00:00:00 UTC,0.889392280241877
2018-12-18 00:00:00 UTC,0.892354491344016
2018-12-19 00:00:00 UTC,0.874934272757319
2018-12-20 00:00:00 UTC,0.879056286127372
2018-12-21 00:00:00 UTC,0.872071156902146
2018-12-22 00:00:00 UTC,0.879529336033837
2018-12-23 00:00:00 UTC,0.880845651501974
2018-12-24 00:00:00 UTC,0.875613832502654
2018-12-25 00:00:00 UTC,0.875822906255125
2018-12-26 00:00:00 UTC,0.874085870429836
2018-12-27 00:00:00 UTC,0.872782228557877
2018-12-28 00:00:00 UTC,0.876574821804333
2018-12-29 00:00:00 UTC,0.867295905616827
2018-12-30 00:00:00 UTC,0.849303203270121
2018-12-31 00:00:00 UTC,0.871237504589377
2019-01-01 00:00:00 UTC,0.868197300669992
2019-01-02 00:00:00 UTC,0.868218533489408
2019-01-03 00:00:00 UTC,0.878173402505971
2019-01-04 00:00:00 UTC,0.874913347561696
2019-01-05 00:00:00 UTC,0.874597664492753
2019-01-06 00:00:00 UTC,0.874674823097489
2019-01-07 00:00:00 UTC,0.869512190041908
2019-01-08 00:00:00 UTC,0.865974532288315
2019-01-09 00:00:00 UTC,0.868485448104321
2019-01-10 00:00:00 UTC,0.86082953519743
2019-01-11 00:00:00 UTC,0.866637489095181
2019-01-12 00:00:00 UTC,0.871269884055004
2019-01-13 00:00:00 UTC,0.86714279640466
2019-01-14 00:00:00 UTC,0.869357550881523
2019-01-15 00:00:00 UTC,0.86519660891779
2019-01-16 00:00:00 UTC,0.871567942359099
2019-01-17 00:00:00 UTC,0.87615693778539
2019-01-18 00:00:00 UTC,0.873392757850108
2019-01-19 00:00:00 UTC,0.877436415232885
2019-01-20 00:00:00 UTC,0.87612986627449
2019-01-21 00:00:00 UTC,0.879732712654038
2019-01-22 00:00:00 UTC,0.879755693362087
2019-01-23 00:00:00 UTC,0.877917663832912
2019-01-24 00:00:00 UTC,0.879109400155746
2019-01-25 00:00:00 UTC,0.884424687017595
2019-01-26 00:00:00 UTC,0.878074112086812
2019-01-27 00:00:00 UTC,0.881365456161691
2019-01-28 00:00:00 UTC,0.881615688483666
2019-01-29 00:00:00 UTC,0.878639401083436
2019-01-30 00:00:00 UTC,0.878311794672522
2019-01-31 00:00:00 UTC,0.875726382276548
2019-02-01 00:00:00 UTC,0.880185641739638
2019-02-02 00:00:00 UTC,0.87963413457408
2019-02-03 00:00:00 UTC,0.878740552788838
2019-02-04 00:00:00 UTC,0.883886016018635
2019-02-05 00:00:00 UTC,0.886293062906988
2019-02-06 00:00:00 UTC,0.887216631747343
2019-02-07 00:00:00 UTC,0.890601646498782
2019-02-08 00:00:00 UTC,0.891792011648374
2019-02-09 00:00:00 UTC,0.895375211915908
2019-02-10 00:00:00 UTC,0.894098312277314
2019-02-11 00:00:00 UTC,0.889876509419795
2019-02-12 00:00:00 UTC,0.897376820744632
2019-02-13 00:00:00 UTC,0.892808088477089
2019-02-14 00:00:00 UTC,0.89763714451744
2019-02-15 00:00:00 UTC,0.893094676423828
2019-02-16 00:00:00 UTC,0.893628810521398
2019-02-17 00:00:00 UTC,0.893635755034406
2019-02-18 00:00:00 UTC,0.894866916392314
2019-02-19 00:00:00 UTC,0.888645614719912
2019-02-20 00:00:00 UTC,0.888902961901712
2019-02-21 00:00:00 UTC,0.889281117500061
2019-02-22 00:00:00 UTC,0.889637170179708
2019-02-23 00:00:00 UTC,0.889773888454384
2019-02-24 00:00:00 UTC,0.886232008604626
2019-02-25 00:00:00 UTC,0.884904287692014
2019-02-26 00:00:00 UTC,0.882265448328024
2019-02-27 00:00:00 UTC,0.881301308021918
2019-02-28 00:00:00 UTC,0.883241355669201
2019-03-01 00:00:00 UTC,0.88392883037404
2019-03-02 00:00:00 UTC,0.88064802337993
2019-03-03 00:00:00 UTC,0.882617764641745
2019-03-04 00:00:00 UTC,0.883978893199941
2019-03-05 00:00:00 UTC,0.88581791593945
2019-03-06 00:00:00 UTC,0.887569607962691
2019-03-07 00:00:00 UTC,0.888118845675139
2019-03-08 00:00:00 UTC,0.895382108744569
2019-03-09 00:00:00 UTC,0.89482003537153
2019-03-10 00:00:00 UTC,0.895944344031709
2019-03-11 00:00:00 UTC,0.896208306378113
2019-03-12 00:00:00 UTC,0.891192615726463
2019-03-13 00:00:00 UTC,0.890830098740874
2019-03-14 00:00:00 UTC,0.885269752611854
2019-03-15 00:00:00 UTC,0.889675694572518
2019-03-16 00:00:00 UTC,0.88847653485289
2019-03-17 00:00:00 UTC,0.886766548910126
2019-03-18 00:00:00 UTC,0.887017565399068
2019-03-19 00:00:00 UTC,0.886858029103318
2019-03-20 00:00:00 UTC,0.884612987405718
2019-03-21 00:00:00 UTC,0.877655636478152
2019-03-22 00:00:00 UTC,0.880992036622622
2019-03-23 00:00:00 UTC,0.887152338812659
2019-03-24 00:00:00 UTC,0.890984529027275
2019-03-25 00:00:00 UTC,0.890050948479791
2019-03-26 00:00:00 UTC,0.886926245893444
2019-03-27 00:00:00 UTC,0.891922073310405
2019-03-28 00:00:00 UTC,0.889908637159033
2019-03-29 00:00:00 UTC,0.894354676701881
2019-03-30 00:00:00 UTC,0.89396755742851
2019-03-31 00:00:00 UTC,0.893276273339613
2019-04-01 00:00:00 UTC,0.892603835005003
2019-04-02 00:00:00 UTC,0.894923619050251
2019-04-03 00:00:00 UTC,0.888230106436555
2019-04-04 00:00:00 UTC,0.886029343108293
2019-04-05 00:00:00 UTC,0.890318203726891
2019-04-06 00:00:00 UTC,0.888791065990857
2019-04-07 00:00:00 UTC,0.890117971566439
2019-04-08 00:00:00 UTC,0.89012664405972
2019-04-09 00:00:00 UTC,0.883005002682012
2019-04-10 00:00:00 UTC,0.88234433316727
2019-04-11 00:00:00 UTC,0.885025629103743
2019-04-12 00:00:00 UTC,0.884395008906378
2019-04-13 00:00:00 UTC,0.883512394193125
2019-04-14 00:00:00 UTC,0.883476489588843
2019-04-15 00:00:00 UTC,0.884296780109472
2019-04-16 00:00:00 UTC,0.8867256991309
2019-04-17 00:00:00 UTC,0.884179606288689
2019-04-18 00:00:00 UTC,0.884158461567095
2019-04-19 00:00:00 UTC,0.889040692798827
2019-04-20 00:00:00 UTC,0.887387311656537
2019-04-21 00:00:00 UTC,0.887593415795233
2019-04-22 00:00:00 UTC,0.890948271018731
2019-04-23 00:00:00 UTC,0.885770318879582
2019-04-24 00:00:00 UTC,0.891272878038874
2019-04-25 00:00:00 UTC,0.897355553927194
2019-04-26 00:00:00 UTC,0.912000069884089
2019-04-27 00:00:00 UTC,0.92325595215472
2019-04-28 00:00:00 UTC,0.912620468523605
2019-04-29 00:00:00 UTC,0.91534260562953
2019-04-30 00:00:00 UTC,0.90421742601043
2019-05-01 00:00:00 UTC,0.896446893735542
2019-05-02 00:00:00 UTC,0.901754667056222
2019-05-03 00:00:00 UTC,0.904328936852761
2019-05-04 00:00:00 UTC,0.903093398746068
2019-05-05 00:00:00 UTC,0.898680908394124
2019-05-06 00:00:00 UTC,0.898516135096438
2019-05-07 00:00:00 UTC,0.898276415954924
2019-05-08 00:00:00 UTC,0.90129067710693
2019-05-09 00:00:00 UTC,0.899304255340274
2019-05-10 00:00:00 UTC,0.898428637441168
2019-05-11 00:00:00 UTC,0.897070252488692
2019-05-12 00:00:00 UTC,0.891253022349285
2019-05-13 00:00:00 UTC,0.891827249331407
2019-05-14 00:00:00 UTC,0.889451866796838
2019-05-15 00:00:00 UTC,0.88686530495269
2019-05-16 00:00:00 UTC,0.889356735049135
2019-05-17 00:00:00 UTC,0.894635379559297
2019-05-18 00:00:00 UTC,0.903196600290457
2019-05-19 00:00:00 UTC,0.897807068478847
2019-05-20 00:00:00 UTC,0.895031398404973
2019-05-21 00:00:00 UTC,0.893039511439365
2019-05-22 00:00:00 UTC,0.893832523783378
2019-05-23 00:00:00 UTC,0.896151895690505
2019-05-24 00:00:00 UTC,0.895878036078738
2019-05-25 00:00:00 UTC,0.893255476048712
2019-05-26 00:00:00 UTC,0.895652121670064
2019-05-27 00:00:00 UTC,0.89198910552719
2019-05-28 00:00:00 UTC,0.896904635752913
2019-05-29 00:00:00 UTC,0.902364135781999
2019-05-30 00:00:00 UTC,0.899406795404111
2019-05-31 00:00:00 UTC,0.898958896674846
2019-06-01 00:00:00 UTC,0.900866851667685
2019-06-02 00:00:00 UTC,0.89890806288105
2019-06-03 00:00:00 UTC,0.895464687833025
2019-06-04 00:00:00 UTC,0.889765524326123
2019-06-05 00:00:00 UTC,0.890768549282816
2019-06-06 00:00:00 UTC,0.893319810046911
2019-06-07 00:00:00 UTC,0.888163904435593
2019-06-08 00:00:00 UTC,0.882507482770545
2019-06-09 00:00:00 UTC,0.883573521796316
2019-06-10 00:00:00 UTC,0.88771847397789
2019-06-11 00:00:00 UTC,0.886704981847514
2019-06-12 00:00:00 UTC,0.879308277637722
2019-06-13 00:00:00 UTC,0.884346167071452
2019-06-14 00:00:00 UTC,0.887366016143247
2019-06-15 00:00:00 UTC,0.887047839523387
2019-06-16 00:00:00 UTC,0.889023814800065
2019-06-17 00:00:00 UTC,0.892745675242279
2019-06-18 00:00:00 UTC,0.89047150042212
2019-06-19 00:00:00 UTC,0.902397590228913
2019-06-20 00:00:00 UTC,0.891288900233964
2019-06-21 00:00:00 UTC,0.883488273448522
2019-06-22 00:00:00 UTC,0.877631688569213
2019-06-23 00:00:00 UTC,0.880593871946502
2019-06-24 00:00:00 UTC,0.887923348778112
2019-06-25 00:00:00 UTC,0.881989184283141
2019-06-26 00:00:00 UTC,0.884972629321965
2019-06-27 00:00:00 UTC,0.889022945457156
2019-06-28 00:00:00 UTC,0.898300893742728
2019-06-29 00:00:00 UTC,0.880180656256378
2019-06-30 00:00:00 UTC,0.880095893373929
2019-07-01 00:00:00 UTC,0.88748248097092
2019-07-02 00:00:00 UTC,0.888158596496794
2019-07-03 00:00:00 UTC,0.891342333560727
2019-07-04 00:00:00 UTC,0.888684396457171
2019-07-05 00:00:00 UTC,0.890925933094416
2019-07-06 00:00:00 UTC,0.892478931936034
2019-07-07 00:00:00 UTC,0.895589215239802
2019-07-08 00:00:00 UTC,0.891146341272244
2019-07-09 00:00:00 UTC,0.890860238239125
2019-07-10 00:00:00 UTC,0.894070617096336
2019-07-11 00:00:00 UTC,0.892272952952098
2019-07-12 00:00:00 UTC,0.893829888354324
2019-07-13 00:00:00 UTC,0.887522567174876
2019-07-14 00:00:00 UTC,0.890083324019641
2019-07-15 00:00:00 UTC,0.892490131451175
2019-07-16 00:00:00 UTC,0.888757087454536
2019-07-17 00:00:00 UTC,0.895969164311052
2019-07-18 00:00:00 UTC,0.889739066755918
2019-07-19 00:00:00 UTC,0.885191715555496
2019-07-20 00:00:00 UTC,0.891540192109304
2019-07-21 00:00:00 UTC,0.896447959300586
2019-07-22 00:00:00 UTC,0.892403097986511
2019-07-23 00:00:00 UTC,0.89459296876481
2019-07-24 00:00:00 UTC,0.899724459660291
2019-07-25 00:00:00 UTC,0.895379017696127
2019-07-26 00:00:00 UTC,0.896737005160904
2019-07-27 00:00:00 UTC,0.898298832832912
2019-07-28 00:00:00 UTC,0.899519626384179
2019-07-29 00:00:00 UTC,0.89568517067509
2019-07-30 00:00:00 UTC,0.897973504464901
2019-07-31 00:00:00 UTC,0.893267481885429
2019-08-01 00:00:00 UTC,0.905213487140896
2019-08-02 00:00:00 UTC,0.899240918349848
2019-08-03 00:00:00 UTC,0.89830179455707
2019-08-04 00:00:00 UTC,0.897122330924101
2019-08-05 00:00:00 UTC,0.897961446418467
2019-08-06 00:00:00 UTC,0.88929582558551
2019-08-07 00:00:00 UTC,0.891902474286366
2019-08-08 00:00:00 UTC,0.899883870109864
2019-08-09 00:00:00 UTC,0.901585997616838
2019-08-10 00:00:00 UTC,0.886278920865091
2019-08-11 00:00:00 UTC,0.888518418663674
2019-08-12 00:00:00 UTC,0.893602429094733
2019-08-13 00:00:00 UTC,0.891249227425095
2019-08-14 00:00:00 UTC,0.897584845470294
2019-08-15 00:00:00 UTC,0.89876984599417
2019-08-16 00:00:00 UTC,0.903018526364322
2019-08-17 00:00:00 UTC,0.901464414825993
2019-08-18 00:00:00 UTC,0.902794247001749
2019-08-19 00:00:00 UTC,0.901026481153196
2019-08-20 00:00:00 UTC,0.904093945334981
2019-08-21 00:00:00 UTC,0.899400755309475
2019-08-22 00:00:00 UTC,0.903783644257722
2019-08-23 00:00:00 UTC,0.903318403608136
2019-08-24 00:00:00 UTC,0.88914614295029
2019-08-25 00:00:00 UTC,0.889029331317193
2019-08-26 00:00:00 UTC,0.898667064835865
2019-08-27 00:00:00 UTC,0.899100877625598
2019-08-28 00:00:00 UTC,0.902114954524922
2019-08-29 00:00:00 UTC,0.903659234570765
2019-08-30 00:00:00 UTC,0.90424749821189
2019-08-31 00:00:00 UTC,0.907429969657691
2019-09-01 00:00:00 UTC,0.907816945673451
2019-09-02 00:00:00 UTC,0.907326250733905
2019-09-03 00:00:00 UTC,0.909802712234104
2019-09-04 00:00:00 UTC,0.907958321244354
2019-09-05 00:00:00 UTC,0.907688753605662
2019-09-06 00:00:00 UTC,0.905881377986832
2019-09-07 00:00:00 UTC,0.898733710020832
2019-09-08 00:00:00 UTC,0.897142475183422
2019-09-09 00:00:00 UTC,0.905476328451752
2019-09-10 00:00:00 UTC,0.902973990385577
2019-09-11 00:00:00 UTC,0.903986083466726
2019-09-12 00:00:00 UTC,0.906633612752723
2019-09-13 00:00:00 UTC,0.901337755376856
2019-09-14 00:00:00 UTC,0.896687376671262
2019-09-15 00:00:00 UTC,0.896587334231562
2019-09-16 00:00:00 UTC,0.901736276674754
2019-09-17 00:00:00 UTC,0.909572977205436
2019-09-18 00:00:00 UTC,0.903146012969195
2019-09-19 00:00:00 UTC,0.906493235732665
2019-09-20 00:00:00 UTC,0.904696337259303
2019-09-21 00:00:00 UTC,0.908150988820334
2019-09-22 00:00:00 UTC,0.907278641444021
2019-09-23 00:00:00 UTC,0.906807264334759
2019-09-24 00:00:00 UTC,0.910264561854769
2019-09-25 00:00:00 UTC,0.910450379562609
2019-09-26 00:00:00 UTC,0.912368766187011
2019-09-27 00:00:00 UTC,0.914672497195816
2019-09-28 00:00:00 UTC,0.911892289901225
2019-09-29 00:00:00 UTC,0.914972715819236
2019-09-30 00:00:00 UTC,0.913498930758114
2019-10-01 00:00:00 UTC,0.917538651580071
2019-10-02 00:00:00 UTC,0.91368204926392
2019-10-03 00:00:00 UTC,0.91368204926392
2019-10-04 00:00:00 UTC,0.910430405177929
2019-10-05 00:00:00 UTC,0.909905891542264
2019-10-06 00:00:00 UTC,0.911594323593071
2019-10-07 00:00:00 UTC,0.911369662606699
2019-10-08 00:00:00 UTC,0.909098736895993
2019-10-09 00:00:00 UTC,0.910529735059761
2019-10-10 00:00:00 UTC,0.909457045526489
2019-10-11 00:00:00 UTC,0.906332653816804
2019-10-12 00:00:00 UTC,0.905057866266642
2019-10-13 00:00:00 UTC,0.907850672019662
2019-10-14 00:00:00 UTC,0.908970650871281
2019-10-15 00:00:00 UTC,0.908297681168138
2019-10-16 00:00:00 UTC,0.90851808262348
2019-10-17 00:00:00 UTC,0.903049027149415
2019-10-18 00:00:00 UTC,0.899450074641473
2019-10-19 00:00:00 UTC,0.895551888999781
2019-10-20 00:00:00 UTC,0.895739707978707
2019-10-21 00:00:00 UTC,0.89726880243395
2019-10-22 00:00:00 UTC,0.896555829114735
2019-10-23 00:00:00 UTC,0.898992649836411
2019-10-24 00:00:00 UTC,0.898849054518443
2019-10-25 00:00:00 UTC,0.899829195032127
2019-10-26 00:00:00 UTC,0.90207299068548
2019-10-27 00:00:00 UTC,0.901401476394703
2019-10-28 00:00:00 UTC,0.8974032536029
2019-10-29 00:00:00 UTC,0.899061324278165
2019-10-30 00:00:00 UTC,0.89788546502532
2019-10-31 00:00:00 UTC,0.895532963599213
2019-11-01 00:00:00 UTC,0.895749703492704
2019-11-02 00:00:00 UTC,0.89577036208701
2019-11-03 00:00:00 UTC,0.894627880551361
2019-11-04 00:00:00 UTC,0.895421195009759
2019-11-05 00:00:00 UTC,0.896374469467023
2019-11-06 00:00:00 UTC,0.901814982459886
2019-11-07 00:00:00 UTC,0.903086518430647
2019-11-08 00:00:00 UTC,0.905687915384152
2019-11-09 00:00:00 UTC,0.907787215853231
2019-11-10 00:00:00 UTC,0.908354896806325
2019-11-11 00:00:00 UTC,0.908267661870436
2019-11-12 00:00:00 UTC,0.907706542504283
2019-11-13 00:00:00 UTC,0.909000654909966
2019-11-14 00:00:00 UTC,0.909016783879393
2019-11-15 00:00:00 UTC,0.908472538353808
2019-11-16 00:00:00 UTC,0.906858266612841
2019-11-17 00:00:00 UTC,0.907099206266869
2019-11-18 00:00:00 UTC,0.906562510568797
2019-11-19 00:00:00 UTC,0.905128928991693
2019-11-20 00:00:00 UTC,0.90474169955321
2019-11-21 00:00:00 UTC,0.905018943486695
2019-11-22 00:00:00 UTC,0.906176477956712
2019-11-23 00:00:00 UTC,0.90750062379903
2019-11-24 00:00:00 UTC,0.908294252825729
2019-11-25 00:00:00 UTC,0.905146684386139
2019-11-26 00:00:00 UTC,0.907990022105745
2019-11-27 00:00:00 UTC,0.907079588738229
2019-11-28 00:00:00 UTC,0.906747806606573
2019-11-29 00:00:00 UTC,0.907491093990254
2019-11-30 00:00:00 UTC,0.907681389896052
2019-12-01 00:00:00 UTC,0.906457338178683
2019-12-02 00:00:00 UTC,0.906119453977177
2019-12-03 00:00:00 UTC,0.901918234269999
2019-12-04 00:00:00 UTC,0.900568430376079
2019-12-05 00:00:00 UTC,0.900677904494518
2019-12-06 00:00:00 UTC,0.899662300571395
2019-12-07 00:00:00 UTC,0.9030984820143
2019-12-08 00:00:00 UTC,0.901827876985039
2019-12-09 00:00:00 UTC,0.901034413775554
2019-12-10 00:00:00 UTC,0.90350033604441
2019-12-11 00:00:00 UTC,0.90126243900352
2019-12-12 00:00:00 UTC,0.898435782019714
2019-12-13 00:00:00 UTC,0.894325888060776
2019-12-14 00:00:00 UTC,0.899263146751866
2019-12-15 00:00:00 UTC,0.899948880016106
2019-12-16 00:00:00 UTC,0.898540154841888
2019-12-17 00:00:00 UTC,0.899899685995786
2019-12-18 00:00:00 UTC,0.897995380087258
2019-12-19 00:00:00 UTC,0.899138081725479
2019-12-20 00:00:00 UTC,0.900314409466168
2019-12-21 00:00:00 UTC,0.903325922509048
2019-12-22 00:00:00 UTC,0.903115554970629
2019-12-23 00:00:00 UTC,0.905183253802276
2019-12-24 00:00:00 UTC,0.902276552069008
2019-12-25 00:00:00 UTC,0.903426643956645
2019-12-26 00:00:00 UTC,0.902935571348726
2019-12-27 00:00:00 UTC,0.902564643225269
2019-12-28 00:00:00 UTC,0.896244944594533
2019-12-29 00:00:00 UTC,0.896344099381434
2019-12-30 00:00:00 UTC,0.894411457866007
2019-12-31 00:00:00 UTC,0.893718732345619
2020-01-01 00:00:00 UTC,0.893734295162132
2020-01-02 00:00:00 UTC,0.894376932580887
2020-01-03 00:00:00 UTC,0.897401737879355
2020-01-04 00:00:00 UTC,0.896214439531213
2020-01-05 00:00:00 UTC,0.897113104611365
2020-01-06 00:00:00 UTC,0.896379056560312
2020-01-07 00:00:00 UTC,0.892825562919362
2020-01-08 00:00:00 UTC,0.896180452701502
2020-01-09 00:00:00 UTC,0.896503773530274
2020-01-10 00:00:00 UTC,0.900601415190466
2020-01-11 00:00:00 UTC,0.901718073542817
2020-01-12 00:00:00 UTC,0.897181521988155
2020-01-13 00:00:00 UTC,0.899501968240132
2020-01-14 00:00:00 UTC,0.89689806135005
2020-01-15 00:00:00 UTC,0.898601873485075
2020-01-16 00:00:00 UTC,0.897349510967471
2020-01-17 00:00:00 UTC,0.898126164549878
2020-01-18 00:00:00 UTC,0.899613123413534
2020-01-19 00:00:00 UTC,0.901473110045216
2020-01-20 00:00:00 UTC,0.900081170505159
2020-01-21 00:00:00 UTC,0.900582294210194
2020-01-22 00:00:00 UTC,0.901492319125906
2020-01-23 00:00:00 UTC,0.903247411745814
2020-01-24 00:00:00 UTC,0.906253816808982
2020-01-25 00:00:00 UTC,0.908049362101257
2020-01-26 00:00:00 UTC,0.907599163338557
2020-01-27 00:00:00 UTC,0.9088996462154
2020-01-28 00:00:00 UTC,0.907912336373354
2020-01-29 00:00:00 UTC,0.908326409402434
2020-01-30 00:00:00 UTC,0.910649067456177
2020-01-31 00:00:00 UTC,0.913303548564506
2020-02-01 00:00:00 UTC,0.899127366157405
2020-02-02 00:00:00 UTC,0.901519271354818
2020-02-03 00:00:00 UTC,0.903370671401721
2020-02-04 00:00:00 UTC,0.9070523763668
2020-02-05 00:00:00 UTC,0.907805572737118
2020-02-06 00:00:00 UTC,0.909232350351091
2020-02-07 00:00:00 UTC,0.912766327723866
2020-02-08 00:00:00 UTC,0.91480075663805
2020-02-09 00:00:00 UTC,0.912191908597908
2020-02-10 00:00:00 UTC,0.914282311020248
2020-02-11 00:00:00 UTC,0.91703980694122
2020-02-12 00:00:00 UTC,0.912107815117904
2020-02-13 00:00:00 UTC,0.917716112806311
2020-02-14 00:00:00 UTC,0.921983246020956
2020-02-15 00:00:00 UTC,0.920411002933195
2020-02-16 00:00:00 UTC,0.92263396490398
2020-02-17 00:00:00 UTC,0.919864206309151
2020-02-18 00:00:00 UTC,0.923263948903502
2020-02-19 00:00:00 UTC,0.92296540794699
2020-02-20 00:00:00 UTC,0.924848395304289
2020-02-21 00:00:00 UTC,0.926667479806027
2020-02-22 00:00:00 UTC,0.919922547640344
2020-02-23 00:00:00 UTC,0.920717585393331
2020-02-24 00:00:00 UTC,0.9186216176203
2020-02-25 00:00:00 UTC,0.921698420819195
2020-02-26 00:00:00 UTC,0.919721433470068
2020-02-27 00:00:00 UTC,0.919822403790761
2020-02-28 00:00:00 UTC,0.9113898919644
2020-02-29 00:00:00 UTC,0.904302919173015
2020-03-01 00:00:00 UTC,0.905206446561031
2020-03-02 00:00:00 UTC,0.907883882997101
2020-03-03 00:00:00 UTC,0.897482392010204
2020-03-04 00:00:00 UTC,0.895079899542184
2020-03-05 00:00:00 UTC,0.898746302342123
2020-03-06 00:00:00 UTC,0.890198490429181
2020-03-07 00:00:00 UTC,0.884368496544175
2020-03-08 00:00:00 UTC,0.886615354318683
2020-03-09 00:00:00 UTC,0.879342667098339
2020-03-10 00:00:00 UTC,0.878169054987291
2020-03-11 00:00:00 UTC,0.884672747274492
2020-03-12 00:00:00 UTC,0.889318926606772
2020-03-13 00:00:00 UTC,0.898433139102262
2020-03-14 00:00:00 UTC,0.89605530574887
2020-03-15 00:00:00 UTC,0.900852360497563
2020-03-16 00:00:00 UTC,0.89913538533389
2020-03-17 00:00:00 UTC,0.900258677509965
2020-03-18 00:00:00 UTC,0.904579867267438
2020-03-19 00:00:00 UTC,0.910579301487569
2020-03-20 00:00:00 UTC,0.934336321745582
2020-03-21 00:00:00 UTC,0.932592622591415
2020-03-22 00:00:00 UTC,0.930234241404387
2020-03-23 00:00:00 UTC,0.934217013814507
2020-03-24 00:00:00 UTC,0.925798685368123
2020-03-25 00:00:00 UTC,0.922789082058907
2020-03-26 00:00:00 UTC,0.918212581769008
2020-03-27 00:00:00 UTC,0.904543869571409
2020-03-28 00:00:00 UTC,0.895107252841726
2020-03-29 00:00:00 UTC,0.896392857302623
2020-03-30 00:00:00 UTC,0.895167180043082
2020-03-31 00:00:00 UTC,0.903155245162009
2020-04-01 00:00:00 UTC,0.904591526569479
2020-04-02 00:00:00 UTC,0.917106526409508
2020-04-03 00:00:00 UTC,0.922260202068907
2020-04-04 00:00:00 UTC,0.924252372530562
2020-04-05 00:00:00 UTC,0.92432720560035
2020-04-06 00:00:00 UTC,0.924129013165431
2020-04-07 00:00:00 UTC,0.926536025595413
2020-04-08 00:00:00 UTC,0.918447563588205
2020-04-09 00:00:00 UTC,0.91894955217101
2020-04-10 00:00:00 UTC,0.913979950873213
2020-04-11 00:00:00 UTC,0.914283975366268
2020-04-12 00:00:00 UTC,0.914677512783734
2020-04-13 00:00:00 UTC,0.912229408994269
2020-04-14 00:00:00 UTC,0.914543706029328
2020-04-15 00:00:00 UTC,0.910627447379062
2020-04-16 00:00:00 UTC,0.916293995979285
2020-04-17 00:00:00 UTC,0.916842949696288
2020-04-18 00:00:00 UTC,0.91510665047186
2020-04-19 00:00:00 UTC,0.918002916416213
2020-04-20 00:00:00 UTC,0.918735090591478
2020-04-21 00:00:00 UTC,0.920203172417728
2020-04-22 00:00:00 UTC,0.919093000402395
2020-04-23 00:00:00 UTC,0.923936686243136
2020-04-24 00:00:00 UTC,0.925189605505158
2020-04-25 00:00:00 UTC,0.922777241731258
2020-04-26 00:00:00 UTC,0.924402082673591
2020-04-27 00:00:00 UTC,0.925677178390081
2020-04-28 00:00:00 UTC,0.923703907664584
2020-04-29 00:00:00 UTC,0.921590999904168
2020-04-30 00:00:00 UTC,0.920502043795031
2020-05-01 00:00:00 UTC,0.912456692759845
2020-05-02 00:00:00 UTC,0.899182718713002
2020-05-03 00:00:00 UTC,0.900642207146411
2020-05-04 00:00:00 UTC,0.912473136463618
2020-05-05 00:00:00 UTC,0.916642669268004
2020-05-06 00:00:00 UTC,0.925075467667225
2020-05-07 00:00:00 UTC,0.917021473327556
2020-05-08 00:00:00 UTC,0.922516352574315
2020-05-09 00:00:00 UTC,0.907933089899344
2020-05-10 00:00:00 UTC,0.909760196742807
2020-05-11 00:00:00 UTC,0.923578833553159
2020-05-12 00:00:00 UTC,0.922210158327973
2020-05-13 00:00:00 UTC,0.920387639376954
2020-05-14 00:00:00 UTC,0.923387189975019
2020-05-15 00:00:00 UTC,0.923663559415212
2020-05-16 00:00:00 UTC,0.924672147506871
2020-05-17 00:00:00 UTC,0.921512641594912
2020-05-18 00:00:00 UTC,0.92480442666689
2020-05-19 00:00:00 UTC,0.914738158789687
2020-05-20 00:00:00 UTC,0.914650073988533
2020-05-21 00:00:00 UTC,0.91023017174359
2020-05-22 00:00:00 UTC,0.912383175687211
2020-05-23 00:00:00 UTC,0.915893762991767
2020-05-24 00:00:00 UTC,0.916725194919485
2020-05-25 00:00:00 UTC,0.912732599156787
2020-05-26 00:00:00 UTC,0.915833719617046
2020-05-27 00:00:00 UTC,0.910816416210299
2020-05-28 00:00:00 UTC,0.908548589554486
2020-05-29 00:00:00 UTC,0.90164209158026
2020-05-30 00:00:00 UTC,0.900093906533143
2020-05-31 00:00:00 UTC,0.901931999896091
2020-06-01 00:00:00 UTC,0.901849039009639
2020-06-02 00:00:00 UTC,0.898182265802289
2020-06-03 00:00:00 UTC,0.894218760319029
2020-06-04 00:00:00 UTC,0.891415732142373
2020-06-05 00:00:00 UTC,0.881485018837955
2020-06-06 00:00:00 UTC,0.881657359036052
2020-06-07 00:00:00 UTC,0.885949831972475
2020-06-08 00:00:00 UTC,0.883682140479909
2020-06-09 00:00:00 UTC,0.886621380147539
2020-06-10 00:00:00 UTC,0.882541095303181
2020-06-11 00:00:00 UTC,0.878633076344185
2020-06-12 00:00:00 UTC,0.887044281272401
2020-06-13 00:00:00 UTC,0.889594691207263
2020-06-14 00:00:00 UTC,0.888728663045024
2020-06-15 00:00:00 UTC,0.888515602764296
2020-06-16 00:00:00 UTC,0.881901227262562
2020-06-17 00:00:00 UTC,0.887897091011924
2020-06-18 00:00:00 UTC,0.890517645881018
2020-06-19 00:00:00 UTC,0.892812403251559
2020-06-20 00:00:00 UTC,0.896149019035768
2020-06-21 00:00:00 UTC,0.895130060129475
2020-06-22 00:00:00 UTC,0.895569438732576
2020-06-23 00:00:00 UTC,0.886418345329249
2020-06-24 00:00:00 UTC,0.884577163202936
2020-06-25 00:00:00 UTC,0.88886298461124
2020-06-26 00:00:00 UTC,0.891533188292812
2020-06-27 00:00:00 UTC,0.892225463184553
2020-06-28 00:00:00 UTC,0.892584376378464
2020-06-29 00:00:00 UTC,0.892800707299499
2020-06-30 00:00:00 UTC,0.888843390491759
2020-07-01 00:00:00 UTC,0.889801008459704
2020-07-02 00:00:00 UTC,0.888733241169246
2020-07-03 00:00:00 UTC,0.889505070595235
2020-07-04 00:00:00 UTC,0.889327980913112
2020-07-05 00:00:00 UTC,0.88960587515616
2020-07-06 00:00:00 UTC,0.889334683004336
2020-07-07 00:00:00 UTC,0.884616264991596
2020-07-08 00:00:00 UTC,0.886958353679811
2020-07-09 00:00:00 UTC,0.881753083327446
2020-07-10 00:00:00 UTC,0.886420511244141
2020-07-11 00:00:00 UTC,0.884619334673761
2020-07-12 00:00:00 UTC,0.885095954831358
2020-07-13 00:00:00 UTC,0.88397804849356
2020-07-14 00:00:00 UTC,0.881284124974559
2020-07-15 00:00:00 UTC,0.875896092189448
2020-07-16 00:00:00 UTC,0.876026008229965
2020-07-17 00:00:00 UTC,0.878524566364772
2020-07-18 00:00:00 UTC,0.875060283658574
2020-07-19 00:00:00 UTC,0.874062686813327
2020-07-20 00:00:00 UTC,0.873964674365559
2020-07-21 00:00:00 UTC,0.872354141031839
2020-07-22 00:00:00 UTC,0.866256533703723
2020-07-23 00:00:00 UTC,0.86439521379062
2020-07-24 00:00:00 UTC,0.860983742770415
2020-07-25 00:00:00 UTC,0.856864345995185
2020-07-26 00:00:00 UTC,0.856367588207214
2020-07-27 00:00:00 UTC,0.856563843903261
2020-07-28 00:00:00 UTC,0.84744136606406
2020-07-29 00:00:00 UTC,0.850665856248928
2020-07-30 00:00:00 UTC,0.847597226896824
2020-07-31 00:00:00 UTC,0.840228835019443
2020-08-01 00:00:00 UTC,0.848267727206001
2020-08-02 00:00:00 UTC,0.848625846017519
2020-08-03 00:00:00 UTC,0.847711795598593
2020-08-04 00:00:00 UTC,0.849488085764746
2020-08-05 00:00:00 UTC,0.846394836589716
2020-08-06 00:00:00 UTC,0.843577091575069
2020-08-07 00:00:00 UTC,0.841722584048047
2020-08-08 00:00:00 UTC,0.847896618595166
2020-08-09 00:00:00 UTC,0.848099930009483
2020-08-10 00:00:00 UTC,0.849022428465874
2020-08-11 00:00:00 UTC,0.851323970861252
2020-08-12 00:00:00 UTC,0.852257433206519
2020-08-13 00:00:00 UTC,0.846777911930247
2020-08-14 00:00:00 UTC,0.845569386626081
2020-08-15 00:00:00 UTC,0.844695586447329
2020-08-16 00:00:00 UTC,0.843693132769627
2020-08-17 00:00:00 UTC,0.844269037770201
2020-08-18 00:00:00 UTC,0.840766359682373
2020-08-19 00:00:00 UTC,0.835892358348664
2020-08-20 00:00:00 UTC,0.844412909516028
2020-08-21 00:00:00 UTC,0.842552188296872
2020-08-22 00:00:00 UTC,0.847471372778977
2020-08-23 00:00:00 UTC,0.847763721178
2020-08-24 00:00:00 UTC,0.846460179421205
2020-08-25 00:00:00 UTC,0.847616280521895
2020-08-26 00:00:00 UTC,0.845517449715177
2020-08-27 00:00:00 UTC,0.844221418468331
2020-08-28 00:00:00 UTC,0.846163037346993
2020-08-29 00:00:00 UTC,0.840278733280609
2020-08-30 00:00:00 UTC,0.838718120652433
2020-08-31 00:00:00 UTC,0.840855793120357
2020-09-01 00:00:00 UTC,0.8369882447852
2020-09-02 00:00:00 UTC,0.835939893077261
2020-09-03 00:00:00 UTC,0.842631093774581
2020-09-04 00:00:00 UTC,0.843671339698114
2020-09-05 00:00:00 UTC,0.845830039855318
2020-09-06 00:00:00 UTC,0.848692034715786
2020-09-07 00:00:00 UTC,0.844667711007522
2020-09-08 00:00:00 UTC,0.845634507174135
2020-09-09 00:00:00 UTC,0.852393414243537
2020-09-10 00:00:00 UTC,0.847510219053614
2020-09-11 00:00:00 UTC,0.846878909872541
2020-09-12 00:00:00 UTC,0.844063058042917
2020-09-13 00:00:00 UTC,0.846600287279257
2020-09-14 00:00:00 UTC,0.84525621177911
2020-09-15 00:00:00 UTC,0.843678363715725
2020-09-16 00:00:00 UTC,0.8450703969531
2020-09-17 00:00:00 UTC,0.845040908825343
2020-09-18 00:00:00 UTC,0.843356492428691
2020-09-19 00:00:00 UTC,0.84412252368766
2020-09-20 00:00:00 UTC,0.844647711877792
2020-09-21 00:00:00 UTC,0.844513216855468
2020-09-22 00:00:00 UTC,0.848523751580019
2020-09-23 00:00:00 UTC,0.855963025973274
2020-09-24 00:00:00 UTC,0.857875318474417
2020-09-25 00:00:00 UTC,0.856656588026304
2020-09-26 00:00:00 UTC,0.859479639072942
2020-09-27 00:00:00 UTC,0.859650553827037
2020-09-28 00:00:00 UTC,0.860318623885611
2020-09-29 00:00:00 UTC,0.853937557841671
2020-09-30 00:00:00 UTC,0.851441836236834
2020-10-01 00:00:00 UTC,0.852568198844983
2020-10-02 00:00:00 UTC,0.852000704485339
2020-10-03 00:00:00 UTC,0.854498638672853
2020-10-04 00:00:00 UTC,0.852977393032039
2020-10-05 00:00:00 UTC,0.854052823571669
2020-10-06 00:00:00 UTC,0.849122632872018
2020-10-07 00:00:00 UTC,0.853505999913498
2020-10-08 00:00:00 UTC,0.850545736969121
2020-10-09 00:00:00 UTC,0.849850472619003
2020-10-10 00:00:00 UTC,0.84455286657244
2020-10-11 00:00:00 UTC,0.844195204187217
2020-10-12 00:00:00 UTC,0.846222267006122
2020-10-13 00:00:00 UTC,0.846779655898212
2020-10-14 00:00:00 UTC,0.85116834364285
2020-10-15 00:00:00 UTC,0.852244204597815
2020-10-16 00:00:00 UTC,0.85391801518906
2020-10-17 00:00:00 UTC,0.852376495545303
2020-10-18 00:00:00 UTC,0.854091324505351
2020-10-19 00:00:00 UTC,0.854132258719444
2020-10-20 00:00:00 UTC,0.850419665684166
2020-10-21 00:00:00 UTC,0.844481762115377
2020-10-22 00:00:00 UTC,0.83970250302342
2020-10-23 00:00:00 UTC,0.843360235944631
2020-10-24 00:00:00 UTC,0.843086941646685
2020-10-25 00:00:00 UTC,0.842774191836565
2020-10-26 00:00:00 UTC,0.842981967546958
2020-10-27 00:00:00 UTC,0.845834878988859
2020-10-28 00:00:00 UTC,0.84841495144655
2020-10-29 00:00:00 UTC,0.851757199149874
2020-10-30 00:00:00 UTC,0.855614869938262
2020-10-31 00:00:00 UTC,0.853119776240261
2020-11-01 00:00:00 UTC,0.85470028071361
2020-11-02 00:00:00 UTC,0.857057564338626
2020-11-03 00:00:00 UTC,0.857454169149157
2020-11-04 00:00:00 UTC,0.850028724694318
2020-11-05 00:00:00 UTC,0.851683402781755
2020-11-06 00:00:00 UTC,0.844044489200553
2020-11-07 00:00:00 UTC,0.840425872546202
2020-11-08 00:00:00 UTC,0.840678444937063
2020-11-09 00:00:00 UTC,0.840401378902973
2020-11-10 00:00:00 UTC,0.84541401706126
2020-11-11 00:00:00 UTC,0.844639189977147
2020-11-12 00:00:00 UTC,0.847452561540219
2020-11-13 00:00:00 UTC,0.845752728197646
2020-11-14 00:00:00 UTC,0.844520453616595
2020-11-15 00:00:00 UTC,0.844097656522557
2020-11-16 00:00:00 UTC,0.844662889390331
2020-11-17 00:00:00 UTC,0.841530159669276
2020-11-18 00:00:00 UTC,0.841740449110155
2020-11-19 00:00:00 UTC,0.843373763611364
2020-11-20 00:00:00 UTC,0.842286096266414
2020-11-21 00:00:00 UTC,0.842259402679312
2020-11-22 00:00:00 UTC,0.841179509015463
2020-11-23 00:00:00 UTC,0.840159010875304
2020-11-24 00:00:00 UTC,0.842730380191456
2020-11-25 00:00:00 UTC,0.838385282416108
2020-11-26 00:00:00 UTC,0.838491909591415
2020-11-27 00:00:00 UTC,0.840532965814201
2020-11-28 00:00:00 UTC,0.837234867752664
2020-11-29 00:00:00 UTC,0.8347896244768
2020-11-30 00:00:00 UTC,0.835171120234423
2020-12-01 00:00:00 UTC,0.834764844370767
2020-12-02 00:00:00 UTC,0.829460621229635
2020-12-03 00:00:00 UTC,0.825295097768204
2020-12-04 00:00:00 UTC,0.82265307007921
2020-12-05 00:00:00 UTC,0.824767029676675
2020-12-06 00:00:00 UTC,0.825651714774537
2020-12-07 00:00:00 UTC,0.82457502182805
2020-12-08 00:00:00 UTC,0.825698585773214
2020-12-09 00:00:00 UTC,0.825902105904749
2020-12-10 00:00:00 UTC,0.828260012517223
2020-12-11 00:00:00 UTC,0.82380124798005
2020-12-12 00:00:00 UTC,0.825698278420007
2020-12-13 00:00:00 UTC,0.82534065130721
2020-12-14 00:00:00 UTC,0.824641450453109
2020-12-15 00:00:00 UTC,0.82230503421836
2020-12-16 00:00:00 UTC,0.82274780628763
2020-12-17 00:00:00 UTC,0.817999974538025
2020-12-18 00:00:00 UTC,0.815972069549607
2020-12-19 00:00:00 UTC,0.816480902072434
2020-12-20 00:00:00 UTC,0.815593148242364
2020-12-21 00:00:00 UTC,0.818007197627957
2020-12-22 00:00:00 UTC,0.814705762045321
2020-12-23 00:00:00 UTC,0.822413233624006
2020-12-24 00:00:00 UTC,0.822576068885485
2020-12-25 00:00:00 UTC,0.822578296914773
2020-12-26 00:00:00 UTC,0.820385526495874
2020-12-27 00:00:00 UTC,0.821307460647347
2020-12-28 00:00:00 UTC,0.818132426958127
2020-12-29 00:00:00 UTC,0.820869924865081
2020-12-30 00:00:00 UTC,0.818891117611096
2020-12-31 00:00:00 UTC,0.813561976139021
2021-01-01 00:00:00 UTC,0.819852259790407
2021-01-02 00:00:00 UTC,0.820875206485575
2021-01-03 00:00:00 UTC,0.826206601624962
2021-01-04 00:00:00 UTC,0.813455255728412
2021-01-05 00:00:00 UTC,0.800776619083254
2021-01-06 00:00:00 UTC,0.813037422703072
2021-01-07 00:00:00 UTC,0.810607855605888
2021-01-08 00:00:00 UTC,0.818222280536918
2021-01-09 00:00:00 UTC,0.819488304175529
2021-01-10 00:00:00 UTC,0.816892927947617
2021-01-11 00:00:00 UTC,0.821970293251893
2021-01-12 00:00:00 UTC,0.82550425526848
2021-01-13 00:00:00 UTC,0.821722946022441
2021-01-14 00:00:00 UTC,0.82417456929392
2021-01-15 00:00:00 UTC,0.825977164828122
2021-01-16 00:00:00 UTC,0.829545164408854
2021-01-17 00:00:00 UTC,0.828217885076099
2021-01-18 00:00:00 UTC,0.826824547289842
2021-01-19 00:00:00 UTC,0.827668840802141
2021-01-20 00:00:00 UTC,0.819128193751515
2021-01-21 00:00:00 UTC,0.826645526167118
2021-01-22 00:00:00 UTC,0.822136601540022
2021-01-23 00:00:00 UTC,0.822530235491542
2021-01-24 00:00:00 UTC,0.821116398833088
2021-01-25 00:00:00 UTC,0.822487988173108
2021-01-26 00:00:00 UTC,0.822809326168666
2021-01-27 00:00:00 UTC,0.822066925052928
2021-01-28 00:00:00 UTC,0.826661721723807
2021-01-29 00:00:00 UTC,0.81899437487306
2021-01-30 00:00:00 UTC,0.822063414543173
2021-01-31 00:00:00 UTC,0.82101330403905
2021-02-01 00:00:00 UTC,0.822502160168645
2021-02-02 00:00:00 UTC,0.827132091105802
2021-02-03 00:00:00 UTC,0.829781967478331
2021-02-04 00:00:00 UTC,0.830364621982061
2021-02-05 00:00:00 UTC,0.831587318121821
2021-02-06 00:00:00 UTC,0.830764361628544
2021-02-07 00:00:00 UTC,0.830426261513701
2021-02-08 00:00:00 UTC,0.826297826305503
2021-02-09 00:00:00 UTC,0.831580690258589
2021-02-10 00:00:00 UTC,0.826602300139917
2021-02-11 00:00:00 UTC,0.822539701694762
2021-02-12 00:00:00 UTC,0.821683006294612
2021-02-13 00:00:00 UTC,0.82432646727531
2021-02-14 00:00:00 UTC,0.824518840890429
2021-02-15 00:00:00 UTC,0.821971213090929
2021-02-16 00:00:00 UTC,0.823742552862261
2021-02-17 00:00:00 UTC,0.828203765332535
2021-02-18 00:00:00 UTC,0.829460992935698
2021-02-19 00:00:00 UTC,0.828616917365281
2021-02-20 00:00:00 UTC,0.829366188164906
2021-02-21 00:00:00 UTC,0.832434654918555
2021-02-22 00:00:00 UTC,0.826821468800359
2021-02-23 00:00:00 UTC,0.826561716291994
2021-02-24 00:00:00 UTC,0.827809176703554
2021-02-25 00:00:00 UTC,0.825762320967109
2021-02-26 00:00:00 UTC,0.816407502346415
2021-02-27 00:00:00 UTC,0.834163224467396
2021-02-28 00:00:00 UTC,0.83588114433455
2021-03-01 00:00:00 UTC,0.825000748550104
2021-03-02 00:00:00 UTC,0.832237412283758
2021-03-03 00:00:00 UTC,0.832467800189712
2021-03-04 00:00:00 UTC,0.827247095837704
2021-03-05 00:00:00 UTC,0.843662827440404
2021-03-06 00:00:00 UTC,0.842960705902142
2021-03-07 00:00:00 UTC,0.839238723747004
2021-03-08 00:00:00 UTC,0.84083580738855
2021-03-09 00:00:00 UTC,0.84673963567561
2021-03-10 00:00:00 UTC,0.842017170640606
2021-03-11 00:00:00 UTC,0.836843758649558
2021-03-12 00:00:00 UTC,0.83383589824559
2021-03-13 00:00:00 UTC,0.837668968470419
2021-03-14 00:00:00 UTC,0.836743865085883
2021-03-15 00:00:00 UTC,0.831859847192096
2021-03-16 00:00:00 UTC,0.838077188432273
2021-03-17 00:00:00 UTC,0.845310943826279
2021-03-18 00:00:00 UTC,0.837966871453604
2021-03-19 00:00:00 UTC,0.842196475181085
2021-03-20 00:00:00 UTC,0.837847783140082
2021-03-21 00:00:00 UTC,0.837651507541817
2021-03-22 00:00:00 UTC,0.844644593668196
2021-03-23 00:00:00 UTC,0.839365389116717
2021-03-24 00:00:00 UTC,0.844263310521958
2021-03-25 00:00:00 UTC,0.846774963391723
2021-03-26 00:00:00 UTC,0.849126313371218
2021-03-27 00:00:00 UTC,0.850455623776749
2021-03-28 00:00:00 UTC,0.847922318601218
2021-03-29 00:00:00 UTC,0.849524006553751
2021-03-30 00:00:00 UTC,0.852756608188741
2021-03-31 00:00:00 UTC,0.853582079718191
2021-04-01 00:00:00 UTC,0.851838308694716
2021-04-02 00:00:00 UTC,0.848863086748472
2021-04-03 00:00:00 UTC,0.849350192433347
2021-04-04 00:00:00 UTC,0.8465373721735
2021-04-05 00:00:00 UTC,0.850225394888034
2021-04-06 00:00:00 UTC,0.84588972630915
2021-04-07 00:00:00 UTC,0.842091311426763
2021-04-08 00:00:00 UTC,0.841049789757709
2021-04-09 00:00:00 UTC,0.840301167217003
2021-04-10 00:00:00 UTC,0.841319121397245
2021-04-11 00:00:00 UTC,0.841539491575911
2021-04-12 00:00:00 UTC,0.841557152030634
2021-04-13 00:00:00 UTC,0.839515626422996
2021-04-14 00:00:00 UTC,0.8375678399922
2021-04-15 00:00:00 UTC,0.83442111571039
2021-04-16 00:00:00 UTC,0.835403296726954
2021-04-17 00:00:00 UTC,0.833415289975499
2021-04-18 00:00:00 UTC,0.834792338720105
2021-04-19 00:00:00 UTC,0.834940577632685
2021-04-20 00:00:00 UTC,0.829995006405033
2021-04-21 00:00:00 UTC,0.829665687964997
2021-04-22 00:00:00 UTC,0.830301967864525
2021-04-23 00:00:00 UTC,0.834498612690346
2021-04-24 00:00:00 UTC,0.827526844714045
2021-04-25 00:00:00 UTC,0.825242641752221
2021-04-26 00:00:00 UTC,0.826660388539913
2021-04-27 00:00:00 UTC,0.828435204860752
2021-04-28 00:00:00 UTC,0.825948287449678
2021-04-29 00:00:00 UTC,0.824537786742371
2021-04-30 00:00:00 UTC,0.826039216062792
2021-05-01 00:00:00 UTC,0.832502278931441
2021-05-02 00:00:00 UTC,0.831816413024371
2021-05-03 00:00:00 UTC,0.830865962807227
2021-05-04 00:00:00 UTC,0.829302357595582
2021-05-05 00:00:00 UTC,0.82612754571833
2021-05-06 00:00:00 UTC,0.833202367616072
2021-05-07 00:00:00 UTC,0.826419131368434
2021-05-08 00:00:00 UTC,0.824183104397242
2021-05-09 00:00:00 UTC,0.823199210176861
2021-05-10 00:00:00 UTC,0.820608334219041
2021-05-11 00:00:00 UTC,0.822799249002907
2021-05-12 00:00:00 UTC,0.82478265202468
2021-05-13 00:00:00 UTC,0.821524899833839
2021-05-14 00:00:00 UTC,0.832918605817643
2021-05-15 00:00:00 UTC,0.823488896037645
2021-05-16 00:00:00 UTC,0.827241037663555
2021-05-17 00:00:00 UTC,0.832054846719911
2021-05-18 00:00:00 UTC,0.823898350720379
2021-05-19 00:00:00 UTC,0.819402880976421
2021-05-20 00:00:00 UTC,0.818956397151313
2021-05-21 00:00:00 UTC,0.812966510837824
2021-05-22 00:00:00 UTC,0.818635221537399
2021-05-23 00:00:00 UTC,0.819452130577398
2021-05-24 00:00:00 UTC,0.82061763758441
2021-05-25 00:00:00 UTC,0.818885911368034
2021-05-26 00:00:00 UTC,0.815847094982569
2021-05-27 00:00:00 UTC,0.820030412625804
2021-05-28 00:00:00 UTC,0.820400333231224
2021-05-29 00:00:00 UTC,0.82481105190401
2021-05-30 00:00:00 UTC,0.817125546538051
2021-05-31 00:00:00 UTC,0.82055672721477
2021-06-01 00:00:00 UTC,0.818812960268431
2021-06-02 00:00:00 UTC,0.81905697320492
2021-06-03 00:00:00 UTC,0.817384125287793
2021-06-04 00:00:00 UTC,0.826577710496042
2021-06-05 00:00:00 UTC,0.822134472468961
2021-06-06 00:00:00 UTC,0.823369754505102
2021-06-07 00:00:00 UTC,0.824794091051565
2021-06-08 00:00:00 UTC,0.819763517887795
2021-06-09 00:00:00 UTC,0.823451387330624
2021-06-10 00:00:00 UTC,0.822448341103264
2021-06-11 00:00:00 UTC,0.821980919860093
2021-06-12 00:00:00 UTC,0.826193086009752
2021-06-13 00:00:00 UTC,0.825858233823591
2021-06-14 00:00:00 UTC,0.831411328314278
2021-06-15 00:00:00 UTC,0.82926466599232
2021-06-16 00:00:00 UTC,0.827161660379476
2021-06-17 00:00:00 UTC,0.834306455530781
2021-06-18 00:00:00 UTC,0.844066067719765
2021-06-19 00:00:00 UTC,0.845483463755366
2021-06-20 00:00:00 UTC,0.842964588719595
2021-06-21 00:00:00 UTC,0.847579213068623
2021-06-22 00:00:00 UTC,0.83907002235228
2021-06-23 00:00:00 UTC,0.841066633211601
2021-06-24 00:00:00 UTC,0.841539123568723
2021-06-25 00:00:00 UTC,0.838422165158375
2021-06-26 00:00:00 UTC,0.841874282431403
2021-06-27 00:00:00 UTC,0.841326952089112
2021-06-28 00:00:00 UTC,0.840888559375355
2021-06-29 00:00:00 UTC,0.840816762248319
2021-06-30 00:00:00 UTC,0.839988992983244
2021-07-01 00:00:00 UTC,0.846173334413685
2021-07-02 00:00:00 UTC,0.848308341309552
2021-07-03 00:00:00 UTC,0.84537454815884
2021-07-04 00:00:00 UTC,0.844974162386418
2021-07-05 00:00:00 UTC,0.844210788766278
2021-07-06 00:00:00 UTC,0.844292173466196
2021-07-07 00:00:00 UTC,0.847597609023419
2021-07-08 00:00:00 UTC,0.848037646232557
2021-07-09 00:00:00 UTC,0.847039323693877
2021-07-10 00:00:00 UTC,0.843405182315711
2021-07-11 00:00:00 UTC,0.843881550089109
2021-07-12 00:00:00 UTC,0.843462366413128
2021-07-13 00:00:00 UTC,0.846216519017325
2021-07-14 00:00:00 UTC,0.850753111850112
2021-07-15 00:00:00 UTC,0.846561374159896
2021-07-16 00:00:00 UTC,0.849888273617318
2021-07-17 00:00:00 UTC,0.846064213884741
2021-07-18 00:00:00 UTC,0.847090189402842
2021-07-19 00:00:00 UTC,0.85076134809176
2021-07-20 00:00:00 UTC,0.848749410730246
2021-07-21 00:00:00 UTC,0.851543935019618
2021-07-22 00:00:00 UTC,0.854514947003547
2021-07-23 00:00:00 UTC,0.851396559505586
2021-07-24 00:00:00 UTC,0.850156405500612
2021-07-25 00:00:00 UTC,0.851546021942963
2021-07-26 00:00:00 UTC,0.853771987928683
2021-07-27 00:00:00 UTC,0.84213306029894
2021-07-28 00:00:00 UTC,0.848876975375728
2021-07-29 00:00:00 UTC,0.844739366605622
2021-07-30 00:00:00 UTC,0.83870998206395
2021-07-31 00:00:00 UTC,0.847437114375516
2021-08-01 00:00:00 UTC,0.841800310453907
2021-08-02 00:00:00 UTC,0.841451460291412
2021-08-03 00:00:00 UTC,0.841979676754829
2021-08-04 00:00:00 UTC,0.841642799580314
2021-08-05 00:00:00 UTC,0.844594130475629
2021-08-06 00:00:00 UTC,0.843761127518107
2021-08-07 00:00:00 UTC,0.850386190739514
2021-08-08 00:00:00 UTC,0.850858458895779
2021-08-09 00:00:00 UTC,0.851586296250124
2021-08-10 00:00:00 UTC,0.852036611380469
2021-08-11 00:00:00 UTC,0.853564830325619
2021-08-12 00:00:00 UTC,0.851333196930574
2021-08-13 00:00:00 UTC,0.852768836756856
2021-08-14 00:00:00 UTC,0.848760170343904
2021-08-15 00:00:00 UTC,0.847782184038499
2021-08-16 00:00:00 UTC,0.846839076475584
2021-08-17 00:00:00 UTC,0.84887586530774
2021-08-18 00:00:00 UTC,0.851547100332488
2021-08-19 00:00:00 UTC,0.853569815184527
2021-08-20 00:00:00 UTC,0.859760866035259
2021-08-21 00:00:00 UTC,0.854754410915078
2021-08-22 00:00:00 UTC,0.853619429103146
2021-08-23 00:00:00 UTC,0.854470274865267
2021-08-24 00:00:00 UTC,0.851437268352358
2021-08-25 00:00:00 UTC,0.850285876266505
2021-08-26 00:00:00 UTC,0.849640735214627
2021-08-27 00:00:00 UTC,0.85169666955749
2021-08-28 00:00:00 UTC,0.847880020580027
2021-08-29 00:00:00 UTC,0.850046894572719
2021-08-30 00:00:00 UTC,0.848058851865052
2021-08-31 00:00:00 UTC,0.848206228675729
2021-09-01 00:00:00 UTC,0.848203644278584
2021-09-02 00:00:00 UTC,0.844384698522212
2021-09-03 00:00:00 UTC,0.841572281999676
2021-09-04 00:00:00 UTC,0.842572475484061
2021-09-05 00:00:00 UTC,0.84169236368869
2021-09-06 00:00:00 UTC,0.841508846465254
2021-09-07 00:00:00 UTC,0.843110201868505
2021-09-08 00:00:00 UTC,0.845800414822204
2021-09-09 00:00:00 UTC,0.846690016164234
2021-09-10 00:00:00 UTC,0.847789585363318
2021-09-11 00:00:00 UTC,0.847347113253004
2021-09-12 00:00:00 UTC,0.848059543722502
2021-09-13 00:00:00 UTC,0.845804522276206
2021-09-14 00:00:00 UTC,0.849339298955558
2021-09-15 00:00:00 UTC,0.848952009398905
2021-09-16 00:00:00 UTC,0.846884675490608
2021-09-17 00:00:00 UTC,0.851341482754998
2021-09-18 00:00:00 UTC,0.852871853156694
2021-09-19 00:00:00 UTC,0.85595442672563
2021-09-20 00:00:00 UTC,0.856057336520916
2021-09-21 00:00:00 UTC,0.848398678330835
2021-09-22 00:00:00 UTC,0.849769952172751
2021-09-23 00:00:00 UTC,0.85535017829393
2021-09-24 00:00:00 UTC,0.854299995454091
2021-09-25 00:00:00 UTC,0.854351523860315
2021-09-26 00:00:00 UTC,0.85591894409593
2021-09-27 00:00:00 UTC,0.856387442777976
2021-09-28 00:00:00 UTC,0.852551292881964
2021-09-29 00:00:00 UTC,0.853844229377463
2021-09-30 00:00:00 UTC,0.864920915986067
2021-10-01 00:00:00 UTC,0.867941806274964
2021-10-02 00:00:00 UTC,0.864258728521713
2021-10-03 00:00:00 UTC,0.862178533540283
2021-10-04 00:00:00 UTC,0.862831300760588
2021-10-05 00:00:00 UTC,0.861572080698861
2021-10-06 00:00:00 UTC,0.862958934697601
2021-10-07 00:00:00 UTC,0.867102938719269
2021-10-08 00:00:00 UTC,0.866699951278082
2021-10-09 00:00:00 UTC,0.864046810823518
2021-10-10 00:00:00 UTC,0.866222764643395
2021-10-11 00:00:00 UTC,0.865519858930802
2021-10-12 00:00:00 UTC,0.87082788335879
2021-10-13 00:00:00 UTC,0.868334269828003
2021-10-14 00:00:00 UTC,0.864864211719071
2021-10-15 00:00:00 UTC,0.863874994778932
2021-10-16 00:00:00 UTC,0.866579856444297
2021-10-17 00:00:00 UTC,0.864201375921982
2021-10-18 00:00:00 UTC,0.863935219903111
2021-10-19 00:00:00 UTC,0.861332273400804
2021-10-20 00:00:00 UTC,0.859399587072275
2021-10-21 00:00:00 UTC,0.860442652078122
2021-10-22 00:00:00 UTC,0.863982459104673
2021-10-23 00:00:00 UTC,0.862688458384491
2021-10-24 00:00:00 UTC,0.863630991641398
2021-10-25 00:00:00 UTC,0.863322871836085
2021-10-26 00:00:00 UTC,0.864609026130037
2021-10-27 00:00:00 UTC,0.862013691526242
2021-10-28 00:00:00 UTC,0.861462567619622
2021-10-29 00:00:00 UTC,0.857220812542187
2021-10-30 00:00:00 UTC,0.866711615997428
2021-10-31 00:00:00 UTC,0.86701280594856
2021-11-01 00:00:00 UTC,0.864063613395002
2021-11-02 00:00:00 UTC,0.862445158090171
2021-11-03 00:00:00 UTC,0.866722329946446
2021-11-04 00:00:00 UTC,0.861718841635849
2021-11-05 00:00:00 UTC,0.86999578812371
2021-11-06 00:00:00 UTC,0.867961639181257
2021-11-07 00:00:00 UTC,0.869837204337775
2021-11-08 00:00:00 UTC,0.865901468667505
2021-11-09 00:00:00 UTC,0.863588225049249
2021-11-10 00:00:00 UTC,0.864001106078753
2021-11-11 00:00:00 UTC,0.873960229786613
2021-11-12 00:00:00 UTC,0.874772919854997
2021-11-13 00:00:00 UTC,0.879049953952282
2021-11-14 00:00:00 UTC,0.876996988792589
2021-11-15 00:00:00 UTC,0.882530309017103
2021-11-16 00:00:00 UTC,0.882461830058692
2021-11-17 00:00:00 UTC,0.886472218763989
2021-11-18 00:00:00 UTC,0.889534194751423
2021-11-19 00:00:00 UTC,0.880175058655361
2021-11-20 00:00:00 UTC,0.890847062593613
2021-11-21 00:00:00 UTC,0.891561168039884
2021-11-22 00:00:00 UTC,0.889370668422416
2021-11-23 00:00:00 UTC,0.889315597540357
2021-11-24 00:00:00 UTC,0.890450777674652
2021-11-25 00:00:00 UTC,0.892461517225247
2021-11-26 00:00:00 UTC,0.890372464217825
2021-11-27 00:00:00 UTC,0.883341584842849
2021-11-28 00:00:00 UTC,0.88315957340262
2021-11-29 00:00:00 UTC,0.886252062366272
2021-11-30 00:00:00 UTC,0.883928481345811
2021-12-01 00:00:00 UTC,0.880489407362823
2021-12-02 00:00:00 UTC,0.88415312327538
2021-12-03 00:00:00 UTC,0.882763639485042
2021-12-04 00:00:00 UTC,0.8856482593688
2021-12-05 00:00:00 UTC,0.883093936469122
2021-12-06 00:00:00 UTC,0.885694139356663
2021-12-07 00:00:00 UTC,0.887071316913497
2021-12-08 00:00:00 UTC,0.888845578728838
2021-12-09 00:00:00 UTC,0.881540763537435
2021-12-10 00:00:00 UTC,0.884261866773092
2021-12-11 00:00:00 UTC,0.880084657056053
2021-12-12 00:00:00 UTC,0.881562045993818
2021-12-13 00:00:00 UTC,0.88349358477904
2021-12-14 00:00:00 UTC,0.884742417999411
2021-12-15 00:00:00 UTC,0.88951305187258
2021-12-16 00:00:00 UTC,0.885134240870013
2021-12-17 00:00:00 UTC,0.882699081534924
2021-12-18 00:00:00 UTC,0.889456639085555
2021-12-19 00:00:00 UTC,0.890096662447994
2021-12-20 00:00:00 UTC,0.888393472370175
2021-12-21 00:00:00 UTC,0.889620155991287
2021-12-22 00:00:00 UTC,0.887778482920734
2021-12-23 00:00:00 UTC,0.884831868699358
2021-12-24 00:00:00 UTC,0.886154580947203
2021-12-25 00:00:00 UTC,0.885067505784605
2021-12-26 00:00:00 UTC,0.883191572743142
2021-12-27 00:00:00 UTC,0.883137197855251
2021-12-28 00:00:00 UTC,0.882692978340921
2021-12-29 00:00:00 UTC,0.883809995442632
2021-12-30 00:00:00 UTC,0.885175128671318
2021-12-31 00:00:00 UTC,0.885901330580491
2022-01-01 00:00:00 UTC,0.879580601102663
2022-01-02 00:00:00 UTC,0.883568248230894
2022-01-03 00:00:00 UTC,0.879809478832747
2022-01-04 00:00:00 UTC,0.885784031026236
2022-01-05 00:00:00 UTC,0.886067654050666
2022-01-06 00:00:00 UTC,0.885362736167328
2022-01-07 00:00:00 UTC,0.88576813726133
2022-01-08 00:00:00 UTC,0.882061661567297
2022-01-09 00:00:00 UTC,0.87967846966407
2022-01-10 00:00:00 UTC,0.881441690717562
2022-01-11 00:00:00 UTC,0.883131327589895
2022-01-12 00:00:00 UTC,0.879647005690868
2022-01-13 00:00:00 UTC,0.875296318909593
2022-01-14 00:00:00 UTC,0.872908292366136
2022-01-15 00:00:00 UTC,0.876768300443534
2022-01-16 00:00:00 UTC,0.876123205651674
2022-01-17 00:00:00 UTC,0.876233699249303
2022-01-18 00:00:00 UTC,0.878625058237915
2022-01-19 00:00:00 UTC,0.882322877292007
2022-01-20 00:00:00 UTC,0.880575697276758
2022-01-21 00:00:00 UTC,0.884295439497896
2022-01-22 00:00:00 UTC,0.884022698482541
2022-01-23 00:00:00 UTC,0.885061148030739
2022-01-24 00:00:00 UTC,0.886281853324415
2022-01-25 00:00:00 UTC,0.883967620654209
2022-01-26 00:00:00 UTC,0.887126975678708
2022-01-27 00:00:00 UTC,0.890542206619376
2022-01-28 00:00:00 UTC,0.899712639246812
2022-01-29 00:00:00 UTC,0.89722345770744
2022-01-30 00:00:00 UTC,0.899708337837272
2022-01-31 00:00:00 UTC,0.897680614248652
2022-02-01 00:00:00 UTC,0.891422541101333
2022-02-02 00:00:00 UTC,0.887629815194255
2022-02-03 00:00:00 UTC,0.885638238681012
2022-02-04 00:00:00 UTC,0.876030941797571
2022-02-05 00:00:00 UTC,0.882968955842832
2022-02-06 00:00:00 UTC,0.872100038780687
2022-02-07 00:00:00 UTC,0.874610336235383
2022-02-08 00:00:00 UTC,0.873243529518721
2022-02-09 00:00:00 UTC,0.876410204423077
2022-02-10 00:00:00 UTC,0.876651478466411
2022-02-11 00:00:00 UTC,0.87793840689824
2022-02-12 00:00:00 UTC,0.88126151526919
2022-02-13 00:00:00 UTC,0.881826146321654
2022-02-14 00:00:00 UTC,0.880017528332873
2022-02-15 00:00:00 UTC,0.884358429141032
2022-02-16 00:00:00 UTC,0.880507800943987
2022-02-17 00:00:00 UTC,0.878395885281663
2022-02-18 00:00:00 UTC,0.879116999648163
2022-02-19 00:00:00 UTC,0.88385336467599
2022-02-20 00:00:00 UTC,0.885397643109392
2022-02-21 00:00:00 UTC,0.885056610842014
2022-02-22 00:00:00 UTC,0.885987049202846
2022-02-23 00:00:00 UTC,0.882368482754041
2022-02-24 00:00:00 UTC,0.885042353298308
2022-02-25 00:00:00 UTC,0.894210600955737
2022-02-26 00:00:00 UTC,0.888214551559757
2022-02-27 00:00:00 UTC,0.889442647850435
2022-02-28 00:00:00 UTC,0.89658442074081
2022-03-01 00:00:00 UTC,0.891952267800748
2022-03-02 00:00:00 UTC,0.899041790656512
2022-03-03 00:00:00 UTC,0.899194004710651
2022-03-04 00:00:00 UTC,0.903045042686605
2022-03-05 00:00:00 UTC,0.915036783074167
2022-03-06 00:00:00 UTC,0.916214291339785
2022-03-07 00:00:00 UTC,0.920236971331269
2022-03-08 00:00:00 UTC,0.919297320046875
2022-03-09 00:00:00 UTC,0.91784592364455
2022-03-10 00:00:00 UTC,0.903039640749875
2022-03-11 00:00:00 UTC,0.908517433562955
2022-03-12 00:00:00 UTC,0.915567581495084
2022-03-13 00:00:00 UTC,0.916570317376651
2022-03-14 00:00:00 UTC,0.91539046275897
2022-03-15 00:00:00 UTC,0.914479152295832
2022-03-16 00:00:00 UTC,0.911663658064418
2022-03-17 00:00:00 UTC,0.907288552093573
2022-03-18 00:00:00 UTC,0.901755335669292
2022-03-19 00:00:00 UTC,0.90389753693926
2022-03-20 00:00:00 UTC,0.903634727680084
2022-03-21 00:00:00 UTC,0.905167297190901
2022-03-22 00:00:00 UTC,0.906665828517727
2022-03-23 00:00:00 UTC,0.9063602737678
2022-03-24 00:00:00 UTC,0.907711470010637
2022-03-25 00:00:00 UTC,0.90866571415253
2022-03-26 00:00:00 UTC,0.909693752608774
2022-03-27 00:00:00 UTC,0.909714897155625
2022-03-28 00:00:00 UTC,0.911153069826986
2022-03-29 00:00:00 UTC,0.908779263414778
2022-03-30 00:00:00 UTC,0.902590553154189
2022-03-31 00:00:00 UTC,0.903098321698192
2022-04-01 00:00:00 UTC,0.909873993051929
2022-04-02 00:00:00 UTC,0.910160512523693
2022-04-03 00:00:00 UTC,0.908345929233894
2022-04-04 00:00:00 UTC,0.906681561532903
2022-04-05 00:00:00 UTC,0.911640047752493
2022-04-06 00:00:00 UTC,0.914960560864806
2022-04-07 00:00:00 UTC,0.918985046839035
2022-04-08 00:00:00 UTC,0.917370061734945
2022-04-09 00:00:00 UTC,0.917884352019859
2022-04-10 00:00:00 UTC,0.920611468173753
2022-04-11 00:00:00 UTC,0.916387220125745
2022-04-12 00:00:00 UTC,0.917376823960976
2022-04-13 00:00:00 UTC,0.921249885220458
2022-04-14 00:00:00 UTC,0.917883098679924
2022-04-15 00:00:00 UTC,0.923575837849869
2022-04-16 00:00:00 UTC,0.924868807671664
2022-04-17 00:00:00 UTC,0.922898104058012
2022-04-18 00:00:00 UTC,0.924571126643924
2022-04-19 00:00:00 UTC,0.926777515416329
2022-04-20 00:00:00 UTC,0.926006098220958
2022-04-21 00:00:00 UTC,0.920684663957432
2022-04-22 00:00:00 UTC,0.922280634538436
2022-04-23 00:00:00 UTC,0.926570184135148
2022-04-24 00:00:00 UTC,0.928043373844383
2022-04-25 00:00:00 UTC,0.924525339685767
2022-04-26 00:00:00 UTC,0.93291152404751
2022-04-27 00:00:00 UTC,0.93748488256198
2022-04-28 00:00:00 UTC,0.945058025086228
2022-04-29 00:00:00 UTC,0.950864153813991
2022-04-30 00:00:00 UTC,0.945951691351993
2022-05-01 00:00:00 UTC,0.946499538034533
2022-05-02 00:00:00 UTC,0.94711544551707
2022-05-03 00:00:00 UTC,0.949865683194322
2022-05-04 00:00:00 UTC,0.948673947188385
2022-05-05 00:00:00 UTC,0.941343737868587
2022-05-06 00:00:00 UTC,0.947874720489568
2022-05-07 00:00:00 UTC,0.945213377553897
2022-05-08 00:00:00 UTC,0.945417024553337
2022-05-09 00:00:00 UTC,0.948746964340148
2022-05-10 00:00:00 UTC,0.945870468315223
2022-05-11 00:00:00 UTC,0.949154204365983
2022-05-12 00:00:00 UTC,0.951690974224237
2022-05-13 00:00:00 UTC,0.964638930003508
2022-05-14 00:00:00 UTC,0.96272069760952
2022-05-15 00:00:00 UTC,0.967022590562038
2022-05-16 00:00:00 UTC,0.964233624124826
2022-05-17 00:00:00 UTC,0.96069549067185
2022-05-18 00:00:00 UTC,0.950592791923014
2022-05-19 00:00:00 UTC,0.957074968654046
2022-05-20 00:00:00 UTC,0.946641787600199
2022-05-21 00:00:00 UTC,0.948043820671542
2022-05-22 00:00:00 UTC,0.949072594823764
2022-05-23 00:00:00 UTC,0.947613053025988
2022-05-24 00:00:00 UTC,0.937254214930335
2022-05-25 00:00:00 UTC,0.932274485260959
2022-05-26 00:00:00 UTC,0.936051814969195
2022-05-27 00:00:00 UTC,0.933679915182376
2022-05-28 00:00:00 UTC,0.932163809925354
2022-05-29 00:00:00 UTC,0.934469364122793
2022-05-30 00:00:00 UTC,0.935786518344667
2022-05-31 00:00:00 UTC,0.929312494340402
2022-06-01 00:00:00 UTC,0.932048961393574
2022-06-02 00:00:00 UTC,0.939343316858863
2022-06-03 00:00:00 UTC,0.929098704760864
2022-06-04 00:00:00 UTC,0.933474014953392
2022-06-05 00:00:00 UTC,0.934182482560716
2022-06-06 00:00:00 UTC,0.933092900179721
2022-06-07 00:00:00 UTC,0.936776776627539
2022-06-08 00:00:00 UTC,0.936591322009629
2022-06-09 00:00:00 UTC,0.933793183400699
2022-06-10 00:00:00 UTC,0.942468170017276
2022-06-11 00:00:00 UTC,0.952171403854249
2022-06-12 00:00:00 UTC,0.950761273951481
2022-06-13 00:00:00 UTC,0.95427612835725
2022-06-14 00:00:00 UTC,0.963937185618244
2022-06-15 00:00:00 UTC,0.959407430611885
2022-06-16 00:00:00 UTC,0.960765610047493
2022-06-17 00:00:00 UTC,0.951955795412466
2022-06-18 00:00:00 UTC,0.952600062979301
2022-06-19 00:00:00 UTC,0.956159834904693
2022-06-20 00:00:00 UTC,0.956354323645187
2022-06-21 00:00:00 UTC,0.953178112956804
2022-06-22 00:00:00 UTC,0.948876085231164
2022-06-23 00:00:00 UTC,0.946728590034854
2022-06-24 00:00:00 UTC,0.95218940574591
2022-06-25 00:00:00 UTC,0.946788310906274
2022-06-26 00:00:00 UTC,0.950433682517635
2022-06-27 00:00:00 UTC,0.947513406163234
2022-06-28 00:00:00 UTC,0.94610954263872
2022-06-29 00:00:00 UTC,0.95120936022629
2022-06-30 00:00:00 UTC,0.958082448377903
2022-07-01 00:00:00 UTC,0.942771354362367
2022-07-02 00:00:00 UTC,0.959745328693761
2022-07-03 00:00:00 UTC,0.960160246224327
2022-07-04 00:00:00 UTC,0.960314359364123
2022-07-05 00:00:00 UTC,0.9602180214781
2022-07-06 00:00:00 UTC,0.976051244870215
2022-07-07 00:00:00 UTC,0.982843503468703
2022-07-08 00:00:00 UTC,0.985239873333025
2022-07-09 00:00:00 UTC,0.985309808417394
2022-07-10 00:00:00 UTC,0.982013634693016
2022-07-11 00:00:00 UTC,0.984029293825617
2022-07-12 00:00:00 UTC,0.995294105758797
2022-07-13 00:00:00 UTC,0.998090396390407
2022-07-14 00:00:00 UTC,0.997945585892731
2022-07-15 00:00:00 UTC,0.998913384336124
2022-07-16 00:00:00 UTC,0.991591306727289
2022-07-17 00:00:00 UTC,0.992112092623902
2022-07-18 00:00:00 UTC,0.992134861047581
2022-07-19 00:00:00 UTC,0.986107839807658
2022-07-20 00:00:00 UTC,0.976672204322347
2022-07-21 00:00:00 UTC,0.977132036470097
2022-07-22 00:00:00 UTC,0.978096299728093
2022-07-23 00:00:00 UTC,0.97992368242899
2022-07-24 00:00:00 UTC,0.980312209954363
2022-07-25 00:00:00 UTC,0.978755016033099
2022-07-26 00:00:00 UTC,0.980813191374439
2022-07-27 00:00:00 UTC,0.987407369214625
2022-07-28 00:00:00 UTC,0.980655064503291
2022-07-29 00:00:00 UTC,0.983469089427468
2022-07-30 00:00:00 UTC,0.977853533785023
2022-07-31 00:00:00 UTC,0.978724835286489
2022-08-01 00:00:00 UTC,0.979549621975968
2022-08-02 00:00:00 UTC,0.975581017972595
2022-08-03 00:00:00 UTC,0.983508237585416
2022-08-04 00:00:00 UTC,0.986509647565476
2022-08-05 00:00:00 UTC,0.977450922055387
2022-08-06 00:00:00 UTC,0.982537902916929
2022-08-07 00:00:00 UTC,0.982233966186271
2022-08-08 00:00:00 UTC,0.982620683764355
2022-08-09 00:00:00 UTC,0.981548464741214
2022-08-10 00:00:00 UTC,0.982437234273908
2022-08-11 00:00:00 UTC,0.971237100390431
2022-08-12 00:00:00 UTC,0.969087354460543
2022-08-13 00:00:00 UTC,0.975279302242013
2022-08-14 00:00:00 UTC,0.976052390484294
2022-08-15 00:00:00 UTC,0.974252530343268
2022-08-16 00:00:00 UTC,0.985904817946302
2022-08-17 00:00:00 UTC,0.983967418482729
2022-08-18 00:00:00 UTC,0.982684645890078
2022-08-19 00:00:00 UTC,0.99128533679413
2022-08-20 00:00:00 UTC,0.998424667006786
2022-08-21 00:00:00 UTC,0.996052426106848
2022-08-22 00:00:00 UTC,0.99866848855996
2022-08-23 00:00:00 UTC,1.0078269437583
2022-08-24 00:00:00 UTC,1.00419063424989
2022-08-25 00:00:00 UTC,1.003216040027
2022-08-26 00:00:00 UTC,1.00381531707807
2022-08-27 00:00:00 UTC,1.00612954274922
2022-08-28 00:00:00 UTC,1.00314243735033
2022-08-29 00:00:00 UTC,1.01017926544604
2022-08-30 00:00:00 UTC,1.00054642590973
2022-08-31 00:00:00 UTC,0.995893932194099
2022-09-01 00:00:00 UTC,0.994852768024487
2022-09-02 00:00:00 UTC,1.00648607245488
2022-09-03 00:00:00 UTC,1.0048602934107
2022-09-04 00:00:00 UTC,1.00564778733219
2022-09-05 00:00:00 UTC,1.00884533643673
2022-09-06 00:00:00 UTC,1.003976989956
2022-09-07 00:00:00 UTC,1.00936605074115
2022-09-08 00:00:00 UTC,1.00030290583335
2022-09-09 00:00:00 UTC,0.999433856465723
2022-09-10 00:00:00 UTC,0.98604327659259
2022-09-11 00:00:00 UTC,0.986303744402504
2022-09-12 00:00:00 UTC,0.991001074024893
2022-09-13 00:00:00 UTC,0.987166159147522
2022-09-14 00:00:00 UTC,1.00215718069841
2022-09-15 00:00:00 UTC,1.00169171922776
2022-09-16 00:00:00 UTC,1.0014142210461
2022-09-17 00:00:00 UTC,0.997277356776919
2022-09-18 00:00:00 UTC,0.99880651607616
2022-09-19 00:00:00 UTC,0.998621535242573
2022-09-20 00:00:00 UTC,0.997300472650623
2022-09-21 00:00:00 UTC,1.00281660808523
2022-09-22 00:00:00 UTC,1.01700723204013
2022-09-23 00:00:00 UTC,1.01818972886946
2022-09-24 00:00:00 UTC,1.03308784836935
2022-09-25 00:00:00 UTC,1.03199661938489
2022-09-26 00:00:00 UTC,1.03315507530339
2022-09-27 00:00:00 UTC,1.0386981652896
2022-09-28 00:00:00 UTC,1.04256744356876
2022-09-29 00:00:00 UTC,1.03255440646438
2022-09-30 00:00:00 UTC,1.0165519538287
2022-10-01 00:00:00 UTC,1.02126705192038
2022-10-02 00:00:00 UTC,1.01922448153576
2022-10-03 00:00:00 UTC,1.0216634443163
2022-10-04 00:00:00 UTC,1.01646159820166
2022-10-05 00:00:00 UTC,1.00129532091037
2022-10-06 00:00:00 UTC,1.00922379938328
2022-10-07 00:00:00 UTC,1.02297314580194
2022-10-08 00:00:00 UTC,1.02849291313227
2022-10-09 00:00:00 UTC,1.0261405171389
2022-10-10 00:00:00 UTC,1.02749141710229
2022-10-11 00:00:00 UTC,1.02898622331305
2022-10-12 00:00:00 UTC,1.03179256772354
2022-10-13 00:00:00 UTC,1.03022175994674
2022-10-14 00:00:00 UTC,1.02390721561015
2022-10-15 00:00:00 UTC,1.02878897316868
2022-10-16 00:00:00 UTC,1.02878078337851
2022-10-17 00:00:00 UTC,1.02689236973628
2022-10-18 00:00:00 UTC,1.01531131884334
2022-10-19 00:00:00 UTC,1.01238490371088
2022-10-20 00:00:00 UTC,1.02454317511647
2022-10-21 00:00:00 UTC,1.0217848320707
2022-10-22 00:00:00 UTC,1.01315748369287
2022-10-23 00:00:00 UTC,1.01396370409166
2022-10-24 00:00:00 UTC,1.01471389218077
2022-10-25 00:00:00 UTC,1.01100298242998
2022-10-26 00:00:00 UTC,1.00339461212089
2022-10-27 00:00:00 UTC,0.990925956303039
2022-10-28 00:00:00 UTC,1.00305626665272
2022-10-29 00:00:00 UTC,1.00279525862786
2022-10-30 00:00:00 UTC,1.00281339587496
2022-10-31 00:00:00 UTC,1.0040369023363
2022-11-01 00:00:00 UTC,1.01129663676145
2022-11-02 00:00:00 UTC,1.01320215318761
2022-11-03 00:00:00 UTC,1.01831301555696
2022-11-04 00:00:00 UTC,1.0260660670492
2022-11-05 00:00:00 UTC,1.00192408119399
2022-11-06 00:00:00 UTC,1.00202815474299
2022-11-07 00:00:00 UTC,1.00635839208654
2022-11-08 00:00:00 UTC,0.999162863103758
2022-11-09 00:00:00 UTC,0.991641940754142
2022-11-10 00:00:00 UTC,0.992247402036363
2022-11-11 00:00:00 UTC,0.982408463836748
2022-11-12 00:00:00 UTC,0.96832287290549
2022-11-13 00:00:00 UTC,0.965104797180666
2022-11-14 00:00:00 UTC,0.969786570695761
2022-11-15 00:00:00 UTC,0.970843254444683
2022-11-16 00:00:00 UTC,0.966891938905806
2022-11-17 00:00:00 UTC,0.965440048140584
2022-11-18 00:00:00 UTC,0.965981134516986
2022-11-19 00:00:00 UTC,0.968396937260107
2022-11-20 00:00:00 UTC,0.967625640309875
2022-11-21 00:00:00 UTC,0.969881160842728
2022-11-22 00:00:00 UTC,0.978366034583736
2022-11-23 00:00:00 UTC,0.969528370142238
2022-11-24 00:00:00 UTC,0.958794421270867
2022-11-25 00:00:00 UTC,0.961474853518711
2022-11-26 00:00:00 UTC,0.961985553926885
2022-11-27 00:00:00 UTC,0.961156097858519
2022-11-28 00:00:00 UTC,0.965712814067514
2022-11-29 00:00:00 UTC,0.967682642083804
2022-11-30 00:00:00 UTC,0.969222787943728
2022-12-01 00:00:00 UTC,0.959102174432509
2022-12-02 00:00:00 UTC,0.949800589242104
2022-12-03 00:00:00 UTC,0.950221765469474
2022-12-04 00:00:00 UTC,0.950862941738799
2022-12-05 00:00:00 UTC,0.948852792019718
2022-12-06 00:00:00 UTC,0.952723218410749
2022-12-07 00:00:00 UTC,0.954475170795946
2022-12-08 00:00:00 UTC,0.951567336268232
2022-12-09 00:00:00 UTC,0.947143682842847
2022-12-10 00:00:00 UTC,0.94870010049249
2022-12-11 00:00:00 UTC,0.949355738641994
2022-12-12 00:00:00 UTC,0.951414817888809
2022-12-13 00:00:00 UTC,0.946852453199708
2022-12-14 00:00:00 UTC,0.94070233718791
2022-12-15 00:00:00 UTC,0.937372445016964
2022-12-16 00:00:00 UTC,0.93987294907669
2022-12-17 00:00:00 UTC,0.944099348331797
2022-12-18 00:00:00 UTC,0.943752991682987
2022-12-19 00:00:00 UTC,0.944368277601873
2022-12-20 00:00:00 UTC,0.94161313883603
2022-12-21 00:00:00 UTC,0.941758654302588
2022-12-22 00:00:00 UTC,0.943568193898208
2022-12-23 00:00:00 UTC,0.943627059173897
2022-12-24 00:00:00 UTC,0.938257971781138
2022-12-25 00:00:00 UTC,0.937581289455206
2022-12-26 00:00:00 UTC,0.943169433969657
2022-12-27 00:00:00 UTC,0.94044570868623
2022-12-28 00:00:00 UTC,0.939913689968604
2022-12-29 00:00:00 UTC,0.941441140098171
2022-12-30 00:00:00 UTC,0.938404565065007
2022-12-31 00:00:00 UTC,0.932684965032519
2023-01-01 00:00:00 UTC,0.932844609891129
2023-01-02 00:00:00 UTC,0.926846846659593
2023-01-03 00:00:00 UTC,0.937257825385189
2023-01-04 00:00:00 UTC,0.949040480509269
2023-01-05 00:00:00 UTC,0.942628526507364
2023-01-06 00:00:00 UTC,0.950680354687042
2023-01-07 00:00:00 UTC,0.938224654595228
2023-01-08 00:00:00 UTC,0.938448628611761
2023-01-09 00:00:00 UTC,0.939416209979743
2023-01-10 00:00:00 UTC,0.932798459508978
2023-01-11 00:00:00 UTC,0.931436330694219
2023-01-12 00:00:00 UTC,0.929719139478827
2023-01-13 00:00:00 UTC,0.920872409940538
2023-01-14 00:00:00 UTC,0.921232010404602
2023-01-15 00:00:00 UTC,0.923175384192353
2023-01-16 00:00:00 UTC,0.923148590038177
2023-01-17 00:00:00 UTC,0.923594427468554
2023-01-18 00:00:00 UTC,0.926385622692316
2023-01-19 00:00:00 UTC,0.925950366437526
2023-01-20 00:00:00 UTC,0.923277859960653
2023-01-21 00:00:00 UTC,0.920335064623244
2023-01-22 00:00:00 UTC,0.918883796527725
2023-01-23 00:00:00 UTC,0.921615665101054
2023-01-24 00:00:00 UTC,0.921155385245345
2023-01-25 00:00:00 UTC,0.919455619378569
2023-01-26 00:00:00 UTC,0.916436399144576
2023-01-27 00:00:00 UTC,0.91859952039406
2023-01-28 00:00:00 UTC,0.920766036375286
2023-01-29 00:00:00 UTC,0.919968697485876
2023-01-30 00:00:00 UTC,0.920430384809953
2023-01-31 00:00:00 UTC,0.923712505608752
2023-02-01 00:00:00 UTC,0.921121009694757
2023-02-02 00:00:00 UTC,0.908896558066453
2023-02-03 00:00:00 UTC,0.918983990747717
2023-02-04 00:00:00 UTC,0.925686069072359
2023-02-05 00:00:00 UTC,0.926981328881031
2023-02-06 00:00:00 UTC,0.927005141699163
2023-02-07 00:00:00 UTC,0.932897846609488
2023-02-08 00:00:00 UTC,0.932916493107268
2023-02-09 00:00:00 UTC,0.933407978804636
2023-02-10 00:00:00 UTC,0.931478573592913
2023-02-11 00:00:00 UTC,0.93581666278273
2023-02-12 00:00:00 UTC,0.936696211028393
2023-02-13 00:00:00 UTC,0.937210400556976
2023-02-14 00:00:00 UTC,0.931699252264721
2023-02-15 00:00:00 UTC,0.930988683460323
2023-02-16 00:00:00 UTC,0.935291697022612
2023-02-17 00:00:00 UTC,0.943434317938078
2023-02-18 00:00:00 UTC,0.934699934784011
2023-02-19 00:00:00 UTC,0.933593979653041
2023-02-20 00:00:00 UTC,0.934700680413654
2023-02-21 00:00:00 UTC,0.934929486840735
2023-02-22 00:00:00 UTC,0.939552526244408
2023-02-23 00:00:00 UTC,0.942840409760378
2023-02-24 00:00:00 UTC,0.944142910156552
2023-02-25 00:00:00 UTC,0.944645260995464
2023-02-26 00:00:00 UTC,0.945923413193265
2023-02-27 00:00:00 UTC,0.948102308596649
2023-02-28 00:00:00 UTC,0.943258862330039
2023-03-01 00:00:00 UTC,0.945523090940414
2023-03-02 00:00:00 UTC,0.936428300178309
2023-03-03 00:00:00 UTC,0.943038970071188
2023-03-04 00:00:00 UTC,0.94029482463974
2023-03-05 00:00:00 UTC,0.940925763464758
2023-03-06 00:00:00 UTC,0.941748728858452
2023-03-07 00:00:00 UTC,0.936199771139347
2023-03-08 00:00:00 UTC,0.948586761197636
2023-03-09 00:00:00 UTC,0.948721772390003
2023-03-10 00:00:00 UTC,0.946230925592812
2023-03-11 00:00:00 UTC,0.932279123458691
2023-03-12 00:00:00 UTC,0.906944462312396
2023-03-13 00:00:00 UTC,0.929633815501604
2023-03-14 00:00:00 UTC,0.931907812065121
2023-03-15 00:00:00 UTC,0.933055009233285
2023-03-16 00:00:00 UTC,0.947621077268184
2023-03-17 00:00:00 UTC,0.945904621105972
2023-03-18 00:00:00 UTC,0.932336138269055
2023-03-19 00:00:00 UTC,0.931868580953649
2023-03-20 00:00:00 UTC,0.937455591465354
2023-03-21 00:00:00 UTC,0.938559886314643
2023-03-22 00:00:00 UTC,0.931793257938206
2023-03-23 00:00:00 UTC,0.924541418660279
2023-03-24 00:00:00 UTC,0.925904335138145
2023-03-25 00:00:00 UTC,0.928182373354946
2023-03-26 00:00:00 UTC,0.9340095740317
2023-03-27 00:00:00 UTC,0.928147112927335
2023-03-28 00:00:00 UTC,0.926708311491889
2023-03-29 00:00:00 UTC,0.923768469812381
2023-03-30 00:00:00 UTC,0.921876413429267
2023-03-31 00:00:00 UTC,0.91741664413237
2023-04-01 00:00:00 UTC,0.920387264783067
2023-04-02 00:00:00 UTC,0.920623895211234
2023-04-03 00:00:00 UTC,0.92670824488167
2023-04-04 00:00:00 UTC,0.916028431390758
2023-04-05 00:00:00 UTC,0.912896803126859
2023-04-06 00:00:00 UTC,0.916838203446458
2023-04-07 00:00:00 UTC,0.915968388997307
2023-04-08 00:00:00 UTC,0.90998911358861
2023-04-09 00:00:00 UTC,0.909793551245474
2023-04-10 00:00:00 UTC,0.916781446873971
2023-04-11 00:00:00 UTC,0.920374238643634
2023-04-12 00:00:00 UTC,0.916435763564348
2023-04-13 00:00:00 UTC,0.90886865190436
2023-04-14 00:00:00 UTC,0.906075482016516
2023-04-15 00:00:00 UTC,0.9010894461402
2023-04-16 00:00:00 UTC,0.900116554745763
2023-04-17 00:00:00 UTC,0.910683545068397
2023-04-18 00:00:00 UTC,0.915109793006713
2023-04-19 00:00:00 UTC,0.910809826409016
2023-04-20 00:00:00 UTC,0.914046966665891
2023-04-21 00:00:00 UTC,0.91196500069292
2023-04-22 00:00:00 UTC,0.902320294294074
2023-04-23 00:00:00 UTC,0.902394309739672
2023-04-24 00:00:00 UTC,0.910215907682203
2023-04-25 00:00:00 UTC,0.903987166873259
2023-04-26 00:00:00 UTC,0.911778424699332
2023-04-27 00:00:00 UTC,0.905058736731822
2023-04-28 00:00:00 UTC,0.906972854565469
2023-04-29 00:00:00 UTC,0.898769448062799
2023-04-30 00:00:00 UTC,0.89908362867431
2023-05-01 00:00:00 UTC,0.908590013840604
2023-05-02 00:00:00 UTC,0.912139651497923
2023-05-03 00:00:00 UTC,0.906760962456389
2023-05-04 00:00:00 UTC,0.901599397383355
2023-05-05 00:00:00 UTC,0.907054095224592
2023-05-06 00:00:00 UTC,0.89267931728991
2023-05-07 00:00:00 UTC,0.891337818513803
2023-05-08 00:00:00 UTC,0.909706593963492
2023-05-09 00:00:00 UTC,0.909970612899629
2023-05-10 00:00:00 UTC,0.910676563043849
2023-05-11 00:00:00 UTC,0.909366053262179
2023-05-12 00:00:00 UTC,0.917001959260242
2023-05-13 00:00:00 UTC,0.914861196745384
2023-05-14 00:00:00 UTC,0.912663286589807
2023-05-15 00:00:00 UTC,0.921062470765635
2023-05-16 00:00:00 UTC,0.920245526674071
2023-05-17 00:00:00 UTC,0.920322717506851
2023-05-18 00:00:00 UTC,0.922174483884595
2023-05-19 00:00:00 UTC,0.926299433765806
2023-05-20 00:00:00 UTC,0.923975225602731
2023-05-21 00:00:00 UTC,0.924029911843263
2023-05-22 00:00:00 UTC,0.923987303045277
2023-05-23 00:00:00 UTC,0.925108737511955
2023-05-24 00:00:00 UTC,0.928209226563218
2023-05-25 00:00:00 UTC,0.929705603997073
2023-05-26 00:00:00 UTC,0.932610418571139
2023-05-27 00:00:00 UTC,0.931533743061186
2023-05-28 00:00:00 UTC,0.930171800594766
2023-05-29 00:00:00 UTC,0.932423070453748
2023-05-30 00:00:00 UTC,0.934865216638391
2023-05-31 00:00:00 UTC,0.931565479076336
2023-06-01 00:00:00 UTC,0.935631524010102
2023-06-02 00:00:00 UTC,0.929367660028581
2023-06-03 00:00:00 UTC,0.933099852790018
2023-06-04 00:00:00 UTC,0.933480224838242
2023-06-05 00:00:00 UTC,0.936451445589213
2023-06-06 00:00:00 UTC,0.934100651884308
2023-06-07 00:00:00 UTC,0.935220387916384
2023-06-08 00:00:00 UTC,0.9337831305972
2023-06-09 00:00:00 UTC,0.926649998338033
2023-06-10 00:00:00 UTC,0.930260143548611
2023-06-11 00:00:00 UTC,0.929741850696184
2023-06-12 00:00:00 UTC,0.930291560415841
2023-06-13 00:00:00 UTC,0.929464833489281
2023-06-14 00:00:00 UTC,0.927290270919801
2023-06-15 00:00:00 UTC,0.921758158246493
2023-06-16 00:00:00 UTC,0.913648478667639
2023-06-17 00:00:00 UTC,0.912479696169535
2023-06-18 00:00:00 UTC,0.912168095731307
2023-06-19 00:00:00 UTC,0.913599930273426
2023-06-20 00:00:00 UTC,0.915748963639137
2023-06-21 00:00:00 UTC,0.915558411494765
2023-06-22 00:00:00 UTC,0.909342219131705
2023-06-23 00:00:00 UTC,0.912439179149134
2023-06-24 00:00:00 UTC,0.916172966822857
2023-06-25 00:00:00 UTC,0.916101866472509
2023-06-26 00:00:00 UTC,0.916390516744118
2023-06-27 00:00:00 UTC,0.917875266398301
2023-06-28 00:00:00 UTC,0.912420761017999
2023-06-29 00:00:00 UTC,0.915553078642318
2023-06-30 00:00:00 UTC,0.919946418996119
2023-07-01 00:00:00 UTC,0.916441846397073
2023-07-02 00:00:00 UTC,0.915977170193756
2023-07-03 00:00:00 UTC,0.916428385652649
2023-07-04 00:00:00 UTC,0.916009512461229
2023-07-05 00:00:00 UTC,0.918984285537894
2023-07-06 00:00:00 UTC,0.920673058332251
2023-07-07 00:00:00 UTC,0.918034300285086
2023-07-08 00:00:00 UTC,0.9113160099268
2023-07-09 00:00:00 UTC,0.912310083381017
2023-07-10 00:00:00 UTC,0.911865408266144
2023-07-11 00:00:00 UTC,0.908555493580294
2023-07-12 00:00:00 UTC,0.908083138104005
2023-07-13 00:00:00 UTC,0.898142307113559
2023-07-14 00:00:00 UTC,0.890024270684758
2023-07-15 00:00:00 UTC,0.889516094406473
2023-07-16 00:00:00 UTC,0.890065854513384
2023-07-17 00:00:00 UTC,0.890618103268165
2023-07-18 00:00:00 UTC,0.888908821426895
2023-07-19 00:00:00 UTC,0.891469402754759
2023-07-20 00:00:00 UTC,0.892504411295454
2023-07-21 00:00:00 UTC,0.897568800489172
2023-07-22 00:00:00 UTC,0.897887388679364
2023-07-23 00:00:00 UTC,0.898329935066032
2023-07-24 00:00:00 UTC,0.898445229437861
2023-07-25 00:00:00 UTC,0.904117208222619
2023-07-26 00:00:00 UTC,0.906391616306255
2023-07-27 00:00:00 UTC,0.903104999186088
2023-07-28 00:00:00 UTC,0.910642209585022
2023-07-29 00:00:00 UTC,0.906412910938261
2023-07-30 00:00:00 UTC,0.906042877358764
2023-07-31 00:00:00 UTC,0.907067738062694
2023-08-01 00:00:00 UTC,0.909303543444601
2023-08-02 00:00:00 UTC,0.910285317463475
2023-08-03 00:00:00 UTC,0.913501705806892
2023-08-04 00:00:00 UTC,0.912759805161013
2023-08-05 00:00:00 UTC,0.907338322962785
2023-08-06 00:00:00 UTC,0.906811766547894
2023-08-07 00:00:00 UTC,0.908751503024176
2023-08-08 00:00:00 UTC,0.908866044026433
2023-08-09 00:00:00 UTC,0.912582387001287
2023-08-10 00:00:00 UTC,0.910972779660373
2023-08-11 00:00:00 UTC,0.910164826308255
2023-08-12 00:00:00 UTC,0.912945862790039
2023-08-13 00:00:00 UTC,0.91259054077656
2023-08-14 00:00:00 UTC,0.91373733494278
2023-08-15 00:00:00 UTC,0.916536357239876
2023-08-16 00:00:00 UTC,0.917079883372641
2023-08-17 00:00:00 UTC,0.920276486777389
2023-08-18 00:00:00 UTC,0.915486450374625
2023-08-19 00:00:00 UTC,0.918001972465448
2023-08-20 00:00:00 UTC,0.918779190958016
2023-08-21 00:00:00 UTC,0.918999589851776
2023-08-22 00:00:00 UTC,0.916727435187585
2023-08-23 00:00:00 UTC,0.921650483818876
2023-08-24 00:00:00 UTC,0.920783467750924
2023-08-25 00:00:00 UTC,0.924954569935958
2023-08-26 00:00:00 UTC,0.926710905480767
2023-08-27 00:00:00 UTC,0.926385387525101
2023-08-28 00:00:00 UTC,0.926166057473508
2023-08-29 00:00:00 UTC,0.923953274591363
2023-08-30 00:00:00 UTC,0.919762049371526
2023-08-31 00:00:00 UTC,0.914758658078471
2023-09-01 00:00:00 UTC,0.921491066049742
2023-09-02 00:00:00 UTC,0.928333135311209
2023-09-03 00:00:00 UTC,0.926893933785198
2023-09-04 00:00:00 UTC,0.926703154345187
2023-09-05 00:00:00 UTC,0.926674081802031
2023-09-06 00:00:00 UTC,0.932085382971619
2023-09-07 00:00:00 UTC,0.932289785453797
2023-09-08 00:00:00 UTC,0.935492816034841
2023-09-09 00:00:00 UTC,0.934108510264257
2023-09-10 00:00:00 UTC,0.933749068320416
2023-09-11 00:00:00 UTC,0.932677192365652
2023-09-12 00:00:00 UTC,0.930576731111895
2023-09-13 00:00:00 UTC,0.930020011420843
2023-09-14 00:00:00 UTC,0.931527797901491
2023-09-15 00:00:00 UTC,0.94036069340456
2023-09-16 00:00:00 UTC,0.936336367436944
2023-09-17 00:00:00 UTC,0.936757207791281
2023-09-18 00:00:00 UTC,0.937702510442101
2023-09-19 00:00:00 UTC,0.934766865800781
2023-09-20 00:00:00 UTC,0.935907330745969
2023-09-21 00:00:00 UTC,0.938359648982311
2023-09-22 00:00:00 UTC,0.937637594165335
2023-09-23 00:00:00 UTC,0.937703967659312
2023-09-24 00:00:00 UTC,0.937543446084108
2023-09-25 00:00:00 UTC,0.938906851889643
2023-09-26 00:00:00 UTC,0.943942520571552
2023-09-27 00:00:00 UTC,0.945758463837145
2023-09-28 00:00:00 UTC,0.952254753967804
2023-09-29 00:00:00 UTC,0.946329803075885
2023-09-30 00:00:00 UTC,0.945117046961564
2023-10-01 00:00:00 UTC,0.945208207593678
2023-10-02 00:00:00 UTC,0.947460911323102
2023-10-03 00:00:00 UTC,0.9546553466004
2023-10-04 00:00:00 UTC,0.955116536543683
2023-10-05 00:00:00 UTC,0.951514534060036
2023-10-06 00:00:00 UTC,0.948526541211052
2023-10-07 00:00:00 UTC,0.944102434863388
2023-10-08 00:00:00 UTC,0.944128450030342
2023-10-09 00:00:00 UTC,0.94677687623891
2023-10-10 00:00:00 UTC,0.945362347164276
2023-10-11 00:00:00 UTC,0.942726002304755
2023-10-12 00:00:00 UTC,0.941345525145844
2023-10-13 00:00:00 UTC,0.948514205899193
2023-10-14 00:00:00 UTC,0.951304750930123
2023-10-15 00:00:00 UTC,0.95135503843715
2023-10-16 00:00:00 UTC,0.950365686734655
2023-10-17 00:00:00 UTC,0.947300783943329
2023-10-18 00:00:00 UTC,0.945644033954286
2023-10-19 00:00:00 UTC,0.948951282983094
2023-10-20 00:00:00 UTC,0.946015884294579
2023-10-21 00:00:00 UTC,0.942482024909872
2023-10-22 00:00:00 UTC,0.944424161455341
2023-10-23 00:00:00 UTC,0.944809450818092
2023-10-24 00:00:00 UTC,0.937766435498826
2023-10-25 00:00:00 UTC,0.944583397077596
2023-10-26 00:00:00 UTC,0.946626223025757
2023-10-27 00:00:00 UTC,0.946977848485402
2023-10-28 00:00:00 UTC,0.945908045259016
2023-10-29 00:00:00 UTC,0.946129484875244
2023-10-30 00:00:00 UTC,0.948956080410703
2023-10-31 00:00:00 UTC,0.942233886927494
2023-11-01 00:00:00 UTC,0.945722075221747
2023-11-02 00:00:00 UTC,0.945037741204593
2023-11-03 00:00:00 UTC,0.942800052179933
2023-11-04 00:00:00 UTC,0.931454886625415
2023-11-05 00:00:00 UTC,0.931584397097097
2023-11-06 00:00:00 UTC,0.93128876086242
2023-11-07 00:00:00 UTC,0.932577724809359
2023-11-08 00:00:00 UTC,0.93532660173742
2023-11-09 00:00:00 UTC,0.933920720534513
2023-11-10 00:00:00 UTC,0.938357685834048
2023-11-11 00:00:00 UTC,0.934565777955581
2023-11-12 00:00:00 UTC,0.935218349158183
2023-11-13 00:00:00 UTC,0.935307942799472
2023-11-14 00:00:00 UTC,0.934690885639895
2023-11-15 00:00:00 UTC,0.918546654051594
2023-11-16 00:00:00 UTC,0.922767808534305
2023-11-17 00:00:00 UTC,0.921684378442865
2023-11-18 00:00:00 UTC,0.915534390630343
2023-11-19 00:00:00 UTC,0.916235258312817
2023-11-20 00:00:00 UTC,0.915863898637341
2023-11-21 00:00:00 UTC,0.913411871206919
2023-11-22 00:00:00 UTC,0.916605966568618
2023-11-23 00:00:00 UTC,0.91852162534587
2023-11-24 00:00:00 UTC,0.917101233289891
2023-11-25 00:00:00 UTC,0.913801555797193
2023-11-26 00:00:00 UTC,0.914136930545834
2023-11-27 00:00:00 UTC,0.913908272176088
2023-11-28 00:00:00 UTC,0.913215777993453
2023-11-29 00:00:00 UTC,0.90855248104865
2023-11-30 00:00:00 UTC,0.910756331015173
2023-12-01 00:00:00 UTC,0.918056179406341
2023-12-02 00:00:00 UTC,0.91787020982481
2023-12-03 00:00:00 UTC,0.91878030616684
2023-12-04 00:00:00 UTC,0.917476261805417
2023-12-05 00:00:00 UTC,0.923372388858621
2023-12-06 00:00:00 UTC,0.926712817893521
2023-12-07 00:00:00 UTC,0.928438281945593
2023-12-08 00:00:00 UTC,0.926517934640687
2023-12-09 00:00:00 UTC,0.928683608492502
2023-12-10 00:00:00 UTC,0.928959286040124
2023-12-11 00:00:00 UTC,0.929182066694768
2023-12-12 00:00:00 UTC,0.929581153612023
2023-12-13 00:00:00 UTC,0.925619042313667
2023-12-14 00:00:00 UTC,0.919251845194836
2023-12-15 00:00:00 UTC,0.909886258578697
2023-12-16 00:00:00 UTC,0.916691210212767
2023-12-17 00:00:00 UTC,0.917514828886335
2023-12-18 00:00:00 UTC,0.918432238636603
2023-12-19 00:00:00 UTC,0.915898811947941
2023-12-20 00:00:00 UTC,0.911138374735819
2023-12-21 00:00:00 UTC,0.913623711802507
2023-12-22 00:00:00 UTC,0.908980408153847
2023-12-23 00:00:00 UTC,0.907060751842832
2023-12-24 00:00:00 UTC,0.906696736851851
2023-12-25 00:00:00 UTC,0.906829917613967
2023-12-26 00:00:00 UTC,0.907876021770522
2023-12-27 00:00:00 UTC,0.906269405358287
2023-12-28 00:00:00 UTC,0.900092358692328
2023-12-29 00:00:00 UTC,0.902269437389225
2023-12-30 00:00:00 UTC,0.905432919265839
2023-12-31 00:00:00 UTC,0.90475270371733
2024-01-01 00:00:00 UTC,0.905321415235414
2024-01-02 00:00:00 UTC,0.907272886125614
2024-01-03 00:00:00 UTC,0.915852681051928
2024-01-04 00:00:00 UTC,0.915680062011973
2024-01-05 00:00:00 UTC,0.913453206015841
2024-01-06 00:00:00 UTC,0.91331110154582
2024-01-07 00:00:00 UTC,0.913487527541798
2024-01-08 00:00:00 UTC,0.916080024667768
2024-01-09 00:00:00 UTC,0.91297801870297
2024-01-10 00:00:00 UTC,0.914563587016892
2024-01-11 00:00:00 UTC,0.911536488633167
2024-01-12 00:00:00 UTC,0.909899560776078
2024-01-13 00:00:00 UTC,0.913955199609612
2024-01-14 00:00:00 UTC,0.912539208047983
2024-01-15 00:00:00 UTC,0.913852826786662
2024-01-16 00:00:00 UTC,0.914318728634588
2024-01-17 00:00:00 UTC,0.919263940237666
2024-01-18 00:00:00 UTC,0.918929426472949
2024-01-19 00:00:00 UTC,0.919559468188295
2024-01-20 00:00:00 UTC,0.916905456631377
2024-01-21 00:00:00 UTC,0.915966323499973
2024-01-22 00:00:00 UTC,0.918423317094548
2024-01-23 00:00:00 UTC,0.917514735636316
2024-01-24 00:00:00 UTC,0.922723604470837
2024-01-25 00:00:00 UTC,0.919307956318301
2024-01-26 00:00:00 UTC,0.922603721398265
2024-01-27 00:00:00 UTC,0.920847205505705
2024-01-28 00:00:00 UTC,0.920252607192938
2024-01-29 00:00:00 UTC,0.922536707787596
2024-01-30 00:00:00 UTC,0.922975370579312
2024-01-31 00:00:00 UTC,0.923464384668557
2024-02-01 00:00:00 UTC,0.924520306742353
2024-02-02 00:00:00 UTC,0.919827121972188
2024-02-03 00:00:00 UTC,0.926467130600908
2024-02-04 00:00:00 UTC,0.926169926666861
2024-02-05 00:00:00 UTC,0.92802934371839
2024-02-06 00:00:00 UTC,0.931324579861457
2024-02-07 00:00:00 UTC,0.929655227989761
2024-02-08 00:00:00 UTC,0.928043114598514
2024-02-09 00:00:00 UTC,0.927719440993393
2024-02-10 00:00:00 UTC,0.927013733628313
2024-02-11 00:00:00 UTC,0.927030346970476
2024-02-12 00:00:00 UTC,0.926475492794509
2024-02-13 00:00:00 UTC,0.92802863921314
2024-02-14 00:00:00 UTC,0.935460300653137
2024-02-15 00:00:00 UTC,0.93070235300371
2024-02-16 00:00:00 UTC,0.927763078871064
2024-02-17 00:00:00 UTC,0.927461844278597
2024-02-18 00:00:00 UTC,0.92716880089572
2024-02-19 00:00:00 UTC,0.927839949282756
2024-02-20 00:00:00 UTC,0.927726962235674
2024-02-21 00:00:00 UTC,0.925903810702849
2024-02-22 00:00:00 UTC,0.925049451028395
2024-02-23 00:00:00 UTC,0.924375804363053
2024-02-24 00:00:00 UTC,0.923166751317344
2024-02-25 00:00:00 UTC,0.922526500208637
2024-02-26 00:00:00 UTC,0.924143699922149
2024-02-27 00:00:00 UTC,0.920871916415385
2024-02-28 00:00:00 UTC,0.922542287567998
2024-02-29 00:00:00 UTC,0.923384637193306
2024-03-01 00:00:00 UTC,0.924490830429597
2024-03-02 00:00:00 UTC,0.920707955467674
2024-03-03 00:00:00 UTC,0.922059132577102
2024-03-04 00:00:00 UTC,0.922990094722639
2024-03-05 00:00:00 UTC,0.92259040463452
2024-03-06 00:00:00 UTC,0.923800772319211
2024-03-07 00:00:00 UTC,0.917931421427132
2024-03-08 00:00:00 UTC,0.912035544619649
2024-03-09 00:00:00 UTC,0.914409733984281
2024-03-10 00:00:00 UTC,0.914077150546129
2024-03-11 00:00:00 UTC,0.914815632629088
2024-03-12 00:00:00 UTC,0.914389907895191
2024-03-13 00:00:00 UTC,0.9158475591694
2024-03-14 00:00:00 UTC,0.913644496096429
2024-03-15 00:00:00 UTC,0.918079922903977
2024-03-16 00:00:00 UTC,0.917417759180859
2024-03-17 00:00:00 UTC,0.916849302178451
2024-03-18 00:00:00 UTC,0.919381609961465
2024-03-19 00:00:00 UTC,0.918909488939923
2024-03-20 00:00:00 UTC,0.918341169011311
2024-03-21 00:00:00 UTC,0.914691423467456
2024-03-22 00:00:00 UTC,0.921540723393036
2024-03-23 00:00:00 UTC,0.921356299456164
2024-03-24 00:00:00 UTC,0.920090261965467
2024-03-25 00:00:00 UTC,0.925159439439517
2024-03-26 00:00:00 UTC,0.923207034804869
2024-03-27 00:00:00 UTC,0.923068041691383
2024-03-28 00:00:00 UTC,0.927193253354053
2024-03-29 00:00:00 UTC,0.925833865682577
2024-03-30 00:00:00 UTC,0.925811252213875
2024-03-31 00:00:00 UTC,0.926158536867056
2024-04-01 00:00:00 UTC,0.926413456988812
2024-04-02 00:00:00 UTC,0.930917970119402
2024-04-03 00:00:00 UTC,0.92807308361875
2024-04-04 00:00:00 UTC,0.92237424281251
2024-04-05 00:00:00 UTC,0.923640236782962
2024-04-06 00:00:00 UTC,0.921180039494553
2024-04-07 00:00:00 UTC,0.920329807349954
2024-04-08 00:00:00 UTC,0.923195430907472
2024-04-09 00:00:00 UTC,0.920052260779048
2024-04-10 00:00:00 UTC,0.921718529798948
2024-04-11 00:00:00 UTC,0.930494537015651
2024-04-12 00:00:00 UTC,0.933203546113608
2024-04-13 00:00:00 UTC,0.939471167740179
2024-04-14 00:00:00 UTC,0.937273322465918
2024-04-15 00:00:00 UTC,0.939477661946195
2024-04-16 00:00:00 UTC,0.941639210474733
2024-04-17 00:00:00 UTC,0.941327922277168
2024-04-18 00:00:00 UTC,0.937256810137531
2024-04-19 00:00:00 UTC,0.939409854317305
2024-04-20 00:00:00 UTC,0.938572201699508
2024-04-21 00:00:00 UTC,0.93769029386912
2024-04-22 00:00:00 UTC,0.937959110227674
2024-04-23 00:00:00 UTC,0.938355694632155
2024-04-24 00:00:00 UTC,0.934603282881935
2024-04-25 00:00:00 UTC,0.935336999923742
2024-04-26 00:00:00 UTC,0.932104326061841
2024-04-27 00:00:00 UTC,0.935030832581922
2024-04-28 00:00:00 UTC,0.935187601991005
2024-04-29 00:00:00 UTC,0.934047412659096
2024-04-30 00:00:00 UTC,0.93266510813547
2024-05-01 00:00:00 UTC,0.937564294798364
2024-05-02 00:00:00 UTC,0.932645061213562
2024-05-03 00:00:00 UTC,0.931911854654752
2024-05-04 00:00:00 UTC,0.928199258859187
2024-05-05 00:00:00 UTC,0.928356890501758
2024-05-06 00:00:00 UTC,0.929464167387216
2024-05-07 00:00:00 UTC,0.928242982715226
2024-05-08 00:00:00 UTC,0.929885599030111
2024-05-09 00:00:00 UTC,0.930818831582519
2024-05-10 00:00:00 UTC,0.928341864136658
2024-05-11 00:00:00 UTC,0.927714100296712
2024-05-12 00:00:00 UTC,0.927658137064248
2024-05-13 00:00:00 UTC,0.928507201717131
2024-05-14 00:00:00 UTC,0.926625380303395
2024-05-15 00:00:00 UTC,0.924584688006828
2024-05-16 00:00:00 UTC,0.917945143320984
2024-05-17 00:00:00 UTC,0.919913398288536
2024-05-18 00:00:00 UTC,0.919991452171808
2024-05-19 00:00:00 UTC,0.918462551280806
2024-05-20 00:00:00 UTC,0.919583223639829
2024-05-21 00:00:00 UTC,0.920913402978955
2024-05-22 00:00:00 UTC,0.920885173044546
2024-05-23 00:00:00 UTC,0.92401574507296
2024-05-24 00:00:00 UTC,0.925145035973731
2024-05-25 00:00:00 UTC,0.921165412138514
2024-05-26 00:00:00 UTC,0.921829963203425
2024-05-27 00:00:00 UTC,0.921970859999012
2024-05-28 00:00:00 UTC,0.920930031309866
2024-05-29 00:00:00 UTC,0.921184112969841
2024-05-30 00:00:00 UTC,0.925727437093933
2024-05-31 00:00:00 UTC,0.923256352864178
2024-06-01 00:00:00 UTC,0.921089013089939
2024-06-02 00:00:00 UTC,0.921176276294381
2024-06-03 00:00:00 UTC,0.921095251422202
2024-06-04 00:00:00 UTC,0.916958768279535
2024-06-05 00:00:00 UTC,0.919275176976713
2024-06-06 00:00:00 UTC,0.919917394083325
2024-06-07 00:00:00 UTC,0.918051268937141
2024-06-08 00:00:00 UTC,0.92528643607869
2024-06-09 00:00:00 UTC,0.925311152031183
2024-06-10 00:00:00 UTC,0.927849240468639
2024-06-11 00:00:00 UTC,0.929217720932265
2024-06-12 00:00:00 UTC,0.930996073740099
2024-06-13 00:00:00 UTC,0.924609773250069
2024-06-14 00:00:00 UTC,0.930309159484744
2024-06-15 00:00:00 UTC,0.932520071258638
2024-06-16 00:00:00 UTC,0.933061243162037
2024-06-17 00:00:00 UTC,0.934001944073835
2024-06-18 00:00:00 UTC,0.931360052108812
2024-06-19 00:00:00 UTC,0.931431752460372
2024-06-20 00:00:00 UTC,0.930675452627523
2024-06-21 00:00:00 UTC,0.933561308620135
2024-06-22 00:00:00 UTC,0.935306071660871
2024-06-23 00:00:00 UTC,0.93514764034005
2024-06-24 00:00:00 UTC,0.935049882025424
2024-06-25 00:00:00 UTC,0.932085145914698
2024-06-26 00:00:00 UTC,0.934015275126156
2024-06-27 00:00:00 UTC,0.935960948167485
2024-06-28 00:00:00 UTC,0.933616494539487
2024-06-29 00:00:00 UTC,0.932693538790985
2024-06-30 00:00:00 UTC,0.932510148137615
2024-07-01 00:00:00 UTC,0.931460263353427
2024-07-02 00:00:00 UTC,0.931245961752997
2024-07-03 00:00:00 UTC,0.930346292421572
2024-07-04 00:00:00 UTC,0.926961305890027
2024-07-05 00:00:00 UTC,0.92523018748113
2024-07-06 00:00:00 UTC,0.922087170182148
2024-07-07 00:00:00 UTC,0.922672835425607
2024-07-08 00:00:00 UTC,0.922969496871017
2024-07-09 00:00:00 UTC,0.923129531168943
2024-07-10 00:00:00 UTC,0.924245237543773
2024-07-11 00:00:00 UTC,0.922974678237028
2024-07-12 00:00:00 UTC,0.920347731351469
2024-07-13 00:00:00 UTC,0.915741447343042
2024-07-14 00:00:00 UTC,0.91529321199418
2024-07-15 00:00:00 UTC,0.918345198434103
2024-07-16 00:00:00 UTC,0.918201618004501
2024-07-17 00:00:00 UTC,0.917210539496849
2024-07-18 00:00:00 UTC,0.913393754692223
2024-07-19 00:00:00 UTC,0.917098904264107
2024-07-20 00:00:00 UTC,0.917896837055025
2024-07-21 00:00:00 UTC,0.918164748276681
2024-07-22 00:00:00 UTC,0.918183386137161
2024-07-23 00:00:00 UTC,0.91829952347818
2024-07-24 00:00:00 UTC,0.921477356406764
2024-07-25 00:00:00 UTC,0.922858740311574
2024-07-26 00:00:00 UTC,0.921878290825904
2024-07-27 00:00:00 UTC,0.919971804381268
2024-07-28 00:00:00 UTC,0.919668877218271
2024-07-29 00:00:00 UTC,0.921483507799947
2024-07-30 00:00:00 UTC,0.923227334015778
2024-07-31 00:00:00 UTC,0.924457174318282
2024-08-01 00:00:00 UTC,0.924227608617902
2024-08-02 00:00:00 UTC,0.927034538843004
2024-08-03 00:00:00 UTC,0.915418036824179
2024-08-04 00:00:00 UTC,0.916333628527514
2024-08-05 00:00:00 UTC,0.914547832776642
2024-08-06 00:00:00 UTC,0.91150650360795
2024-08-07 00:00:00 UTC,0.915001414946434
2024-08-08 00:00:00 UTC,0.914731972844159
2024-08-09 00:00:00 UTC,0.916790062409636
2024-08-10 00:00:00 UTC,0.916829292426906
2024-08-11 00:00:00 UTC,0.915264322747092
2024-08-12 00:00:00 UTC,0.916190700134732
2024-08-13 00:00:00 UTC,0.914384077341873
2024-08-14 00:00:00 UTC,0.909905593260427
2024-08-15 00:00:00 UTC,0.908012997783311
2024-08-16 00:00:00 UTC,0.911162002993986
2024-08-17 00:00:00 UTC,0.906045697832086
2024-08-18 00:00:00 UTC,0.906428084298768
2024-08-19 00:00:00 UTC,0.905498215148405
2024-08-20 00:00:00 UTC,0.902842520280826
2024-08-21 00:00:00 UTC,0.898307222343078
2024-08-22 00:00:00 UTC,0.89646849198714
2024-08-23 00:00:00 UTC,0.899493795992777
2024-08-24 00:00:00 UTC,0.892989394045635
2024-08-25 00:00:00 UTC,0.894203848850189
2024-08-26 00:00:00 UTC,0.893308613981238
2024-08-27 00:00:00 UTC,0.895118945721657
2024-08-28 00:00:00 UTC,0.894260191516666
2024-08-29 00:00:00 UTC,0.898291356471262
2024-08-30 00:00:00 UTC,0.902237948786773
2024-08-31 00:00:00 UTC,0.904108925821551
2024-09-01 00:00:00 UTC,0.904034431570022
2024-09-02 00:00:00 UTC,0.905662695899716
2024-09-03 00:00:00 UTC,0.903708725207068
2024-09-04 00:00:00 UTC,0.903743939467311
2024-09-05 00:00:00 UTC,0.902407728245763
2024-09-06 00:00:00 UTC,0.900074322182496
2024-09-07 00:00:00 UTC,0.901600456724984
2024-09-08 00:00:00 UTC,0.901747215473022
2024-09-09 00:00:00 UTC,0.901375267841256
2024-09-10 00:00:00 UTC,0.905589926407023
2024-09-11 00:00:00 UTC,0.907218614289809
2024-09-12 00:00:00 UTC,0.9078089831118
2024-09-13 00:00:00 UTC,0.902243529116448
2024-09-14 00:00:00 UTC,0.901893198802897
2024-09-15 00:00:00 UTC,0.902311703130758
2024-09-16 00:00:00 UTC,0.902242805281381
2024-09-17 00:00:00 UTC,0.898047294386472
2024-09-18 00:00:00 UTC,0.899023951366443
2024-09-19 00:00:00 UTC,0.901094240244446
2024-09-20 00:00:00 UTC,0.895995477964663
2024-09-21 00:00:00 UTC,0.89480552752439
2024-09-22 00:00:00 UTC,0.895151799531239
2024-09-23 00:00:00 UTC,0.895947451212539
2024-09-24 00:00:00 UTC,0.900045020781966
2024-09-25 00:00:00 UTC,0.893612057689825
2024-09-26 00:00:00 UTC,0.899031446013454
2024-09-27 00:00:00 UTC,0.894699290264026
2024-09-28 00:00:00 UTC,0.895578003209352
2024-09-29 00:00:00 UTC,0.895412078995879
2024-09-30 00:00:00 UTC,0.895148264493612
2024-10-01 00:00:00 UTC,0.898349190579354
2024-10-02 00:00:00 UTC,0.903409013789044
2024-10-03 00:00:00 UTC,0.905197153285173
2024-10-04 00:00:00 UTC,0.905862691821078
2024-10-05 00:00:00 UTC,0.910845513424758
2024-10-06 00:00:00 UTC,0.910713433428386
2024-10-07 00:00:00 UTC,0.911242597414963
2024-10-08 00:00:00 UTC,0.910502790736779
2024-10-09 00:00:00 UTC,0.910870540480623
2024-10-10 00:00:00 UTC,0.913369765975477
2024-10-11 00:00:00 UTC,0.914639281228364
2024-10-12 00:00:00 UTC,0.913726037401896
2024-10-13 00:00:00 UTC,0.913944800252546
2024-10-14 00:00:00 UTC,0.914286181031487
2024-10-15 00:00:00 UTC,0.91652758626965
2024-10-16 00:00:00 UTC,0.917914491289491
2024-10-17 00:00:00 UTC,0.920895105793677
2024-10-18 00:00:00 UTC,0.923408926305151
2024-10-19 00:00:00 UTC,0.920032005149391
2024-10-20 00:00:00 UTC,0.91974494426729
2024-10-21 00:00:00 UTC,0.920273095884696
2024-10-22 00:00:00 UTC,0.924226287904641
2024-10-23 00:00:00 UTC,0.926088006295304
2024-10-24 00:00:00 UTC,0.927637587942436
2024-10-25 00:00:00 UTC,0.924049338609066
2024-10-26 00:00:00 UTC,0.927433831542939
2024-10-27 00:00:00 UTC,0.925717229957865
2024-10-28 00:00:00 UTC,0.926092109730401
2024-10-29 00:00:00 UTC,0.924618294462252
2024-10-30 00:00:00 UTC,0.925022609182489
2024-10-31 00:00:00 UTC,0.920673054793322
2024-11-01 00:00:00 UTC,0.91808050291186
2024-11-02 00:00:00 UTC,0.920223262919122
2024-11-03 00:00:00 UTC,0.919664877161881
2024-11-04 00:00:00 UTC,0.919363021353729
2024-11-05 00:00:00 UTC,0.919928114485095
2024-11-06 00:00:00 UTC,0.914192134592932
2024-11-07 00:00:00 UTC,0.931226789978411
2024-11-08 00:00:00 UTC,0.925664473262717
2024-11-09 00:00:00 UTC,0.932507191496768
2024-11-10 00:00:00 UTC,0.932083690662988
2024-11-11 00:00:00 UTC,0.933636396377309
2024-11-12 00:00:00 UTC,0.936616723124886
2024-11-13 00:00:00 UTC,0.942585694033387
2024-11-14 00:00:00 UTC,0.946453662113534
2024-11-15 00:00:00 UTC,0.951103966082285
2024-11-16 00:00:00 UTC,0.947923604338895
2024-11-17 00:00:00 UTC,0.948208917855707
2024-11-18 00:00:00 UTC,0.949621591532384
2024-11-19 00:00:00 UTC,0.943589752474551
2024-11-20 00:00:00 UTC,0.942576631136078
2024-11-21 00:00:00 UTC,0.948815428420472
2024-11-22 00:00:00 UTC,0.954951480390055
2024-11-23 00:00:00 UTC,0.959759852141413
2024-11-24 00:00:00 UTC,0.960102223326357
2024-11-25 00:00:00 UTC,0.954823447636556
2024-11-26 00:00:00 UTC,0.955189773255635
2024-11-27 00:00:00 UTC,0.953828394635627
2024-11-28 00:00:00 UTC,0.946586666124751
2024-11-29 00:00:00 UTC,0.946834337654719
2024-11-30 00:00:00 UTC,0.945559753364293
2024-12-01 00:00:00 UTC,0.945501599110082
2024-12-02 00:00:00 UTC,0.948215642133638
2024-12-03 00:00:00 UTC,0.952834978456779
2024-12-04 00:00:00 UTC,0.951425769533605
2024-12-05 00:00:00 UTC,0.95108144437514
2024-12-06 00:00:00 UTC,0.945715973556844
2024-12-07 00:00:00 UTC,0.945544996786756
2024-12-08 00:00:00 UTC,0.944731420798182
2024-12-09 00:00:00 UTC,0.949643856875487
2024-12-10 00:00:00 UTC,0.947859209019342
2024-12-11 00:00:00 UTC,0.948587320580485
2024-12-12 00:00:00 UTC,0.950832147492747
2024-12-13 00:00:00 UTC,0.954593820923653
2024-12-14 00:00:00 UTC,0.952166533399702
2024-12-15 00:00:00 UTC,0.951953197918883
2024-12-16 00:00:00 UTC,0.951186342042881
2024-12-17 00:00:00 UTC,0.951671620882
2024-12-18 00:00:00 UTC,0.952070908816756
2024-12-19 00:00:00 UTC,0.965749726306354
2024-12-20 00:00:00 UTC,0.964348647158931
2024-12-21 00:00:00 UTC,0.959526296893349
2024-12-22 00:00:00 UTC,0.959389935976134
2024-12-23 00:00:00 UTC,0.958040026187185
2024-12-24 00:00:00 UTC,0.960962782156316
2024-12-25 00:00:00 UTC,0.962396099990181
2024-12-26 00:00:00 UTC,0.962196008616461
2024-12-27 00:00:00 UTC,0.959553425099802
2024-12-28 00:00:00 UTC,0.959501085080652
2024-12-29 00:00:00 UTC,0.958892917428273
2024-12-30 00:00:00 UTC,0.959018676951371
2024-12-31 00:00:00 UTC,0.961538081254534
2025-01-01 00:00:00 UTC,0.966707453531733
2025-01-02 00:00:00 UTC,0.965563191460312
2025-01-03 00:00:00 UTC,0.973780669543133
2025-01-04 00:00:00 UTC,0.969150237727921
2025-01-05 00:00:00 UTC,0.969879646156515
2025-01-06 00:00:00 UTC,0.970193477203628
2025-01-07 00:00:00 UTC,0.963126764215795
2025-01-08 00:00:00 UTC,0.966517923513456
2025-01-09 00:00:00 UTC,0.969067978059263
2025-01-10 00:00:00 UTC,0.971520419112739
2025-01-11 00:00:00 UTC,0.974901485558361
2025-01-12 00:00:00 UTC,0.974970998627624
2025-01-13 00:00:00 UTC,0.97654105250021
2025-01-14 00:00:00 UTC,0.974780802876093
2025-01-15 00:00:00 UTC,0.970245108071922
2025-01-16 00:00:00 UTC,0.972110329992146
2025-01-17 00:00:00 UTC,0.971014261315822
2025-01-18 00:00:00 UTC,0.970477230581867
2025-01-19 00:00:00 UTC,0.973706669369212
2025-01-20 00:00:00 UTC,0.973831692436309
2025-01-21 00:00:00 UTC,0.956740575181901
2025-01-22 00:00:00 UTC,0.962867351280042
2025-01-23 00:00:00 UTC,0.960244283366857
2025-01-24 00:00:00 UTC,0.959707623448506
2025-01-25 00:00:00 UTC,0.952560091764536
2025-01-26 00:00:00 UTC,0.951643189487948
2025-01-27 00:00:00 UTC,0.954665162549217
2025-01-28 00:00:00 UTC,0.958226608019955
2025-01-29 00:00:00 UTC,0.959489889442844
2025-01-30 00:00:00 UTC,0.958651427704191
2025-01-31 00:00:00 UTC,0.961175406788656
2025-02-01 00:00:00 UTC,0.965563132578628
2025-02-02 00:00:00 UTC,0.965162353703617
2025-02-03 00:00:00 UTC,0.976285822149464
2025-02-04 00:00:00 UTC,0.967951563521463
2025-02-05 00:00:00 UTC,0.965030156609047
2025-02-06 00:00:00 UTC,0.961826687004384
2025-02-07 00:00:00 UTC,0.963896313075143
2025-02-08 00:00:00 UTC,0.968433319546611
2025-02-09 00:00:00 UTC,0.968080006369867
2025-02-10 00:00:00 UTC,0.97052308200647
2025-02-11 00:00:00 UTC,0.970548733487355
2025-02-12 00:00:00 UTC,0.964654706730357
2025-02-13 00:00:00 UTC,0.962326877996154
2025-02-14 00:00:00 UTC,0.955853924040047
2025-02-15 00:00:00 UTC,0.95264865576932
2025-02-16 00:00:00 UTC,0.953137614110942
2025-02-17 00:00:00 UTC,0.953260703559736
2025-02-18 00:00:00 UTC,0.953724331504142
2025-02-19 00:00:00 UTC,0.957012528295821
2025-02-20 00:00:00 UTC,0.959599578411049
2025-02-21 00:00:00 UTC,0.952121096319949
2025-02-22 00:00:00 UTC,0.955512279272354
2025-02-23 00:00:00 UTC,0.956111324658004
2025-02-24 00:00:00 UTC,0.954531559754235
2025-02-25 00:00:00 UTC,0.955629743862205
2025-02-26 00:00:00 UTC,0.950473568902669
2025-02-27 00:00:00 UTC,0.953174373567487
2025-02-28 00:00:00 UTC,0.961763783548536
2025-03-01 00:00:00 UTC,0.96340921973673
2025-03-02 00:00:00 UTC,0.963440282720012
2025-03-03 00:00:00 UTC,0.960110209629578
2025-03-04 00:00:00 UTC,0.953655144921459
2025-03-05 00:00:00 UTC,0.940993900890501
2025-03-06 00:00:00 UTC,0.926209530960889
2025-03-07 00:00:00 UTC,0.926819722126345
2025-03-08 00:00:00 UTC,0.92279868315003
2025-03-09 00:00:00 UTC,0.923057261221898
2025-03-10 00:00:00 UTC,0.92069163909554
2025-03-11 00:00:00 UTC,0.922144500424432
2025-03-12 00:00:00 UTC,0.916040911415045
2025-03-13 00:00:00 UTC,0.918525980665787
2025-03-14 00:00:00 UTC,0.921208096624256
2025-03-15 00:00:00 UTC,0.915453863311735
2025-03-16 00:00:00 UTC,0.915952496586094
2025-03-17 00:00:00 UTC,0.918711402059142
2025-03-18 00:00:00 UTC,0.915712584860192
2025-03-19 00:00:00 UTC,0.913909345169151
2025-03-20 00:00:00 UTC,0.916279998262668
2025-03-21 00:00:00 UTC,0.920848306882273
2025-03-22 00:00:00 UTC,0.919304483015327
2025-03-23 00:00:00 UTC,0.919484985536847
2025-03-24 00:00:00 UTC,0.922767341004209
2025-03-25 00:00:00 UTC,0.92553916290457
2025-03-26 00:00:00 UTC,0.926927721444502
2025-03-27 00:00:00 UTC,0.930642125785797
2025-03-28 00:00:00 UTC,0.925784740789766
2025-03-29 00:00:00 UTC,0.919483099679432
2025-03-30 00:00:00 UTC,0.919472480922726
2025-03-31 00:00:00 UTC,0.923844
2025-04-01 00:00:00 UTC,0.924414469284919
2025-04-02 00:00:00 UTC,0.926009353040306
2025-04-03 00:00:00 UTC,0.91714117298063
2025-04-04 00:00:00 UTC,0.905355923137128
2025-04-05 00:00:00 UTC,0.91233507440816
2025-04-06 00:00:00 UTC,0.912375015505459
2025-04-07 00:00:00 UTC,0.909948626467341
2025-04-08 00:00:00 UTC,0.915975574427043
2025-04-09 00:00:00 UTC,0.9103171954808
2025-04-10 00:00:00 UTC,0.913190507836289
2025-04-11 00:00:00 UTC,0.888260862398054
2025-04-12 00:00:00 UTC,0.880938957405213
2025-04-13 00:00:00 UTC,0.880413339216078
2025-04-14 00:00:00 UTC,0.881673573668741
2025-04-15 00:00:00 UTC,0.882013828082539
2025-04-16 00:00:00 UTC,0.885245101229027
2025-04-17 00:00:00 UTC,0.877152157979053
2025-04-18 00:00:00 UTC,0.879308982570794
2025-04-19 00:00:00 UTC,0.879222302105953
2025-04-20 00:00:00 UTC,0.879238283543412
2025-04-21 00:00:00 UTC,0.873394522225204
2025-04-22 00:00:00 UTC,0.868617781446913
2025-04-23 00:00:00 UTC,0.881413199950239
2025-04-24 00:00:00 UTC,0.882427255235635
2025-04-25 00:00:00 UTC,0.879267075716105
2025-04-26 00:00:00 UTC,0.876799594128086
2025-04-27 00:00:00 UTC,0.87769877549921
2025-04-28 00:00:00 UTC,0.881179830386022
2025-04-29 00:00:00 UTC,0.876514732170761
2025-04-30 00:00:00 UTC,0.878157064714207
2025-05-01 00:00:00 UTC,0.882981133006618
2025-05-02 00:00:00 UTC,0.885201713285611
2025-05-03 00:00:00 UTC,0.884661394020756
2025-05-04 00:00:00 UTC,0.884694912307652
2025-05-05 00:00:00 UTC,0.883113828027807
2025-05-06 00:00:00 UTC,0.883778955425624
2025-05-07 00:00:00 UTC,0.881542143465299
2025-05-08 00:00:00 UTC,0.884399060214417
2025-05-09 00:00:00 UTC,0.890708414730784
2025-05-10 00:00:00 UTC,0.888761652249733
2025-05-11 00:00:00 UTC,0.888800342988969
2025-05-12 00:00:00 UTC,0.890510441885266
2025-05-13 00:00:00 UTC,0.901255646610473
2025-05-14 00:00:00 UTC,0.8939479098935
2025-05-15 00:00:00 UTC,0.894102814575479
2025-05-16 00:00:00 UTC,0.893390705473991
2025-05-17 00:00:00 UTC,0.895802061684624
2025-05-18 00:00:00 UTC,0.895801106639569
2025-05-19 00:00:00 UTC,0.893980291098933
2025-05-20 00:00:00 UTC,0.890139591930714
2025-05-21 00:00:00 UTC,0.885802318453276
2025-05-22 00:00:00 UTC,0.882364791673272
2025-05-23 00:00:00 UTC,0.8860709318449
2025-05-24 00:00:00 UTC,0.879312980398003
2025-05-25 00:00:00 UTC,0.879345795128006
2025-05-26 00:00:00 UTC,0.879131851536961
2025-05-27 00:00:00 UTC,0.877662485695163
2025-05-28 00:00:00 UTC,0.881743378380334
2025-05-29 00:00:00 UTC,0.889387769183056
2025-05-30 00:00:00 UTC,0.87865843836112
2025-05-31 00:00:00 UTC,0.881123462128359
2025-06-01 00:00:00 UTC,0.881038726688732
2025-06-02 00:00:00 UTC,0.880452743198704
2025-06-03 00:00:00 UTC,0.873022538277515
2025-06-04 00:00:00 UTC,0.878334462536375
2025-06-05 00:00:00 UTC,0.87548759045408
2025-06-06 00:00:00 UTC,0.872976916466207
2025-06-07 00:00:00 UTC,0.876961784251831
2025-06-08 00:00:00 UTC,0.876959376738393
2025-06-09 00:00:00 UTC,0.876487676037814
2025-06-10 00:00:00 UTC,0.875106104394162
2025-06-11 00:00:00 UTC,0.874132273247304
2025-06-12 00:00:00 UTC,0.868897410499108
2025-06-13 00:00:00 UTC,0.861927642049619
2025-06-14 00:00:00 UTC,0.86559351761097
2025-06-15 00:00:00 UTC,0.865580994468024
2025-06-16 00:00:00 UTC,0.865622948085291
2025-06-17 00:00:00 UTC,0.865312715711295
2025-06-18 00:00:00 UTC,0.870842393796527
2025-06-19 00:00:00 UTC,0.871303769560518
2025-06-20 00:00:00 UTC,0.868608542773841
2025-06-21 00:00:00 UTC,0.86754692335475
2025-06-22 00:00:00 UTC,0.867550096093532
2025-06-23 00:00:00 UTC,0.869226889053496
2025-06-24 00:00:00 UTC,0.861993978743643
2025-06-25 00:00:00 UTC,0.86107467908152
2025-06-26 00:00:00 UTC,0.855767116788424
2025-06-27 00:00:00 UTC,0.855106182957554
2025-06-28 00:00:00 UTC,0.853033708906531
2025-06-29 00:00:00 UTC,0.853069010260643
2025-06-30 00:00:00 UTC,0.852409674626725
2025-07-01 00:00:00 UTC,0.848448206424024
2025-07-02 00:00:00 UTC,0.846997364725509
2025-07-03 00:00:00 UTC,0.847281352062715
2025-07-04 00:00:00 UTC,0.849663991987169
2025-07-05 00:00:00 UTC,0.84882647520954
2025-07-06 00:00:00 UTC,0.848883064429799
2025-07-07 00:00:00 UTC,0.848955466843219
2025-07-08 00:00:00 UTC,0.851788491634307
2025-07-09 00:00:00 UTC,0.852941015306351
2025-07-10 00:00:00 UTC,0.852503568046442
2025-07-11 00:00:00 UTC,0.854459360511144
2025-07-12 00:00:00 UTC,0.855452344167856
2025-07-13 00:00:00 UTC,0.855385287105421
2025-07-14 00:00:00 UTC,0.855965462668742
2025-07-15 00:00:00 UTC,0.857053423172926
2025-07-16 00:00:00 UTC,0.861404968154991
2025-07-17 00:00:00 UTC,0.859388431297311
2025-07-18 00:00:00 UTC,0.860835028338041
2025-07-19 00:00:00 UTC,0.859805410335402
2025-07-20 00:00:00 UTC,0.859864445985603
2025-07-21 00:00:00 UTC,0.859639328136495
2025-07-22 00:00:00 UTC,0.85494096542321
2025-07-23 00:00:00 UTC,0.851856829811713
2025-07-24 00:00:00 UTC,0.849043202978583
2025-07-25 00:00:00 UTC,0.85045611462396
2025-07-26 00:00:00 UTC,0.85115907443438
2025-07-27 00:00:00 UTC,0.851157818434843
2025-07-28 00:00:00 UTC,0.850363967317125
2025-07-29 00:00:00 UTC,0.862253886873954
2025-07-30 00:00:00 UTC,0.865431056739699
2025-07-31 00:00:00 UTC,0.87476943105591
2025-08-01 00:00:00 UTC,0.875079876762492
2025-08-02 00:00:00 UTC,0.86234081872929
2025-08-03 00:00:00 UTC,0.862573583796815
2025-08-04 00:00:00 UTC,0.862662800910258
2025-08-05 00:00:00 UTC,0.863069556962051
2025-08-06 00:00:00 UTC,0.863200534107227
2025-08-07 00:00:00 UTC,0.857264674157928
2025-08-08 00:00:00 UTC,0.85621436248892
2025-08-09 00:00:00 UTC,0.858347810607377
2025-08-10 00:00:00 UTC,0.85821143096517
2025-08-11 00:00:00 UTC,0.858303091312387
2025-08-12 00:00:00 UTC,0.860756659036456
2025-08-13 00:00:00 UTC,0.856218350772837
2025-08-14 00:00:00 UTC,0.853697551671099
2025-08-15 00:00:00 UTC,0.858212253822713
2025-08-16 00:00:00 UTC,0.854182690090122
2025-08-17 00:00:00 UTC,0.854265163925429
2025-08-18 00:00:00 UTC,0.854141076135816
2025-08-19 00:00:00 UTC,0.856899640822032
2025-08-20 00:00:00 UTC,0.858716872108852
2025-08-21 00:00:00 UTC,0.858144691655324
2025-08-22 00:00:00 UTC,0.860848677441921
2025-08-23 00:00:00 UTC,0.852662881262552
2025-08-24 00:00:00 UTC,0.852933525088863
2025-08-25 00:00:00 UTC,0.853723205875806
2025-08-26 00:00:00 UTC,0.860804586011021
2025-08-27 00:00:00 UTC,0.858950258535865
2025-08-28 00:00:00 UTC,0.858531297935012
2025-08-29 00:00:00 UTC,0.855887234177918
2025-08-30 00:00:00 UTC,0.85559864176048
2025-08-31 00:00:00 UTC,0.855481972296529
2025-09-01 00:00:00 UTC,0.855271429007063
2025-09-02 00:00:00 UTC,0.853353711680839
2025-09-03 00:00:00 UTC,0.859224231476513
2025-09-04 00:00:00 UTC,0.857491215682501
2025-09-05 00:00:00 UTC,0.85769830976305
2025-09-06 00:00:00 UTC,0.852951310026746
2025-09-07 00:00:00 UTC,0.853362622380873
2025-09-08 00:00:00 UTC,0.853693698340383
2025-09-09 00:00:00 UTC,0.849524876699258
2025-09-10 00:00:00 UTC,0.854390939536668
2025-09-11 00:00:00 UTC,0.85432150981474
2025-09-12 00:00:00 UTC,0.85201804176814
2025-09-13 00:00:00 UTC,0.851889845971508
2025-09-14 00:00:00 UTC,0.852055647414613
2025-09-15 00:00:00 UTC,0.852628040406723
2025-09-16 00:00:00 UTC,0.849846571812909
2025-09-17 00:00:00 UTC,0.842162081831185
2025-09-18 00:00:00 UTC,0.845349766420427
2025-09-19 00:00:00 UTC,0.847953809830772
2025-09-20 00:00:00 UTC,0.85113833855593
2025-09-21 00:00:00 UTC,0.850955823809724
2025-09-22 00:00:00 UTC,0.851755132067885
2025-09-23 00:00:00 UTC,0.847079628881946
2025-09-24 00:00:00 UTC,0.846130957191003
2025-09-25 00:00:00 UTC,0.851176890642769
2025-09-26 00:00:00 UTC,0.857185051002381
2025-09-27 00:00:00 UTC,0.854114523399163
2025-09-28 00:00:00 UTC,0.854229354988028
2025-09-29 00:00:00 UTC,0.853972457287519
2025-09-30 00:00:00 UTC,0.852105066481673
2025-10-01 00:00:00 UTC,0.851784320956826
2025-10-02 00:00:00 UTC,0.85194849566315
2025-10-03 00:00:00 UTC,0.852726601591333
2025-10-04 00:00:00 UTC,0.851473643946412
2025-10-05 00:00:00 UTC,0.851714663109724
2025-10-06 00:00:00 UTC,0.853656535175947
2025-10-07 00:00:00 UTC,0.853739171579453
2025-10-08 00:00:00 UTC,0.85761978849966
2025-10-09 00:00:00 UTC,0.859638898192074
2025-10-10 00:00:00 UTC,0.864494875063714
2025-10-11 00:00:00 UTC,0.860402398280548
2025-10-12 00:00:00 UTC,0.860401736550498
2025-10-13 00:00:00 UTC,0.861918706210017
2025-10-14 00:00:00 UTC,0.86457593614177
2025-10-15 00:00:00 UTC,0.861795315671697
2025-10-16 00:00:00 UTC,0.858488592265338
2025-10-17 00:00:00 UTC,0.854626548514798
2025-10-18 00:00:00 UTC,0.857510398310776
2025-10-19 00:00:00 UTC,0.857685806501066
2025-10-20 00:00:00 UTC,0.857599836541418
2025-10-21 00:00:00 UTC,0.858678835394014
2025-10-22 00:00:00 UTC,0.861883251730836
2025-10-23 00:00:00 UTC,0.861358305792778
2025-10-24 00:00:00 UTC,0.86053636816291
2025-10-25 00:00:00 UTC,0.860102485276979
2025-10-26 00:00:00 UTC,0.860030631443342
2025-10-27 00:00:00 UTC,0.859680085288356
2025-10-28 00:00:00 UTC,0.858071561979215
2025-10-29 00:00:00 UTC,0.858008803282111
2025-10-30 00:00:00 UTC,0.861781898332389
2025-10-31 00:00:00 UTC,0.864025584670797
2025-11-01 00:00:00 UTC,0.861888778855996
2025-11-02 00:00:00 UTC,0.86237086408
2025-11-03 00:00:00 UTC,0.867317272592451
2025-11-04 00:00:00 UTC,0.867965093175827
2025-11-05 00:00:00 UTC,0.870465482314673
2025-11-06 00:00:00 UTC,0.869654169656532
2025-11-07 00:00:00 UTC,0.865572290048955
2025-11-08 00:00:00 UTC,0.864345698177932
2025-11-09 00:00:00 UTC,0.864174457104478
2025-11-10 00:00:00 UTC,0.866112892715586
2025-11-11 00:00:00 UTC,0.864983611793186
2025-11-12 00:00:00 UTC,0.862833436130199
2025-11-13 00:00:00 UTC,0.862533436049846
2025-11-14 00:00:00 UTC,0.859752307460807
2025-11-15 00:00:00 UTC,0.860074653371597
2025-11-16 00:00:00 UTC,0.860190557125398
2025-11-17 00:00:00 UTC,0.861037506204645
2025-11-18 00:00:00 UTC,0.862634314041745
2025-11-19 00:00:00 UTC,0.863426051326006
2025-11-20 00:00:00 UTC,0.866281422257512
2025-11-21 00:00:00 UTC,0.866732654045433
2025-11-22 00:00:00 UTC,0.868148891056473
2025-11-23 00:00:00 UTC,0.86783581293802
2025-11-24 00:00:00 UTC,0.868703988600857
2025-11-25 00:00:00 UTC,0.867700783340946
2025-11-26 00:00:00 UTC,0.864355456712355
2025-11-27 00:00:00 UTC,0.86174420488577
2025-11-28 00:00:00 UTC,0.861709010189751
2025-11-29 00:00:00 UTC,0.862070838897329
2025-11-30 00:00:00 UTC,0.862174185655777
2025-12-01 00:00:00 UTC,0.861937256824045
2025-12-02 00:00:00 UTC,0.861308596801944
2025-12-03 00:00:00 UTC,0.859796358122268
2025-12-04 00:00:00 UTC,0.857096432921825
2025-12-05 00:00:00 UTC,0.858832348439242
2025-12-06 00:00:00 UTC,0.85844814968908
2025-12-07 00:00:00 UTC,0.858630712294273
2025-12-08 00:00:00 UTC,0.85887233532796
2025-12-09 00:00:00 UTC,0.858972347809716
2025-12-10 00:00:00 UTC,0.859816110675728
2025-12-11 00:00:00 UTC,0.8535257190423
2025-12-12 00:00:00 UTC,0.851694228121276
2025-12-13 00:00:00 UTC,0.851437176781902
2025-12-14 00:00:00 UTC,0.85197631677859
2025-12-15 00:00:00 UTC,0.851826482552823
2025-12-16 00:00:00 UTC,0.850784684769771
2025-12-17 00:00:00 UTC,0.851160387983789
2025-12-18 00:00:00 UTC,0.8515605855234
2025-12-19 00:00:00 UTC,0.852721386877661
2025-12-20 00:00:00 UTC,0.853649585690625
2025-12-21 00:00:00 UTC,0.85387696270849
2025-12-22 00:00:00 UTC,0.853991055335984
2025-12-23 00:00:00 UTC,0.849891300489212
2025-12-24 00:00:00 UTC,0.847656296152441
2025-12-25 00:00:00 UTC,0.849358657387699
2025-12-26 00:00:00 UTC,0.848401324190415
2025-12-27 00:00:00 UTC,0.849270915245526
2025-12-28 00:00:00 UTC,0.849498362489291
2025-12-29 00:00:00 UTC,0.849265551179676
2025-12-30 00:00:00 UTC,0.84931668918497
2025-12-31 00:00:00 UTC,0.851220894810973
2026-01-01 00:00:00 UTC,0.852168317812618
2026-01-02 00:00:00 UTC,0.851065847105733
2026-01-03 00:00:00 UTC,0.852704909057403
2026-01-04 00:00:00 UTC,0.852673988319999
2026-01-05 00:00:00 UTC,0.854301292569204
2026-01-06 00:00:00 UTC,0.853538111478508
2026-01-07 00:00:00 UTC,0.855546279416604
2026-01-08 00:00:00 UTC,0.856216004268568
2026-01-09 00:00:00 UTC,0.857741028808835
2026-01-10 00:00:00 UTC,0.859414239593977
2026-01-11 00:00:00 UTC,0.859768916074824
2026-01-12 00:00:00 UTC,0.860225750596892
2026-01-13 00:00:00 UTC,0.856815711151441
2026-01-14 00:00:00 UTC,0.858670647514083
2026-01-15 00:00:00 UTC,0.858444511346599
2026-01-16 00:00:00 UTC,0.861246654744265
2026-01-17 00:00:00 UTC,0.863304312044657
2026-01-18 00:00:00 UTC,0.861613855255104
2026-01-19 00:00:00 UTC,0.860209217759003
2026-01-20 00:00:00 UTC,0.858927772378198
2026-01-21 00:00:00 UTC,0.852395440222101
2026-01-22 00:00:00 UTC,0.856513112319234
2026-01-23 00:00:00 UTC,0.850546308305254
2026-01-24 00:00:00 UTC,0.845228713160808
2026-01-25 00:00:00 UTC,0.845054448983141
2026-01-26 00:00:00 UTC,0.843166507600955
2026-01-27 00:00:00 UTC,0.841840665939379
2026-01-28 00:00:00 UTC,0.831457096232858
2026-01-29 00:00:00 UTC,0.835325136580202
2026-01-30 00:00:00 UTC,0.835462378203848
2026-01-31 00:00:00 UTC,0.843372031612025
2026-02-01 00:00:00 UTC,0.843237915855939
2026-02-02 00:00:00 UTC,0.8435583701249
2026-02-03 00:00:00 UTC,0.847506047482035
2026-02-04 00:00:00 UTC,0.846125203693029
2026-02-05 00:00:00 UTC,0.847091444079554
2026-02-06 00:00:00 UTC,0.848884600216173
2026-02-07 00:00:00 UTC,0.845959582274824
2026-02-08 00:00:00 UTC,0.846032479226441
2026-02-09 00:00:00 UTC,0.845730145137772
2026-02-10 00:00:00 UTC,0.839907242377469
2026-02-11 00:00:00 UTC,0.84109704618088
