datetime,price
2015-02-25 00:00:00 UTC,1.06535450516
2015-03-02 00:00:00 UTC,0.533095609764
2015-03-06 00:00:00 UTC,0.91746053826
2015-03-07 00:00:00 UTC,0.925096210234
2015-03-08 00:00:00 UTC,0.924914234816
2015-03-09 00:00:00 UTC,0.915415279988
2015-03-10 00:00:00 UTC,0.929094036724
2015-03-11 00:00:00 UTC,0.946269082528
2015-03-12 00:00:00 UTC,0.940253531524
2015-03-13 00:00:00 UTC,0.936749928804
2015-03-14 00:00:00 UTC,0.949814255708
2015-03-15 00:00:00 UTC,0.950342311296
2015-03-16 00:00:00 UTC,0.9448292799
2015-03-17 00:00:00 UTC,0.940312405624
2015-03-18 00:00:00 UTC,0.936164170486
2015-03-19 00:00:00 UTC,0.925922823104
2015-03-20 00:00:00 UTC,0.919147032055
2015-03-21 00:00:00 UTC,0.925487296832
2015-03-22 00:00:00 UTC,0.926602370208
2015-03-23 00:00:00 UTC,0.909153726848
2015-03-24 00:00:00 UTC,0.903613028892
2015-03-25 00:00:00 UTC,0.916967856917
2015-03-26 00:00:00 UTC,0.91268408886
2015-03-27 00:00:00 UTC,0.909838168476
2015-03-28 00:00:00 UTC,0.915230980636
2015-03-29 00:00:00 UTC,0.918529613055
2015-03-30 00:00:00 UTC,0.92158195932
2015-03-31 00:00:00 UTC,0.926763833244
2015-04-02 00:00:00 UTC,0.933342837756
2015-04-03 00:00:00 UTC,0.916702966534
2015-04-04 00:00:00 UTC,0.907680787761
2015-04-05 00:00:00 UTC,0.933512580972
2015-04-06 00:00:00 UTC,0.890500610328
2015-04-07 00:00:00 UTC,0.92539562808
2015-04-08 00:00:00 UTC,0.89417966442
2015-04-09 00:00:00 UTC,0.93254799015
2015-04-10 00:00:00 UTC,0.91364023143
2015-04-11 00:00:00 UTC,0.94433670008
2015-04-12 00:00:00 UTC,0.937062938808
2015-04-13 00:00:00 UTC,0.89644285559
2015-04-14 00:00:00 UTC,0.913297709203
2015-04-15 00:00:00 UTC,0.943602476616
2015-04-16 00:00:00 UTC,0.93610326222
2015-04-17 00:00:00 UTC,0.900912308934
2015-04-18 00:00:00 UTC,0.922547882619
2015-04-19 00:00:00 UTC,0.916897936269
2015-04-20 00:00:00 UTC,0.934099231368
2015-04-21 00:00:00 UTC,0.97634906224
2015-04-22 00:00:00 UTC,0.927598107994
2015-04-23 00:00:00 UTC,0.929834708226
2015-04-24 00:00:00 UTC,0.91123423084
2015-04-25 00:00:00 UTC,0.896948971408
2015-04-26 00:00:00 UTC,0.917092474536
2015-04-27 00:00:00 UTC,0.958932887354
2015-04-28 00:00:00 UTC,0.906891910564
2015-04-29 00:00:00 UTC,0.907273983968
2015-04-30 00:00:00 UTC,0.9036193296
2015-05-01 00:00:00 UTC,0.882205235625
2015-05-02 00:00:00 UTC,0.898098404336
2015-05-03 00:00:00 UTC,0.892498728162
2015-05-04 00:00:00 UTC,0.891305133824
2015-05-05 00:00:00 UTC,0.907291562912
2015-05-06 00:00:00 UTC,0.864132907848
2015-05-07 00:00:00 UTC,0.913981968072
2015-05-08 00:00:00 UTC,0.912981906434
2015-05-09 00:00:00 UTC,0.89401725725
2015-05-10 00:00:00 UTC,0.879942063585
2015-05-11 00:00:00 UTC,0.901951070704
2015-05-12 00:00:00 UTC,0.891046732506
2015-05-13 00:00:00 UTC,0.857363850705
2015-05-14 00:00:00 UTC,0.877986009568
2015-05-15 00:00:00 UTC,0.873984504504
2015-05-16 00:00:00 UTC,0.870962035135
2015-05-17 00:00:00 UTC,0.871536007188
2015-05-18 00:00:00 UTC,0.870073051886
2015-05-19 00:00:00 UTC,0.895545538385
2015-05-20 00:00:00 UTC,0.904693383137
2015-05-21 00:00:00 UTC,0.901190636454
2015-05-22 00:00:00 UTC,0.92885267079
2015-05-23 00:00:00 UTC,0.901574198522
2015-05-24 00:00:00 UTC,0.91684272095
2015-05-25 00:00:00 UTC,0.911381394519
2015-05-26 00:00:00 UTC,0.91690788483
2015-05-27 00:00:00 UTC,0.914364007136
2015-05-28 00:00:00 UTC,0.912479875139
2015-05-29 00:00:00 UTC,0.912643779577
2015-05-30 00:00:00 UTC,0.912302774187
2015-05-31 00:00:00 UTC,0.90253642391
2015-06-01 00:00:00 UTC,0.897572273312
2015-06-02 00:00:00 UTC,0.89811013968
2015-06-03 00:00:00 UTC,0.88380074944
2015-06-04 00:00:00 UTC,0.88348759889
2015-06-05 00:00:00 UTC,0.89677480464
2015-06-06 00:00:00 UTC,0.90386137035
2015-06-07 00:00:00 UTC,0.902052641922
2015-06-08 00:00:00 UTC,0.895887974553
2015-06-09 00:00:00 UTC,0.883148933228
2015-06-10 00:00:00 UTC,0.886412083854
2015-06-11 00:00:00 UTC,0.889941654498
2015-06-12 00:00:00 UTC,0.88497186417
2015-06-13 00:00:00 UTC,0.894554852874
2015-06-14 00:00:00 UTC,0.89183008017
2015-06-15 00:00:00 UTC,0.890407867185
2015-06-16 00:00:00 UTC,0.898060368872
2015-06-17 00:00:00 UTC,0.874906338684
2015-06-18 00:00:00 UTC,0.872536223232
2015-06-19 00:00:00 UTC,0.870062991252
2015-06-20 00:00:00 UTC,0.885913227216
2015-06-21 00:00:00 UTC,0.884337597142
2015-06-22 00:00:00 UTC,0.882547239364
2015-06-23 00:00:00 UTC,0.894573797949
2015-06-24 00:00:00 UTC,0.888710088608
2015-06-25 00:00:00 UTC,0.890645618292
2015-06-26 00:00:00 UTC,0.898803262538
2015-06-27 00:00:00 UTC,0.903585951765
2015-06-28 00:00:00 UTC,0.905147728744
2015-06-29 00:00:00 UTC,0.893025575064
2015-06-30 00:00:00 UTC,0.893567998752
2015-07-01 00:00:00 UTC,0.89868912886
2015-07-02 00:00:00 UTC,0.895993103322
2015-07-03 00:00:00 UTC,0.900135005289
2015-07-04 00:00:00 UTC,0.90818637034
2015-07-05 00:00:00 UTC,0.928652520006
2015-07-06 00:00:00 UTC,0.891554676547
2015-07-07 00:00:00 UTC,0.90215215368
2015-07-08 00:00:00 UTC,0.899301834876
2015-07-09 00:00:00 UTC,0.89679544697
2015-07-10 00:00:00 UTC,0.888336816
2015-07-11 00:00:00 UTC,0.885759902248
2015-07-12 00:00:00 UTC,0.901163164314
2015-07-13 00:00:00 UTC,0.914152767525
2015-07-14 00:00:00 UTC,0.890598877298
2015-07-15 00:00:00 UTC,0.890763755571
2015-07-16 00:00:00 UTC,0.927428197839
2015-07-17 00:00:00 UTC,0.925135909968
2015-07-18 00:00:00 UTC,0.923522760384
2015-07-19 00:00:00 UTC,0.916210704892
2015-07-20 00:00:00 UTC,0.927136759838
2015-07-21 00:00:00 UTC,0.903799705824
2015-07-22 00:00:00 UTC,0.912613668414
2015-07-23 00:00:00 UTC,0.909099342337
2015-07-24 00:00:00 UTC,0.912902146578
2015-07-25 00:00:00 UTC,0.911274557865
2015-07-26 00:00:00 UTC,0.909386156604
2015-07-27 00:00:00 UTC,0.915929123816
2015-07-28 00:00:00 UTC,0.899877599276
2015-07-29 00:00:00 UTC,0.907207114522
2015-07-30 00:00:00 UTC,0.912329545625
2015-07-31 00:00:00 UTC,0.90826639134
2015-08-01 00:00:00 UTC,0.908130941195
2015-08-02 00:00:00 UTC,0.910692604395
2015-08-03 00:00:00 UTC,0.899831189792
2015-08-04 00:00:00 UTC,0.915972970362
2015-08-05 00:00:00 UTC,0.912937210094
2015-08-06 00:00:00 UTC,0.914035700662
2015-08-07 00:00:00 UTC,0.910179633803
2015-08-08 00:00:00 UTC,0.87843749901
2015-08-09 00:00:00 UTC,0.909355335776
2015-08-10 00:00:00 UTC,0.906279900768
2015-08-11 00:00:00 UTC,0.924093092445
2015-08-12 00:00:00 UTC,0.889834043676
2015-08-13 00:00:00 UTC,0.889671699873
2015-08-14 00:00:00 UTC,0.89156448654
2015-08-15 00:00:00 UTC,0.883103137952
2015-08-16 00:00:00 UTC,0.895491226224
2015-08-17 00:00:00 UTC,0.897147480103
2015-08-18 00:00:00 UTC,0.781746584772
2015-08-19 00:00:00 UTC,0.869635515
2015-08-20 00:00:00 UTC,0.895741199332
2015-08-21 00:00:00 UTC,0.875202982327
2015-08-22 00:00:00 UTC,0.893682382614
2015-08-23 00:00:00 UTC,0.879117956808
2015-08-24 00:00:00 UTC,0.843846837998
2015-08-25 00:00:00 UTC,0.865870671372
2015-08-26 00:00:00 UTC,0.8713856133
2015-08-27 00:00:00 UTC,0.8736388496
2015-08-28 00:00:00 UTC,0.882179638221
2015-08-29 00:00:00 UTC,0.899544694752
2015-08-30 00:00:00 UTC,0.899621239296
2015-08-31 00:00:00 UTC,0.88715794442
2015-09-01 00:00:00 UTC,0.880117985313
2015-09-02 00:00:00 UTC,0.884279965216
2015-09-03 00:00:00 UTC,0.894239391948
2015-09-04 00:00:00 UTC,0.894748540744
2015-09-05 00:00:00 UTC,0.89772982023
2015-09-06 00:00:00 UTC,0.89484716212
2015-09-07 00:00:00 UTC,0.893437192947
2015-09-08 00:00:00 UTC,0.896109097136
2015-09-09 00:00:00 UTC,0.881665093691
2015-09-10 00:00:00 UTC,0.885295207609
2015-09-11 00:00:00 UTC,0.880910330422
2015-09-12 00:00:00 UTC,0.880519041906
2015-09-13 00:00:00 UTC,0.881966246843
2015-09-14 00:00:00 UTC,0.878265167
2015-09-15 00:00:00 UTC,0.886140412472
2015-09-16 00:00:00 UTC,0.887181537321
2015-09-17 00:00:00 UTC,0.886814174296
2015-09-18 00:00:00 UTC,0.883768054221
2015-09-19 00:00:00 UTC,0.883025690981
2015-09-20 00:00:00 UTC,0.883575153936
2015-09-22 00:00:00 UTC,0.91218540234
2015-09-23 00:00:00 UTC,0.891309604124
2015-09-24 00:00:00 UTC,0.910105209112
2015-09-25 00:00:00 UTC,0.894329285104
2015-09-26 00:00:00 UTC,0.889589107407
2015-09-27 00:00:00 UTC,0.888724365353
2015-09-28 00:00:00 UTC,0.914234803829
2015-09-29 00:00:00 UTC,0.880134238258
2015-09-30 00:00:00 UTC,0.893355588002
2015-10-01 00:00:00 UTC,0.899469724158
2015-10-02 00:00:00 UTC,0.891304312605
2015-10-03 00:00:00 UTC,0.8987684631
2015-10-04 00:00:00 UTC,0.891968941589
2015-10-05 00:00:00 UTC,0.90254364284
2015-10-06 00:00:00 UTC,0.909522131192
2015-10-07 00:00:00 UTC,0.87988653621
2015-10-08 00:00:00 UTC,0.884349366992
2015-10-09 00:00:00 UTC,0.887273445771
2015-10-10 00:00:00 UTC,0.885835682595
2015-10-11 00:00:00 UTC,0.89010475547
2015-10-12 00:00:00 UTC,0.877443919545
2015-10-13 00:00:00 UTC,0.89667906867
2015-10-14 00:00:00 UTC,0.881822464306
2015-10-15 00:00:00 UTC,0.887845361152
2015-10-16 00:00:00 UTC,0.911825909346
2015-10-17 00:00:00 UTC,0.910038975291
2015-10-18 00:00:00 UTC,0.854493874645
2015-10-19 00:00:00 UTC,0.89079978324
2015-10-20 00:00:00 UTC,0.901715235796
2015-10-21 00:00:00 UTC,0.874913105059
2015-10-22 00:00:00 UTC,0.926416429949
2015-10-23 00:00:00 UTC,0.916623463104
2015-10-24 00:00:00 UTC,0.922936655364
2015-10-25 00:00:00 UTC,0.908626849668
2015-10-26 00:00:00 UTC,0.912042630026
2015-10-27 00:00:00 UTC,0.92190467398
2015-10-28 00:00:00 UTC,0.93663858604
2015-10-29 00:00:00 UTC,0.94092409003
2015-10-30 00:00:00 UTC,0.936889482076
2015-10-31 00:00:00 UTC,0.85975479447
2015-11-01 00:00:00 UTC,0.935244852919
2015-11-02 00:00:00 UTC,1.001854741271
2015-11-03 00:00:00 UTC,1.000048785054
2015-11-04 00:00:00 UTC,0.88165038255
2015-11-05 00:00:00 UTC,0.812020180674
2015-11-06 00:00:00 UTC,0.953804098821
2015-11-07 00:00:00 UTC,0.941427332251
2015-11-08 00:00:00 UTC,0.896138683886
2015-11-09 00:00:00 UTC,0.95410524078
2015-11-10 00:00:00 UTC,0.8340031896
2015-11-11 00:00:00 UTC,0.936629672407
2015-11-12 00:00:00 UTC,0.976799195262
2015-11-13 00:00:00 UTC,0.928788604656
2015-11-14 00:00:00 UTC,0.927191937687
2015-11-15 00:00:00 UTC,0.892654551052
2015-11-16 00:00:00 UTC,0.971322964106
2015-11-17 00:00:00 UTC,0.936745774272
2015-11-18 00:00:00 UTC,0.943263442864
2015-11-19 00:00:00 UTC,0.91101575673
2015-11-20 00:00:00 UTC,0.957366420496
2015-11-21 00:00:00 UTC,0.955719163028
2015-11-22 00:00:00 UTC,0.93253441725
2015-11-23 00:00:00 UTC,0.942779331648
2015-11-24 00:00:00 UTC,0.939088089784
2015-11-25 00:00:00 UTC,0.972962934972
2015-11-26 00:00:00 UTC,0.999987673104
2015-11-27 00:00:00 UTC,0.966641846162
2015-11-28 00:00:00 UTC,0.951830025606
2015-11-29 00:00:00 UTC,0.982434851742
2015-11-30 00:00:00 UTC,0.933299245263
2015-12-01 00:00:00 UTC,0.934579290813
2015-12-02 00:00:00 UTC,0.956162804175
2015-12-03 00:00:00 UTC,0.91211925517
2015-12-04 00:00:00 UTC,0.926577591123
2015-12-05 00:00:00 UTC,0.961899095972
2015-12-06 00:00:00 UTC,0.9041694728
2015-12-07 00:00:00 UTC,0.93343111488
2015-12-08 00:00:00 UTC,0.96960229234
2015-12-09 00:00:00 UTC,0.903404364386
2015-12-10 00:00:00 UTC,0.913755294928
2015-12-11 00:00:00 UTC,0.958509259785
2015-12-12 00:00:00 UTC,0.935981306368
2015-12-13 00:00:00 UTC,0.907069462708
2015-12-14 00:00:00 UTC,0.914639957616
2015-12-15 00:00:00 UTC,0.93471985349
2015-12-16 00:00:00 UTC,0.909227254166
2015-12-17 00:00:00 UTC,0.921011886025
2015-12-18 00:00:00 UTC,0.932452126749
2015-12-19 00:00:00 UTC,0.916355832192
2015-12-20 00:00:00 UTC,0.882826869078
2015-12-21 00:00:00 UTC,0.919035016299
2015-12-22 00:00:00 UTC,0.898048175488
2015-12-23 00:00:00 UTC,0.922924787868
2015-12-24 00:00:00 UTC,0.904982710489
2015-12-25 00:00:00 UTC,0.91353174389
2015-12-26 00:00:00 UTC,0.88354355572
2015-12-27 00:00:00 UTC,0.924839992627
2015-12-28 00:00:00 UTC,0.906940723966
2015-12-29 00:00:00 UTC,0.915027513340152
2015-12-30 00:00:00 UTC,0.914907066593879
2015-12-31 00:00:00 UTC,0.921446679609129
2016-01-01 00:00:00 UTC,0.920813163086088
2016-01-02 00:00:00 UTC,0.920861979250609
2016-01-03 00:00:00 UTC,0.920699770803212
2016-01-04 00:00:00 UTC,0.923284909603399
2016-01-05 00:00:00 UTC,0.930027886095137
2016-01-06 00:00:00 UTC,0.9273420456574
2016-01-07 00:00:00 UTC,0.915366077023184
2016-01-08 00:00:00 UTC,0.915407492869416
2016-01-09 00:00:00 UTC,0.915472388563635
2016-01-10 00:00:00 UTC,0.914764974609074
2016-01-11 00:00:00 UTC,0.920697938436352
2016-01-12 00:00:00 UTC,0.921055783863327
2016-01-13 00:00:00 UTC,0.919302045728039
2016-01-14 00:00:00 UTC,0.920254960476933
2016-01-15 00:00:00 UTC,0.916277957541704
2016-01-16 00:00:00 UTC,0.91437269530915
2016-01-17 00:00:00 UTC,0.915768099887151
2016-01-18 00:00:00 UTC,0.917720937237103
2016-01-19 00:00:00 UTC,0.91660699444613
2016-01-20 00:00:00 UTC,0.918221884788754
2016-01-21 00:00:00 UTC,0.920068903792161
2016-01-22 00:00:00 UTC,0.927083852495957
2016-01-23 00:00:00 UTC,0.926138933017829
2016-01-24 00:00:00 UTC,0.926320908260887
2016-01-25 00:00:00 UTC,0.921978660603682
2016-01-26 00:00:00 UTC,0.920335018447928
2016-01-27 00:00:00 UTC,0.917406227265007
2016-01-28 00:00:00 UTC,0.914532132619509
2016-02-11 00:00:00 UTC,0.883284004052427
2016-02-12 00:00:00 UTC,0.888552989130435
2016-02-13 00:00:00 UTC,0.888428990021105
2016-02-14 00:00:00 UTC,0.888778999564512
2016-02-15 00:00:00 UTC,0.896152026020397
2016-02-16 00:00:00 UTC,0.897446027522462
2016-02-17 00:00:00 UTC,0.89882835552357
2016-02-18 00:00:00 UTC,0.900558347689489
2016-02-19 00:00:00 UTC,0.898338010906654
2016-02-20 00:00:00 UTC,0.898412903518317
2016-02-21 00:00:00 UTC,0.899120027356663
2016-02-22 00:00:00 UTC,0.906632891962823
2016-02-23 00:00:00 UTC,0.90769089844921
2016-02-24 00:00:00 UTC,0.907527241591779
2016-02-25 00:00:00 UTC,0.907117232512962
2016-02-26 00:00:00 UTC,0.914659191764494
2016-02-27 00:00:00 UTC,0.9147089246747
2016-02-28 00:00:00 UTC,0.914746636413838
2016-02-29 00:00:00 UTC,0.919437012352404
2016-03-01 00:00:00 UTC,0.920550842886286
2016-03-02 00:00:00 UTC,0.920026648378152
2016-03-03 00:00:00 UTC,0.912534459967727
2016-03-04 00:00:00 UTC,0.908279027278412
2016-03-05 00:00:00 UTC,0.908621970038339
2016-03-06 00:00:00 UTC,0.908628206053661
2016-03-07 00:00:00 UTC,0.907893239075265
2016-03-08 00:00:00 UTC,0.908342116394943
2016-03-09 00:00:00 UTC,0.908620166731342
2016-03-10 00:00:00 UTC,0.894393517082721
2016-03-11 00:00:00 UTC,0.896680459778106
2016-03-12 00:00:00 UTC,0.896728753549529
2016-03-13 00:00:00 UTC,0.896950287319847
2016-03-14 00:00:00 UTC,0.900630171520919
2016-03-15 00:00:00 UTC,0.900166730423611
2016-03-16 00:00:00 UTC,0.891826073596067
2016-03-17 00:00:00 UTC,0.883877971363289
2016-03-18 00:00:00 UTC,0.887281217498286
2016-03-19 00:00:00 UTC,0.887330150723191
2016-03-20 00:00:00 UTC,0.887006398227162
2016-03-21 00:00:00 UTC,0.889551142266797
2016-03-22 00:00:00 UTC,0.891539362086416
2016-03-23 00:00:00 UTC,0.89441303989466
2016-03-24 00:00:00 UTC,0.894611028313043
2016-03-25 00:00:00 UTC,0.895523917420137
2016-03-26 00:00:00 UTC,0.895475324862316
2016-03-27 00:00:00 UTC,0.895866923397022
2016-03-28 00:00:00 UTC,0.893056987955227
2016-03-29 00:00:00 UTC,0.885683689209644
2016-03-30 00:00:00 UTC,0.882425950746128
2016-03-31 00:00:00 UTC,0.878574799092848
2016-04-01 00:00:00 UTC,0.877576699923696
2016-04-02 00:00:00 UTC,0.877702957085329
2016-04-03 00:00:00 UTC,0.877795951552542
2016-04-04 00:00:00 UTC,0.877944721138097
2016-04-05 00:00:00 UTC,0.878508982588471
2016-04-06 00:00:00 UTC,0.87747595196084
2016-04-07 00:00:00 UTC,0.879260038567859
2016-04-08 00:00:00 UTC,0.877299903936684
2016-04-09 00:00:00 UTC,0.876914157847049
2016-04-10 00:00:00 UTC,0.876734903225347
2016-04-11 00:00:00 UTC,0.876557086875036
2016-04-12 00:00:00 UTC,0.878339954150936
2016-04-13 00:00:00 UTC,0.886620281000969
2016-04-14 00:00:00 UTC,0.887754040646503
2016-04-15 00:00:00 UTC,0.88622705051097
2016-04-16 00:00:00 UTC,0.886161214644232
2016-04-17 00:00:00 UTC,0.885465870143706
2016-04-18 00:00:00 UTC,0.884035462747313
2016-04-19 00:00:00 UTC,0.880511034214085
2016-04-20 00:00:00 UTC,0.88491998479349
2016-04-21 00:00:00 UTC,0.88579374527526
2016-04-22 00:00:00 UTC,0.890881990131579
2016-04-23 00:00:00 UTC,0.890889915851073
2016-04-24 00:00:00 UTC,0.890497104950176
2016-04-25 00:00:00 UTC,0.887914417133947
2016-04-26 00:00:00 UTC,0.885108024691358
2016-04-27 00:00:00 UTC,0.882817021104389
2016-04-28 00:00:00 UTC,0.880903064437526
2016-04-29 00:00:00 UTC,0.873420053179606
2016-04-30 00:00:00 UTC,0.873419914579719
2016-05-01 00:00:00 UTC,0.872855905539647
2016-05-02 00:00:00 UTC,0.867514083619805
2016-05-03 00:00:00 UTC,0.869578947368421
2016-05-04 00:00:00 UTC,0.870447017460676
2016-05-05 00:00:00 UTC,0.876985088723654
2016-05-06 00:00:00 UTC,0.876833975997574
2016-05-07 00:00:00 UTC,0.876834085287252
2016-05-08 00:00:00 UTC,0.877214919777131
2016-05-09 00:00:00 UTC,0.87855210753941
2016-05-10 00:00:00 UTC,0.879171977633981
2016-05-11 00:00:00 UTC,0.87533808513885
2016-05-12 00:00:00 UTC,0.879030019945858
2016-05-13 00:00:00 UTC,0.88438795895677
2016-05-14 00:00:00 UTC,0.884413274994896
2016-05-15 00:00:00 UTC,0.88478672540664
2016-05-16 00:00:00 UTC,0.883872910772424
2016-05-17 00:00:00 UTC,0.884107094703617
2016-05-18 00:00:00 UTC,0.88932507813689
2016-05-19 00:00:00 UTC,0.892629029438937
2016-05-20 00:00:00 UTC,0.891073982547614
2016-05-21 00:00:00 UTC,0.891070006115352
2016-05-22 00:00:00 UTC,0.891374024049695
2016-05-23 00:00:00 UTC,0.891402042082699
2016-05-24 00:00:00 UTC,0.897107021798286
2016-05-25 00:00:00 UTC,0.89638997450201
2016-05-26 00:00:00 UTC,0.893428058854125
2016-05-27 00:00:00 UTC,0.899672901929668
2016-05-28 00:00:00 UTC,0.900008324740562
2016-05-29 00:00:00 UTC,0.8968245829394
2016-05-30 00:00:00 UTC,0.897692915331397
2016-05-31 00:00:00 UTC,0.898306006507254
2016-06-01 00:00:00 UTC,0.894079396403347
2016-06-02 00:00:00 UTC,0.896711034237017
2016-06-03 00:00:00 UTC,0.879497224541927
2016-06-04 00:00:00 UTC,0.879720012693409
2016-06-05 00:00:00 UTC,0.880178075634275
2016-06-06 00:00:00 UTC,0.880553952090167
2016-06-07 00:00:00 UTC,0.880603955733459
2016-06-08 00:00:00 UTC,0.877203991358914
2016-06-09 00:00:00 UTC,0.883622082142356
2016-06-10 00:00:00 UTC,0.888668691203966
2016-06-11 00:00:00 UTC,0.888968693743433
2016-06-12 00:00:00 UTC,0.888807007827829
2016-06-13 00:00:00 UTC,0.885770025898496
2016-06-14 00:00:00 UTC,0.892190042161614
2016-06-15 00:00:00 UTC,0.887800965628864
2016-06-16 00:00:00 UTC,0.89022711556718
2016-06-17 00:00:00 UTC,0.886819169783792
2016-06-18 00:00:00 UTC,0.886819047588273
2016-06-19 00:00:00 UTC,0.885092159043042
2016-06-20 00:00:00 UTC,0.883702938535701
2016-06-21 00:00:00 UTC,0.888836255964438
2016-06-22 00:00:00 UTC,0.882509059883932
2016-06-23 00:00:00 UTC,0.878304019717492
2016-06-24 00:00:00 UTC,0.900147562646089
2016-06-25 00:00:00 UTC,0.899972030467137
2016-06-26 00:00:00 UTC,0.901373735511818
2016-06-27 00:00:00 UTC,0.907908895115224
2016-06-28 00:00:00 UTC,0.902988051196349
2016-06-29 00:00:00 UTC,0.898897930305269
2016-06-30 00:00:00 UTC,0.900900067895941
2016-07-01 00:00:00 UTC,0.897799943928819
2016-07-02 00:00:00 UTC,0.896719558702368
2016-07-03 00:00:00 UTC,0.898028443604702
2016-07-04 00:00:00 UTC,0.896900071166198
2016-07-05 00:00:00 UTC,0.903562092433437
2016-07-06 00:00:00 UTC,0.901049977881965
2016-07-07 00:00:00 UTC,0.903991895317246
2016-07-08 00:00:00 UTC,0.904699064808059
2016-07-09 00:00:00 UTC,0.904699116097884
2016-07-10 00:00:00 UTC,0.904708308125679
2016-07-11 00:00:00 UTC,0.904118508019166
2016-07-12 00:00:00 UTC,0.904604231624507
2016-07-13 00:00:00 UTC,0.901173136822913
2016-07-14 00:00:00 UTC,0.89981002947348
2016-07-15 00:00:00 UTC,0.905878084943059
2016-07-16 00:00:00 UTC,0.906100066164181
2016-07-17 00:00:00 UTC,0.904300040242397
2016-07-18 00:00:00 UTC,0.903000013337344
2016-07-19 00:00:00 UTC,0.907450052552853
2016-07-20 00:00:00 UTC,0.907999934415771
2016-07-21 00:00:00 UTC,0.906686886236365
2016-07-22 00:00:00 UTC,0.910816476984749
2016-07-23 00:00:00 UTC,0.91084993965729
2016-07-24 00:00:00 UTC,0.911299992433986
2016-07-25 00:00:00 UTC,0.909549033385076
2016-07-26 00:00:00 UTC,0.909900047596383
2016-07-27 00:00:00 UTC,0.904127982087267
2016-07-28 00:00:00 UTC,0.902453151514504
2016-07-29 00:00:00 UTC,0.894749933063966
2016-07-30 00:00:00 UTC,0.894721250815447
2016-07-31 00:00:00 UTC,0.894774947523852
2016-08-01 00:00:00 UTC,0.895599051635695
2016-08-02 00:00:00 UTC,0.889395377550338
2016-08-03 00:00:00 UTC,0.896796279135577
2016-08-04 00:00:00 UTC,0.898496368192233
2016-08-05 00:00:00 UTC,0.90185642994977
2016-08-06 00:00:00 UTC,0.901588898346763
2016-08-07 00:00:00 UTC,0.901180996987012
2016-08-08 00:00:00 UTC,0.901459164203229
2016-08-09 00:00:00 UTC,0.898778756735534
2016-08-10 00:00:00 UTC,0.870559330407666
2016-08-11 00:00:00 UTC,0.863894160433945
2016-08-12 00:00:00 UTC,0.861811599046596
2016-08-13 00:00:00 UTC,0.89585849752005
2016-08-14 00:00:00 UTC,0.895649059925006
2016-08-15 00:00:00 UTC,0.893848944534637
2016-08-16 00:00:00 UTC,0.886499980449488
2016-08-17 00:00:00 UTC,0.88547240850959
2016-08-18 00:00:00 UTC,0.880799896831699
2016-08-19 00:00:00 UTC,0.88274992140247
2016-08-20 00:00:00 UTC,0.882810650125008
2016-08-21 00:00:00 UTC,0.883550040045816
2016-08-22 00:00:00 UTC,0.883200006835066
2016-08-23 00:00:00 UTC,0.884499895017868
2016-08-24 00:00:00 UTC,0.887599861772117
2016-08-25 00:00:00 UTC,0.885974932491929
2016-08-26 00:00:00 UTC,0.892949847414945
2016-08-27 00:00:00 UTC,0.89294991865629
2016-08-28 00:00:00 UTC,0.892949926838897
2016-08-29 00:00:00 UTC,0.893606399888212
2016-08-30 00:00:00 UTC,0.897100055547841
2016-08-31 00:00:00 UTC,0.895840420461651
2016-09-01 00:00:00 UTC,0.893049913399465
2016-09-02 00:00:00 UTC,0.896300019600583
2016-09-03 00:00:00 UTC,0.896300036062027
2016-09-04 00:00:00 UTC,0.896249939213601
2016-09-05 00:00:00 UTC,0.896799901358919
2016-09-06 00:00:00 UTC,0.889000002947516
2016-09-07 00:00:00 UTC,0.889349936922638
2016-09-08 00:00:00 UTC,0.887649957831542
2016-09-09 00:00:00 UTC,0.890350009044681
2016-09-10 00:00:00 UTC,0.890349995859139
2016-09-11 00:00:00 UTC,0.8898999694374
2016-09-12 00:00:00 UTC,0.889653117649486
2016-09-13 00:00:00 UTC,0.891620799643943
2016-09-14 00:00:00 UTC,0.889049923984057
2016-09-15 00:00:00 UTC,0.888993779972318
2016-09-16 00:00:00 UTC,0.896148958982534
2016-09-17 00:00:00 UTC,0.896178597192703
2016-09-18 00:00:00 UTC,0.896019996622016
2016-09-19 00:00:00 UTC,0.894499181491824
2016-09-20 00:00:00 UTC,0.896724509266992
2016-09-21 00:00:00 UTC,0.893488317368757
2016-09-22 00:00:00 UTC,0.891949105259894
2016-09-23 00:00:00 UTC,0.890550993713163
2016-09-24 00:00:00 UTC,0.890549068079448
2016-09-25 00:00:00 UTC,0.889999904890831
2016-09-26 00:00:00 UTC,0.888638488636212
2016-09-27 00:00:00 UTC,0.891309194275146
2016-09-28 00:00:00 UTC,0.891298390370389
2016-09-29 00:00:00 UTC,0.891142047921275
2016-09-30 00:00:00 UTC,0.889700003699091
2016-10-01 00:00:00 UTC,0.889700029313096
2016-10-02 00:00:00 UTC,0.889798121704152
2016-10-03 00:00:00 UTC,0.891748167477286
2016-10-04 00:00:00 UTC,0.892358625670402
2016-10-05 00:00:00 UTC,0.892149959052463
2016-10-06 00:00:00 UTC,0.897149988542997
2016-10-07 00:00:00 UTC,0.892649980818501
2016-10-08 00:00:00 UTC,0.892650005563361
2016-10-09 00:00:00 UTC,0.893299934040953
2016-10-10 00:00:00 UTC,0.896799974215133
2016-10-11 00:00:00 UTC,0.904100046823787
2016-10-12 00:00:00 UTC,0.90799999937069
2016-10-13 00:00:00 UTC,0.904449945187784
2016-10-14 00:00:00 UTC,0.911349021270958
2016-10-15 00:00:00 UTC,0.911349937414549
2016-10-16 00:00:00 UTC,0.911109937841531
2016-10-17 00:00:00 UTC,0.908699925095983
2016-10-18 00:00:00 UTC,0.910841195030411
2016-10-19 00:00:00 UTC,0.910949935355545
2016-10-20 00:00:00 UTC,0.914899947099838
2016-10-21 00:00:00 UTC,0.918599857587228
2016-10-22 00:00:00 UTC,0.918600034504572
2016-10-23 00:00:00 UTC,0.918903529613872
2016-10-24 00:00:00 UTC,0.919599862076683
2016-10-25 00:00:00 UTC,0.918378269712663
2016-10-26 00:00:00 UTC,0.91675001020912
2016-10-27 00:00:00 UTC,0.917621063182964
2016-10-28 00:00:00 UTC,0.910380319472313
2016-10-29 00:00:00 UTC,0.910049925126986
2016-10-30 00:00:00 UTC,0.901299984582896
2016-10-31 00:00:00 UTC,0.911333665341925
2016-11-01 00:00:00 UTC,0.904249970858675
2016-11-02 00:00:00 UTC,0.900899908167633
2016-11-03 00:00:00 UTC,0.900299871163116
2016-11-04 00:00:00 UTC,0.897224508980074
2016-11-05 00:00:00 UTC,0.897363081435608
2016-11-06 00:00:00 UTC,0.901999968264057
2016-11-07 00:00:00 UTC,0.90524994954627
2016-11-08 00:00:00 UTC,0.906800011284453
2016-11-09 00:00:00 UTC,0.915800063091264
2016-11-10 00:00:00 UTC,0.918497138921877
2016-11-11 00:00:00 UTC,0.920831141247201
2016-11-12 00:00:00 UTC,0.921049931794929
2016-11-13 00:00:00 UTC,0.922749931194911
2016-11-14 00:00:00 UTC,0.93070002126001
2016-11-15 00:00:00 UTC,0.93239990855972
2016-11-16 00:00:00 UTC,0.934549900742179
2016-11-17 00:00:00 UTC,0.941099962084281
2016-11-18 00:00:00 UTC,0.94434989791246
2016-11-19 00:00:00 UTC,0.94435002198798
2016-11-20 00:00:00 UTC,0.94414991364981
2016-11-21 00:00:00 UTC,0.940300065851556
2016-11-22 00:00:00 UTC,0.941050028571524
2016-11-23 00:00:00 UTC,0.947549962808617
2016-11-24 00:00:00 UTC,0.947109516839389
2016-11-25 00:00:00 UTC,0.943899909482991
2016-11-26 00:00:00 UTC,0.943920834551375
2016-11-27 00:00:00 UTC,0.943201684627091
2016-11-28 00:00:00 UTC,0.942149984457038
2016-11-29 00:00:00 UTC,0.938950000683238
2016-11-30 00:00:00 UTC,0.943599914219377
2016-12-01 00:00:00 UTC,0.937800027886409
2016-12-02 00:00:00 UTC,0.93749987843168
2016-12-03 00:00:00 UTC,0.93749988559606
2016-12-04 00:00:00 UTC,0.946949954121306
2016-12-05 00:00:00 UTC,0.929000053174518
2016-12-06 00:00:00 UTC,0.932871617947983
2016-12-07 00:00:00 UTC,0.929550015381293
2016-12-08 00:00:00 UTC,0.941820535336781
2016-12-09 00:00:00 UTC,0.946749934044848
2016-12-10 00:00:00 UTC,0.946752943212512
2016-12-11 00:00:00 UTC,0.948212292502595
2016-12-12 00:00:00 UTC,0.939953046667502
2016-12-13 00:00:00 UTC,0.940999980725121
2016-12-14 00:00:00 UTC,0.949499884842116
2016-12-15 00:00:00 UTC,0.959699970544418
2016-12-16 00:00:00 UTC,0.958500007999104
2016-12-17 00:00:00 UTC,0.956804953874334
2016-12-18 00:00:00 UTC,0.957229028971466
2016-12-19 00:00:00 UTC,0.961385937741064
2016-12-20 00:00:00 UTC,0.962419908035462
2016-12-21 00:00:00 UTC,0.958910080438529
2016-12-22 00:00:00 UTC,0.958315679821283
2016-12-23 00:00:00 UTC,0.956296966041173
2016-12-24 00:00:00 UTC,0.956759999340572
2016-12-25 00:00:00 UTC,0.956107845192671
2016-12-26 00:00:00 UTC,0.956547943438905
2016-12-27 00:00:00 UTC,0.955887161438573
2016-12-28 00:00:00 UTC,0.95984004339194
2016-12-29 00:00:00 UTC,0.952992900330578
2016-12-30 00:00:00 UTC,0.950209017353072
2016-12-31 00:00:00 UTC,0.950339903377804
2017-01-01 00:00:00 UTC,0.950596964079956
2017-01-02 00:00:00 UTC,0.955436956950891
2017-01-03 00:00:00 UTC,0.960198499069994
2017-01-04 00:00:00 UTC,0.953565990184375
2017-01-05 00:00:00 UTC,0.943063035781431
2017-01-06 00:00:00 UTC,0.949216946811218
2017-01-07 00:00:00 UTC,0.949419984116946
2017-01-08 00:00:00 UTC,0.949419602790487
2017-01-09 00:00:00 UTC,0.94545549297024
2017-01-10 00:00:00 UTC,0.947649437717982
2017-01-11 00:00:00 UTC,0.944839167259038
2017-01-12 00:00:00 UTC,0.942288950530223
2017-01-13 00:00:00 UTC,0.940236541278168
2017-01-14 00:00:00 UTC,0.939645034084309
2017-01-15 00:00:00 UTC,0.94135799127036
2017-01-16 00:00:00 UTC,0.943479977303184
2017-01-17 00:00:00 UTC,0.933509889095037
2017-01-18 00:00:00 UTC,0.940371995628966
2017-01-19 00:00:00 UTC,0.938170009700186
2017-01-20 00:00:00 UTC,0.934469994575184
2017-01-21 00:00:00 UTC,0.934781050966235
2017-01-22 00:00:00 UTC,0.934264956551448
2017-01-23 00:00:00 UTC,0.928942467005656
2017-01-24 00:00:00 UTC,0.931836911913991
2017-01-25 00:00:00 UTC,0.930225933877412
2017-01-26 00:00:00 UTC,0.93627938734487
2017-01-27 00:00:00 UTC,0.934797979935478
2017-01-28 00:00:00 UTC,0.934768784399806
2017-01-29 00:00:00 UTC,0.933430947582024
2017-01-30 00:00:00 UTC,0.934494910621133
2017-01-31 00:00:00 UTC,0.926469620711162
2017-02-01 00:00:00 UTC,0.928784248728095
2017-02-02 00:00:00 UTC,0.92941418682073
2017-02-03 00:00:00 UTC,0.92695412833223
2017-02-04 00:00:00 UTC,0.926955043749214
2017-02-05 00:00:00 UTC,0.9276277601954
2017-02-06 00:00:00 UTC,0.930419102583395
2017-02-07 00:00:00 UTC,0.936600204625678
2017-02-08 00:00:00 UTC,0.934884012191305
2017-02-09 00:00:00 UTC,0.938571035697282
2017-02-10 00:00:00 UTC,0.940736353556199
2017-02-11 00:00:00 UTC,0.940053244821906
2017-02-12 00:00:00 UTC,0.940634045234628
2017-02-13 00:00:00 UTC,0.943797141752797
2017-02-14 00:00:00 UTC,0.945462528027877
2017-02-15 00:00:00 UTC,0.944044953554001
2017-02-16 00:00:00 UTC,0.937295910982257
2017-02-17 00:00:00 UTC,0.942071899213343
2017-02-18 00:00:00 UTC,0.941944016077725
2017-02-19 00:00:00 UTC,0.941618594606847
2017-02-20 00:00:00 UTC,0.942862529719338
2017-02-21 00:00:00 UTC,0.948952927613238
2017-02-22 00:00:00 UTC,0.947272023181594
2017-02-23 00:00:00 UTC,0.945262488691102
2017-02-24 00:00:00 UTC,0.947509983919835
2017-02-25 00:00:00 UTC,0.946889967139177
2017-02-26 00:00:00 UTC,0.947028686181525
2017-02-27 00:00:00 UTC,0.944538968097848
2017-02-28 00:00:00 UTC,0.945744609283468
2017-03-01 00:00:00 UTC,0.947840073871697
2017-03-02 00:00:00 UTC,0.951779006260296
2017-03-03 00:00:00 UTC,0.941335962782387
2017-03-04 00:00:00 UTC,0.941353981373259
2017-03-05 00:00:00 UTC,0.942476413006089
2017-03-06 00:00:00 UTC,0.945054981084883
2017-03-07 00:00:00 UTC,0.946390006025646
2017-03-08 00:00:00 UTC,0.948703018620758
2017-03-09 00:00:00 UTC,0.945595740777591
2017-03-10 00:00:00 UTC,0.936908906184827
2017-03-11 00:00:00 UTC,0.936774992084281
2017-03-12 00:00:00 UTC,0.936377015342608
2017-03-13 00:00:00 UTC,0.938827800821532
2017-03-14 00:00:00 UTC,0.942839379501936
2017-03-15 00:00:00 UTC,0.931910983053057
2017-03-16 00:00:00 UTC,0.93137297426962
2017-03-17 00:00:00 UTC,0.930448987420382
2017-03-18 00:00:00 UTC,0.930599961329034
2017-03-19 00:00:00 UTC,0.93093499460828
2017-03-20 00:00:00 UTC,0.931614997891169
2017-03-21 00:00:00 UTC,0.924856982875694
2017-03-22 00:00:00 UTC,0.926458014826781
2017-03-23 00:00:00 UTC,0.927398241267065
2017-03-24 00:00:00 UTC,0.925788528399932
2017-03-25 00:00:00 UTC,0.92538469687197
2017-03-26 00:00:00 UTC,0.921799035280482
2017-03-27 00:00:00 UTC,0.92042398265168
2017-03-28 00:00:00 UTC,0.924686758774105
2017-03-29 00:00:00 UTC,0.928925663909238
2017-03-30 00:00:00 UTC,0.935935368507857
2017-03-31 00:00:00 UTC,0.937895017704427
2017-04-01 00:00:00 UTC,0.937355480125279
2017-04-02 00:00:00 UTC,0.937944169243175
2017-04-03 00:00:00 UTC,0.937100472800376
2017-04-04 00:00:00 UTC,0.936395035314853
2017-04-05 00:00:00 UTC,0.937295037789562
2017-04-06 00:00:00 UTC,0.939236334712124
2017-04-07 00:00:00 UTC,0.944076181807422
2017-04-08 00:00:00 UTC,0.943944859145661
2017-04-09 00:00:00 UTC,0.943897746965092
2017-04-10 00:00:00 UTC,0.943488582820039
2017-04-11 00:00:00 UTC,0.942793688988666
2017-04-12 00:00:00 UTC,0.93709090763146
2017-04-13 00:00:00 UTC,0.941617251268471
2017-04-14 00:00:00 UTC,0.941400635251971
2017-04-15 00:00:00 UTC,0.942622678120226
2017-04-16 00:00:00 UTC,0.942195125088299
2017-04-17 00:00:00 UTC,0.939187667304212
2017-04-18 00:00:00 UTC,0.931740262504805
2017-04-19 00:00:00 UTC,0.93281168872892
2017-04-20 00:00:00 UTC,0.931592575936914
2017-04-21 00:00:00 UTC,0.918378089299774
2017-04-22 00:00:00 UTC,0.878174939058231
2017-04-23 00:00:00 UTC,0.846547244182582
2017-04-24 00:00:00 UTC,0.844646330571717
2017-04-25 00:00:00 UTC,0.836085913761505
2017-04-26 00:00:00 UTC,0.844215630904515
2017-04-27 00:00:00 UTC,0.85036591273867
2017-04-28 00:00:00 UTC,0.857511588193127
2017-04-29 00:00:00 UTC,0.860151088421941
2017-04-30 00:00:00 UTC,0.859098113829291
2017-05-01 00:00:00 UTC,0.858721748505337
2017-05-02 00:00:00 UTC,0.853228515030664
2017-05-03 00:00:00 UTC,0.857285271603006
2017-05-04 00:00:00 UTC,0.861266135181477
2017-05-05 00:00:00 UTC,0.868776541062152
2017-05-06 00:00:00 UTC,0.880768450246638
2017-05-07 00:00:00 UTC,0.88198677088227
2017-05-08 00:00:00 UTC,0.885265332033268
2017-05-09 00:00:00 UTC,0.891791234559156
2017-05-10 00:00:00 UTC,0.901914889237016
2017-05-11 00:00:00 UTC,0.903383247228683
2017-05-12 00:00:00 UTC,0.89030441840693
2017-05-13 00:00:00 UTC,0.894333656441061
2017-05-14 00:00:00 UTC,0.898558219831739
2017-05-15 00:00:00 UTC,0.885181834460566
2017-05-16 00:00:00 UTC,0.872905801293236
2017-05-17 00:00:00 UTC,0.865472628079683
2017-05-18 00:00:00 UTC,0.873955269001129
2017-05-19 00:00:00 UTC,0.882157543899434
2017-05-20 00:00:00 UTC,0.885016924827936
2017-05-21 00:00:00 UTC,0.892358984376293
2017-05-22 00:00:00 UTC,0.889168242117425
2017-05-23 00:00:00 UTC,0.893845014780592
2017-05-24 00:00:00 UTC,0.909277980310942
2017-05-25 00:00:00 UTC,0.95241846789517
2017-05-26 00:00:00 UTC,0.921081629360491
2017-05-27 00:00:00 UTC,0.920709708115582
2017-05-28 00:00:00 UTC,0.930110202467912
2017-05-29 00:00:00 UTC,0.915668250894482
2017-05-30 00:00:00 UTC,0.903928752500757
2017-05-31 00:00:00 UTC,0.916468235599717
2017-06-01 00:00:00 UTC,0.919064733559184
2017-06-02 00:00:00 UTC,0.912797343518039
2017-06-03 00:00:00 UTC,0.904064728745698
2017-06-04 00:00:00 UTC,0.895484184626458
2017-06-05 00:00:00 UTC,0.906470774309884
2017-06-06 00:00:00 UTC,0.886118223851904
2017-06-07 00:00:00 UTC,0.897132489178806
2017-06-08 00:00:00 UTC,0.892571986206153
2017-06-09 00:00:00 UTC,0.893259185149019
2017-06-10 00:00:00 UTC,0.911028291917306
2017-06-11 00:00:00 UTC,0.901194539109852
2017-06-12 00:00:00 UTC,0.911494290616769
2017-06-13 00:00:00 UTC,0.901103821490681
2017-06-14 00:00:00 UTC,0.918829010000001
2017-06-15 00:00:00 UTC,0.906134629999997
2017-06-16 00:00:00 UTC,0.911936100000002
2017-06-17 00:00:00 UTC,0.883483704269999
2017-06-18 00:00:00 UTC,0.892522000000001
2017-06-19 00:00:00 UTC,0.889629348832
2017-06-20 00:00:00 UTC,0.874633561335002
2017-06-21 00:00:00 UTC,0.877704793251999
2017-06-22 00:00:00 UTC,0.873259052274002
2017-06-23 00:00:00 UTC,0.893416
2017-06-24 00:00:00 UTC,0.902350159999998
2017-06-25 00:00:00 UTC,0.902059279999999
2017-06-26 00:00:00 UTC,0.868148063460999
2017-06-27 00:00:00 UTC,0.890400849999999
2017-06-28 00:00:00 UTC,0.887707179999999
2017-06-29 00:00:00 UTC,0.891501419999998
2017-06-30 00:00:00 UTC,0.883871199999997
2017-07-01 00:00:00 UTC,0.892811100000003
2017-07-02 00:00:00 UTC,0.883960080000001
2017-07-03 00:00:00 UTC,0.879731999999997
2017-07-04 00:00:00 UTC,0.878477395203002
2017-07-05 00:00:00 UTC,0.878313086288001
2017-07-06 00:00:00 UTC,0.875479999999998
2017-07-07 00:00:00 UTC,0.8857296
2017-07-08 00:00:00 UTC,0.877269999999998
2017-07-09 00:00:00 UTC,0.885952809999999
2017-07-10 00:00:00 UTC,0.876422870177998
2017-07-11 00:00:00 UTC,0.880581630000003
2017-07-12 00:00:00 UTC,0.875962000000001
2017-07-13 00:00:00 UTC,0.886302269999999
2017-07-14 00:00:00 UTC,0.871992000000001
2017-07-15 00:00:00 UTC,0.871992000000002
2017-07-16 00:00:00 UTC,0.871825999999997
2017-07-17 00:00:00 UTC,0.871312000000002
2017-07-18 00:00:00 UTC,0.862950608799998
2017-07-19 00:00:00 UTC,0.867485
2017-07-20 00:00:00 UTC,0.854330760728001
2017-07-21 00:00:00 UTC,0.857229
2017-07-22 00:00:00 UTC,0.854171826219999
2017-07-23 00:00:00 UTC,0.851430676526998
2017-07-24 00:00:00 UTC,0.853176911760001
2017-07-25 00:00:00 UTC,0.856253920524001
2017-07-26 00:00:00 UTC,0.852221999999999
2017-07-27 00:00:00 UTC,0.854284949136001
2017-07-28 00:00:00 UTC,0.851048282690002
2017-07-29 00:00:00 UTC,0.849637002399999
2017-07-30 00:00:00 UTC,0.850172426289998
2017-07-31 00:00:00 UTC,0.845224
2017-08-01 00:00:00 UTC,0.844294199424001
2017-08-02 00:00:00 UTC,0.843040093176003
2017-08-03 00:00:00 UTC,0.816523696244
2017-08-04 00:00:00 UTC,0.849329000000001
2017-08-05 00:00:00 UTC,0.849329
2017-08-06 00:00:00 UTC,0.848457000000002
2017-08-07 00:00:00 UTC,0.848040000000002
2017-08-08 00:00:00 UTC,0.850386999999999
2017-08-09 00:00:00 UTC,0.84926758698
2017-08-10 00:00:00 UTC,0.848743200367998
2017-08-11 00:00:00 UTC,0.84486169392
2017-08-12 00:00:00 UTC,0.846030000000002
2017-08-13 00:00:00 UTC,0.844388055618001
2017-08-14 00:00:00 UTC,0.848363400248999
2017-08-15 00:00:00 UTC,0.860496770000001
2017-08-16 00:00:00 UTC,0.847686454229999
2017-08-17 00:00:00 UTC,0.849089999999999
2017-08-18 00:00:00 UTC,0.842028841472
2017-08-19 00:00:00 UTC,0.8673162
2017-08-20 00:00:00 UTC,0.847943887967
2017-08-21 00:00:00 UTC,0.846814999999999
2017-08-22 00:00:00 UTC,0.858511110000002
2017-08-23 00:00:00 UTC,0.846635999999999
2017-08-24 00:00:00 UTC,0.847199
2017-08-25 00:00:00 UTC,0.838574
2017-08-26 00:00:00 UTC,0.838769999999999
2017-08-27 00:00:00 UTC,0.8367
2017-08-28 00:00:00 UTC,0.835581000000001
2017-08-29 00:00:00 UTC,0.835106
2017-08-30 00:00:00 UTC,0.840704999999999
2017-08-31 00:00:00 UTC,0.839431
2017-09-01 00:00:00 UTC,0.851465349999998
2017-09-02 00:00:00 UTC,0.860145599999999
2017-09-03 00:00:00 UTC,0.841758000000001
2017-09-04 00:00:00 UTC,0.85747422
2017-09-05 00:00:00 UTC,0.8470971
2017-09-06 00:00:00 UTC,0.838624
2017-09-07 00:00:00 UTC,0.831521000000001
2017-09-08 00:00:00 UTC,0.839079719999998
2017-09-09 00:00:00 UTC,0.83093
2017-09-10 00:00:00 UTC,0.84063209
2017-09-11 00:00:00 UTC,0.836071
2017-09-12 00:00:00 UTC,0.835337999999999
2017-09-13 00:00:00 UTC,0.841248000000001
2017-09-14 00:00:00 UTC,0.838894170671999
2017-09-15 00:00:00 UTC,0.836175442039999
2017-09-16 00:00:00 UTC,0.839832200599999
2017-09-17 00:00:00 UTC,0.841868649440001
2017-09-18 00:00:00 UTC,0.837466153200001
2017-09-19 00:00:00 UTC,0.834938504389999
2017-09-20 00:00:00 UTC,0.840563221172999
2017-09-21 00:00:00 UTC,0.84270796372
2017-09-22 00:00:00 UTC,0.840920418000002
2017-09-23 00:00:00 UTC,0.837522928799999
2017-09-24 00:00:00 UTC,0.842243287180002
2017-09-25 00:00:00 UTC,0.844143906559999
2017-09-26 00:00:00 UTC,0.850091452150001
2017-09-27 00:00:00 UTC,0.854020934520001
2017-09-28 00:00:00 UTC,0.848092561260001
2017-09-29 00:00:00 UTC,0.8487730476
2017-09-30 00:00:00 UTC,0.84375716268
2017-10-01 00:00:00 UTC,0.845699977700001
2017-10-02 00:00:00 UTC,0.85294847743
2017-10-03 00:00:00 UTC,0.85348552786
2017-10-04 00:00:00 UTC,0.851143884329999
2017-10-05 00:00:00 UTC,0.853939847669999
2017-10-06 00:00:00 UTC,0.853096642719999
2017-10-07 00:00:00 UTC,0.851584906135
2017-10-08 00:00:00 UTC,0.850259369486001
2017-10-09 00:00:00 UTC,0.85200901098
2017-10-10 00:00:00 UTC,0.84636046352
2017-10-11 00:00:00 UTC,0.841040254088999
2017-10-12 00:00:00 UTC,0.844768528547999
2017-10-13 00:00:00 UTC,0.8466279486
2017-10-14 00:00:00 UTC,0.848492254700001
2017-10-15 00:00:00 UTC,0.846180395509999
2017-10-16 00:00:00 UTC,0.846553269091
2017-10-17 00:00:00 UTC,0.851997821400001
2017-10-18 00:00:00 UTC,0.848107441599999
2017-10-19 00:00:00 UTC,0.84493641861
2017-10-20 00:00:00 UTC,0.850766928250001
2017-10-21 00:00:00 UTC,0.849742287650001
2017-10-22 00:00:00 UTC,0.85230948902
2017-10-23 00:00:00 UTC,0.847455088348
2017-10-24 00:00:00 UTC,0.849784135670001
2017-10-25 00:00:00 UTC,0.84791499143
2017-10-26 00:00:00 UTC,0.858940383203999
2017-10-27 00:00:00 UTC,0.862038436740001
2017-10-28 00:00:00 UTC,0.862968749820001
2017-10-29 00:00:00 UTC,0.861548799720001
2017-10-30 00:00:00 UTC,0.856701496146
2017-10-31 00:00:00 UTC,0.857298160476001
2017-11-01 00:00:00 UTC,0.858369163788001
2017-11-02 00:00:00 UTC,0.859025715510001
2017-11-03 00:00:00 UTC,0.864113766239999
2017-11-04 00:00:00 UTC,0.865600013250001
2017-11-05 00:00:00 UTC,0.860357480792
2017-11-06 00:00:00 UTC,0.865383982200001
2017-11-07 00:00:00 UTC,0.863909365600001
2017-11-08 00:00:00 UTC,0.87256196248
2017-11-09 00:00:00 UTC,0.86416139253
2017-11-10 00:00:00 UTC,0.85917211352
2017-11-11 00:00:00 UTC,0.86193227176
2017-11-12 00:00:00 UTC,0.86359388782
2017-11-13 00:00:00 UTC,0.865939682339999
2017-11-14 00:00:00 UTC,0.85285700262
2017-11-15 00:00:00 UTC,0.85297586054
2017-11-16 00:00:00 UTC,0.84358173456
2017-11-17 00:00:00 UTC,0.849970831
2017-11-18 00:00:00 UTC,0.8500556415
2017-11-19 00:00:00 UTC,0.852450219200001
2017-11-20 00:00:00 UTC,0.851132871186
2017-11-21 00:00:00 UTC,0.849707531556
2017-11-22 00:00:00 UTC,0.844401074724
2017-11-23 00:00:00 UTC,0.8442460801
2017-11-24 00:00:00 UTC,0.84068128125
2017-11-25 00:00:00 UTC,0.8426709987
2017-11-26 00:00:00 UTC,0.850409471089999
2017-11-27 00:00:00 UTC,0.84227570735
2017-11-28 00:00:00 UTC,0.844345002479998
2017-11-29 00:00:00 UTC,0.86001832875
2017-11-30 00:00:00 UTC,0.847778670000002
2017-12-01 00:00:00 UTC,0.847927613639997
2017-12-02 00:00:00 UTC,0.840520733360997
2017-12-03 00:00:00 UTC,0.837466797684002
2017-12-04 00:00:00 UTC,0.84415751882
2017-12-05 00:00:00 UTC,0.84741118176
2017-12-06 00:00:00 UTC,0.855785469999999
2017-12-07 00:00:00 UTC,0.875939434400003
2017-12-08 00:00:00 UTC,0.864969395050001
2017-12-09 00:00:00 UTC,0.8649984472
2017-12-10 00:00:00 UTC,0.864000367720003
2017-12-11 00:00:00 UTC,0.858234894299998
2017-12-12 00:00:00 UTC,0.914686680960001
2017-12-13 00:00:00 UTC,0.861008390580003
2017-12-14 00:00:00 UTC,0.858910001039995
2017-12-15 00:00:00 UTC,0.8642588646
2017-12-16 00:00:00 UTC,0.856986106349999
2017-12-17 00:00:00 UTC,0.860804534880001
2017-12-18 00:00:00 UTC,0.860648091600001
2017-12-19 00:00:00 UTC,0.857646571340003
2017-12-20 00:00:00 UTC,0.842337859059997
2017-12-21 00:00:00 UTC,0.850143833280005
2017-12-22 00:00:00 UTC,0.873124114549997
2017-12-23 00:00:00 UTC,0.886836000000003
2017-12-24 00:00:00 UTC,0.868046834800001
2017-12-25 00:00:00 UTC,0.851792375069996
2017-12-26 00:00:00 UTC,0.847040631600001
2017-12-27 00:00:00 UTC,0.8434803727
2017-12-28 00:00:00 UTC,0.845389921259998
2017-12-29 00:00:00 UTC,0.83611989378
2017-12-30 00:00:00 UTC,0.848354044199997
2017-12-31 00:00:00 UTC,0.843466502899998
2018-01-01 00:00:00 UTC,0.840003332350003
2018-01-02 00:00:00 UTC,0.83212720176
2018-01-03 00:00:00 UTC,0.845866416280003
2018-01-04 00:00:00 UTC,0.830770090000003
2018-01-05 00:00:00 UTC,0.831070446179999
2018-01-06 00:00:00 UTC,0.838415193719997
2018-01-07 00:00:00 UTC,0.83178380307
2018-01-08 00:00:00 UTC,0.845758941119996
2018-01-09 00:00:00 UTC,0.841629714419999
2018-01-10 00:00:00 UTC,0.8381453106
2018-01-11 00:00:00 UTC,0.835655120240005
2018-01-12 00:00:00 UTC,0.823670663309998
2018-01-13 00:00:00 UTC,0.821597516240001
2018-01-14 00:00:00 UTC,0.833796727859999
2018-01-15 00:00:00 UTC,0.821459523919996
2018-01-16 00:00:00 UTC,0.839859922350001
2018-01-17 00:00:00 UTC,0.837618806310001
2018-01-18 00:00:00 UTC,0.835251947999997
2018-01-19 00:00:00 UTC,0.822805365200003
2018-01-20 00:00:00 UTC,0.821177019840005
2018-01-21 00:00:00 UTC,0.818541278999997
2018-01-22 00:00:00 UTC,0.809997168505002
2018-01-23 00:00:00 UTC,0.818271035799998
2018-01-24 00:00:00 UTC,0.810935083180004
2018-01-25 00:00:00 UTC,0.806437890796998
2018-01-26 00:00:00 UTC,0.798167643449999
2018-01-27 00:00:00 UTC,0.800950495425004
2018-01-28 00:00:00 UTC,0.795961193424001
2018-01-29 00:00:00 UTC,0.80476819185
2018-01-30 00:05:03 UTC,0.803435376860998
2018-01-31 00:00:00 UTC,0.79823455859
2018-02-01 00:00:00 UTC,0.799590787150998
2018-02-02 00:00:00 UTC,0.7823723115
2018-02-03 00:00:00 UTC,0.794245815824999
2018-02-04 00:00:00 UTC,0.80190108966
2018-02-05 00:00:00 UTC,0.80104557681
2018-02-06 00:00:00 UTC,0.8166233866
2018-02-07 00:00:00 UTC,0.803874623867001
2018-02-08 00:05:03 UTC,0.815153860672001
2018-02-09 00:00:00 UTC,0.83012699296
2018-02-10 00:00:00 UTC,0.8176394794
2018-02-11 00:00:00 UTC,0.821113298700001
2018-02-12 00:00:00 UTC,0.82193900831
2018-02-13 00:00:00 UTC,0.81442833186
2018-02-14 00:00:00 UTC,0.812498901760001
2018-02-15 00:00:00 UTC,0.800985546801
2018-02-16 00:00:00 UTC,0.800798891360002
2018-02-17 00:00:00 UTC,0.807777419
2018-02-18 00:00:00 UTC,0.81098616195
2018-02-19 00:00:00 UTC,0.807769848090002
2018-02-20 00:00:00 UTC,0.806164087271999
2018-02-21 00:00:00 UTC,0.8112044308
2018-02-22 00:00:00 UTC,0.812135204159999
2018-02-23 00:00:00 UTC,0.813272088340001
2018-02-24 00:00:00 UTC,0.811477552920002
2018-02-25 00:00:00 UTC,0.818178367050001
2018-02-26 00:00:00 UTC,0.8177357204
2018-02-27 00:00:00 UTC,0.813068512800002
2018-02-28 00:00:00 UTC,0.816470510735998
2018-03-01 00:00:00 UTC,0.821701085389998
2018-03-02 00:00:00 UTC,0.815743594900003
2018-03-03 00:00:00 UTC,0.810913073535002
2018-03-04 00:00:00 UTC,0.812788501700003
2018-03-05 00:00:00 UTC,0.807782063807
2018-03-06 00:00:00 UTC,0.808678796260998
2018-03-07 00:00:00 UTC,0.80610282743
2018-03-08 00:00:00 UTC,0.8079304794
2018-03-09 00:00:00 UTC,0.81514022772
2018-03-10 00:00:00 UTC,0.81388614697
2018-03-11 00:00:00 UTC,0.81455240763
2018-03-12 00:00:00 UTC,0.81973928226
2018-03-13 00:00:00 UTC,0.809892268475001
2018-03-14 00:00:00 UTC,0.806244830625
2018-03-15 00:00:00 UTC,0.805091452426
2018-03-16 00:00:00 UTC,0.8142120692
2018-03-17 00:00:00 UTC,0.81349084395
2018-03-18 00:00:00 UTC,0.814694461350001
2018-03-19 00:00:00 UTC,0.81144956272
2018-03-20 00:00:00 UTC,0.809349406163999
2018-03-21 00:00:00 UTC,0.8204468256
2018-03-22 00:00:00 UTC,0.810572567320001
2018-03-23 00:00:00 UTC,0.81121051314
2018-03-24 00:00:00 UTC,0.807823911755
2018-03-25 00:00:00 UTC,0.809745115
2018-03-26 00:00:00 UTC,0.8098079456
2018-03-27 00:00:00 UTC,0.804983622160001
2018-03-28 00:00:00 UTC,0.81123897528
2018-03-29 00:00:00 UTC,0.81398164448
2018-03-30 00:00:00 UTC,0.807126538242
2018-03-31 00:00:00 UTC,0.811570967800001
2018-04-01 00:00:00 UTC,0.811658658310001
2018-04-02 00:00:00 UTC,0.814746726750001
2018-04-03 00:00:00 UTC,0.813066279575001
2018-04-04 00:00:00 UTC,0.8149912608
2018-04-05 00:00:00 UTC,0.814143380850001
2018-04-06 00:00:00 UTC,0.816420000000001
2018-04-07 00:00:00 UTC,0.814959348
2018-04-08 00:00:00 UTC,0.8141943572
2018-04-09 00:00:00 UTC,0.814752199589999
2018-04-10 00:00:00 UTC,0.809473173732001
2018-04-11 00:00:00 UTC,0.807874586892
2018-04-12 00:00:00 UTC,0.80429305992
2018-04-13 00:00:00 UTC,0.811002778892228
2018-04-14 00:00:00 UTC,0.806925449449696
2018-04-15 00:00:00 UTC,0.809437442267246
2018-04-16 00:00:00 UTC,0.811163995099369
2018-04-17 00:00:00 UTC,0.808103369670331
2018-04-18 00:00:00 UTC,0.806728736859685
2018-04-19 00:00:00 UTC,0.80771422336046
2018-04-20 00:00:00 UTC,0.81049978263823
2018-04-21 00:00:00 UTC,0.811997927656546
2018-04-22 00:00:00 UTC,0.812570023754722
2018-04-23 00:00:00 UTC,0.816932704912387
2018-04-24 00:00:00 UTC,0.820134746021216
2018-04-25 00:00:00 UTC,0.818705448287481
2018-04-26 00:00:00 UTC,0.822353318023086
2018-04-27 00:00:00 UTC,0.826186518034158
2018-04-28 00:00:00 UTC,0.821316756865084
2018-04-29 00:00:00 UTC,0.822507168139756
2018-04-30 00:00:00 UTC,0.825212143668393
2018-05-01 00:00:00 UTC,0.826576507516552
2018-05-02 00:00:00 UTC,0.833125041480103
2018-05-03 00:00:00 UTC,0.836078153153755
2018-05-04 00:00:00 UTC,0.854099280970294
2018-05-05 00:00:00 UTC,0.833286334695168
2018-05-06 00:00:00 UTC,0.828809421590485
2018-05-07 00:00:00 UTC,0.830013233634674
2018-05-08 00:00:00 UTC,0.836800786991151
2018-05-09 00:00:00 UTC,0.841739021049479
2018-05-10 00:00:00 UTC,0.844871080855728
2018-05-11 00:00:00 UTC,0.838763443039302
2018-05-12 00:00:00 UTC,0.838566139736158
2018-05-13 00:00:00 UTC,0.841170192695454
2018-05-14 00:00:00 UTC,0.83727349087489
2018-05-15 00:00:00 UTC,0.839164213974241
2018-05-16 00:00:00 UTC,0.844441472561311
2018-05-17 00:00:00 UTC,0.848667907140991
2018-05-18 00:00:00 UTC,0.849301226655719
2018-05-19 00:00:00 UTC,0.846985163244822
2018-05-20 00:00:00 UTC,0.849233745455072
2018-05-21 00:00:00 UTC,0.850708920078792
2018-05-22 00:00:00 UTC,0.846903166565353
2018-05-23 00:00:00 UTC,0.846063239898572
2018-05-24 00:00:00 UTC,0.854532031721859
2018-05-25 00:00:00 UTC,0.854241989264711
2018-05-26 00:00:00 UTC,0.860371930881051
2018-05-27 00:00:00 UTC,0.857695060959997
2018-05-28 00:00:00 UTC,0.85531351919752
2018-05-29 00:00:00 UTC,0.86347728120445
2018-05-30 00:00:00 UTC,0.866033713464208
2018-05-31 00:00:00 UTC,0.855256826764992
2018-06-01 00:00:00 UTC,0.855700789462108
2018-06-02 00:00:00 UTC,0.858739413870167
2018-06-03 00:00:00 UTC,0.856983713693269
2018-06-04 00:00:00 UTC,0.858417304814691
2018-06-05 00:00:00 UTC,0.857390702964838
2018-06-06 00:00:00 UTC,0.852131427081381
2018-06-07 00:00:00 UTC,0.847270114433299
2018-06-08 00:00:00 UTC,0.847326575554735
2018-06-09 00:00:00 UTC,0.850154706467596
2018-06-10 00:00:00 UTC,0.852172731562544
2018-06-11 00:00:00 UTC,0.850782726696878
2018-06-12 00:00:00 UTC,0.85067872927673
2018-06-13 00:00:00 UTC,0.853056114633167
2018-06-14 00:00:00 UTC,0.848275272147793
2018-06-15 00:00:00 UTC,0.866080502086415
2018-06-16 00:00:00 UTC,0.860442903933257
2018-06-17 00:00:00 UTC,0.862003761029049
2018-06-18 00:00:00 UTC,0.86286432324931
2018-06-19 00:00:00 UTC,0.859802413422208
2018-06-20 00:00:00 UTC,0.863433319283228
2018-06-21 00:00:00 UTC,0.862615773347977
2018-06-22 00:00:00 UTC,0.86167554449816
2018-06-23 00:00:00 UTC,0.860638278474835
2018-06-24 00:00:00 UTC,0.861646223378821
2018-06-25 00:00:00 UTC,0.859693033206326
2018-06-26 00:00:00 UTC,0.854909935345045
2018-06-27 00:00:00 UTC,0.859656885948142
2018-06-28 00:00:00 UTC,0.866289583216066
2018-06-29 00:00:00 UTC,0.864300220755433
2018-06-30 00:00:00 UTC,0.85565754514754
2018-07-01 00:00:00 UTC,0.855145136600811
2018-07-02 00:00:00 UTC,0.855453843875098
2018-07-03 00:00:00 UTC,0.858992911612567
2018-07-04 00:00:00 UTC,0.858186797490803
2018-07-05 00:00:00 UTC,0.861372361173005
2018-07-06 00:00:00 UTC,0.857860604519885
2018-07-07 00:00:00 UTC,0.858449964080469
2018-07-08 00:00:00 UTC,0.861235371835598
2018-07-09 00:00:00 UTC,0.854355180659385
2018-07-10 00:00:00 UTC,0.85554703071792
2018-07-11 00:00:00 UTC,0.860262746245243
2018-07-12 00:00:00 UTC,0.934181827617871
2018-07-13 00:00:00 UTC,0.866249808294481
2018-07-14 00:00:00 UTC,0.907957315696323
2018-07-15 00:00:00 UTC,0.970152977123045
2018-07-16 00:00:00 UTC,0.971922333920794
2018-07-17 00:00:00 UTC,1.0104909035912
2018-07-18 00:00:00 UTC,0.97821307139929
2018-07-19 00:00:00 UTC,0.918085022603922
2018-07-20 00:00:00 UTC,0.968550701917748
2018-07-21 00:00:00 UTC,0.931635427395862
2018-07-22 00:00:00 UTC,1.04030303756586
2018-07-23 00:00:00 UTC,1.07096066940599
2018-07-24 00:00:00 UTC,1.13159975291045
2018-07-25 00:00:00 UTC,0.852962001321433
2018-07-26 00:00:00 UTC,0.848831655810271
2018-07-27 00:00:00 UTC,0.857731884898861
2018-07-28 00:00:00 UTC,0.855861131797026
2018-07-29 00:00:00 UTC,0.855888732835619
2018-07-30 00:00:00 UTC,0.855162137483562
2018-07-31 00:00:00 UTC,0.851705779954181
2018-08-01 00:00:00 UTC,0.852509670755236
2018-08-02 00:00:00 UTC,0.857414112947854
2018-08-03 00:00:00 UTC,0.86134149296255
2018-08-04 00:00:00 UTC,0.862717159056448
2018-08-05 00:00:00 UTC,0.860181209670482
2018-08-06 00:00:00 UTC,0.822281343866964
2018-08-07 00:00:00 UTC,0.933423241306687
2018-08-08 00:00:00 UTC,0.845734975106413
2018-08-09 00:00:00 UTC,0.958021744124199
2018-08-10 00:00:00 UTC,0.866035677234657
2018-08-11 00:00:00 UTC,0.860439475137088
2018-08-12 00:00:00 UTC,0.864616630853676
2018-08-13 00:00:00 UTC,0.855271909571543
2018-08-14 00:00:00 UTC,0.867372051222155
2018-08-15 00:00:00 UTC,0.884686657295211
2018-08-16 00:00:00 UTC,0.881784955700669
2018-08-17 00:00:00 UTC,0.867659773688532
2018-08-18 00:00:00 UTC,0.872092813869462
2018-08-19 00:00:00 UTC,0.873370376071651
2018-08-20 00:00:00 UTC,0.874556161482678
2018-08-21 00:00:00 UTC,0.871931678186923
2018-08-22 00:00:00 UTC,0.865960788394525
2018-08-23 00:00:00 UTC,0.862892723365031
2018-08-24 00:00:00 UTC,0.86922941668183
2018-08-25 00:00:00 UTC,0.861770456239812
2018-08-26 00:00:00 UTC,0.860819399448631
2018-08-27 00:00:00 UTC,0.857694721036626
2018-08-28 00:00:00 UTC,0.860308628866792
2018-08-29 00:00:00 UTC,0.859230499547899
2018-08-30 00:00:00 UTC,0.85690836873457
2018-08-31 00:00:00 UTC,0.857239072123941
2018-09-01 00:00:00 UTC,0.862145501457318
2018-09-02 00:00:00 UTC,0.861910865074667
2018-09-03 00:00:00 UTC,0.862320908765326
2018-09-04 00:00:00 UTC,0.858814860292377
2018-09-05 00:00:00 UTC,0.862310850588758
2018-09-06 00:00:00 UTC,0.85330989985658
2018-09-07 00:00:00 UTC,0.860216695641039
2018-09-08 00:00:00 UTC,0.864742899322912
2018-09-09 00:00:00 UTC,0.86443321893265
2018-09-10 00:00:00 UTC,0.866827431062472
2018-09-11 00:00:00 UTC,0.861364027379066
2018-09-12 00:00:00 UTC,0.861957201739874
2018-09-13 00:00:00 UTC,0.859626360316518
2018-09-14 00:00:00 UTC,0.854732068769435
2018-09-15 00:00:00 UTC,0.859854985163304
2018-09-16 00:00:00 UTC,0.860230502968241
2018-09-17 00:00:00 UTC,0.861323211150365
2018-09-18 00:00:00 UTC,0.857097195744277
2018-09-19 00:00:00 UTC,0.855546676195962
2018-09-20 00:00:00 UTC,0.85714600823211
2018-09-21 00:00:00 UTC,0.85056575899102
2018-09-22 00:00:00 UTC,0.850672109740539
2018-09-23 00:00:00 UTC,0.854032457790262
2018-09-24 00:00:00 UTC,0.850447215612223
2018-09-25 00:00:00 UTC,0.851284040973374
2018-09-26 00:00:00 UTC,0.849347744101822
2018-09-27 00:00:00 UTC,0.851338688290445
2018-09-28 00:00:00 UTC,0.860388807441779
2018-09-29 00:00:00 UTC,0.860887203909413
2018-09-30 00:00:00 UTC,0.861423298621643
2018-10-01 00:00:00 UTC,0.861598507654669
2018-10-02 00:00:00 UTC,0.862840522313662
2018-10-03 00:00:00 UTC,0.863669413484233
2018-10-04 00:00:00 UTC,0.87093626797205
2018-10-05 00:00:00 UTC,0.868426908812956
2018-10-06 00:00:00 UTC,0.866403517944364
2018-10-07 00:00:00 UTC,0.867730918954853
2018-10-08 00:00:00 UTC,0.867652134212391
2018-10-09 00:00:00 UTC,0.869638041263368
2018-10-10 00:00:00 UTC,0.866902578207705
2018-10-11 00:00:00 UTC,0.863105187284282
2018-10-12 00:00:00 UTC,0.861565036642739
2018-10-13 00:00:00 UTC,0.863068075829914
2018-10-14 00:00:00 UTC,0.862737379494155
2018-10-15 00:00:00 UTC,0.862157298340228
2018-10-16 00:00:00 UTC,0.850901581951917
2018-10-17 00:00:00 UTC,0.848938290491784
2018-10-18 00:00:00 UTC,0.859766564287194
2018-10-19 00:00:00 UTC,0.862007858850043
2018-10-20 00:00:00 UTC,0.862812224048627
2018-10-21 00:00:00 UTC,0.861664014141608
2018-10-22 00:00:00 UTC,0.862762990078777
2018-10-23 00:00:00 UTC,0.867088174835502
2018-10-24 00:00:00 UTC,0.863339872779837
2018-10-25 00:00:00 UTC,0.870301796312562
2018-10-26 00:00:00 UTC,0.871590156742455
2018-10-27 00:00:00 UTC,0.869638082712554
2018-10-28 00:00:00 UTC,0.871076193653782
2018-10-29 00:00:00 UTC,0.874381222403536
2018-10-30 00:00:00 UTC,0.87405400979375
2018-10-31 00:00:00 UTC,0.879988421791097
2018-11-01 00:00:00 UTC,0.882550101178049
2018-11-02 00:00:00 UTC,0.874632058148921
2018-11-03 00:00:00 UTC,0.876902223092385
2018-11-04 00:00:00 UTC,0.878600839660673
2018-11-05 00:00:00 UTC,0.855803583587622
2018-11-06 00:00:00 UTC,0.87129162435308
2018-11-07 00:00:00 UTC,0.870245138792652
2018-11-08 00:00:00 UTC,0.87345975403291
2018-11-09 00:00:00 UTC,0.878978967210422
2018-11-10 00:00:00 UTC,0.880510388711424
2018-11-11 00:00:00 UTC,0.881166375991553
2018-11-12 00:00:00 UTC,0.879680121716794
2018-11-13 00:00:00 UTC,0.884336292432443
2018-11-14 00:00:00 UTC,0.875090288051514
2018-11-15 00:00:00 UTC,0.868345606758762
2018-11-16 00:00:00 UTC,0.873322965786419
2018-11-17 00:00:00 UTC,0.868895111105489
2018-11-18 00:00:00 UTC,0.86925483730657
2018-11-19 00:00:00 UTC,0.872038340196498
2018-11-20 00:00:00 UTC,0.861978595572012
2018-11-21 00:00:00 UTC,0.863612663116844
2018-11-22 00:00:00 UTC,0.870381098119245
2018-11-23 00:00:00 UTC,0.865414131990809
2018-11-24 00:00:00 UTC,0.875783355607089
2018-11-25 00:00:00 UTC,0.868362217712406
2018-11-26 00:00:00 UTC,0.874413108274447
2018-11-27 00:00:00 UTC,0.872911705166856
2018-11-28 00:00:00 UTC,0.875822654597985
2018-11-29 00:00:00 UTC,0.875687638250105
2018-11-30 00:00:00 UTC,0.876518996831702
2018-12-01 00:00:00 UTC,0.879114719469778
2018-12-02 00:00:00 UTC,0.879927927572276
2018-12-03 00:00:00 UTC,0.875828877642257
2018-12-04 00:00:00 UTC,0.878562213891877
2018-12-05 00:00:00 UTC,0.879349252323796
2018-12-06 00:00:00 UTC,0.87259199481698
2018-12-07 00:00:00 UTC,0.865429109156322
2018-12-08 00:00:00 UTC,0.880085254492219
2018-12-09 00:00:00 UTC,0.879072468110476
2018-12-10 00:00:00 UTC,0.867353351593948
2018-12-11 00:00:00 UTC,0.879432824869363
2018-12-12 00:00:00 UTC,0.882453107948083
2018-12-13 00:00:00 UTC,0.877871557356845
2018-12-14 00:00:00 UTC,0.876937910881871
2018-12-15 00:00:00 UTC,0.887519803986489
2018-12-16 00:00:00 UTC,0.883777847800374
2018-12-17 00:00:00 UTC,0.877605728854437
2018-12-18 00:00:00 UTC,0.88999432867464
2018-12-19 00:00:00 UTC,0.892790945733209
2018-12-20 00:00:00 UTC,0.882124015828972
2018-12-21 00:00:00 UTC,0.876353348771257
2018-12-22 00:00:00 UTC,0.878454391046159
2018-12-23 00:00:00 UTC,0.893163467557495
2018-12-24 00:00:00 UTC,0.883801458326794
2018-12-25 00:00:00 UTC,0.882338014696011
2018-12-26 00:00:00 UTC,0.878903670482495
2018-12-27 00:00:00 UTC,0.88396834710176
2018-12-28 00:00:00 UTC,0.871223702154391
2018-12-29 00:00:00 UTC,0.877147642124669
2018-12-30 00:00:00 UTC,0.86880782850695
2018-12-31 00:00:00 UTC,0.879476296546027
2019-01-01 00:00:00 UTC,0.873690254186506
2019-01-02 00:00:00 UTC,0.88291512823628
2019-01-03 00:00:00 UTC,0.894131351058304
2019-01-04 00:00:00 UTC,0.879930424763562
2019-01-05 00:00:00 UTC,0.885803050946448
2019-01-06 00:00:00 UTC,0.882666133311955
2019-01-07 00:00:00 UTC,0.884822999670565
2019-01-08 00:00:00 UTC,0.877180767709873
2019-01-09 00:00:00 UTC,0.877625030768617
2019-01-10 00:00:00 UTC,0.869732165784561
2019-01-11 00:00:00 UTC,0.874086563708717
2019-01-12 00:00:00 UTC,0.881601765076499
2019-01-13 00:00:00 UTC,0.875187307265919
2019-01-14 00:00:00 UTC,0.877250699688182
2019-01-15 00:00:00 UTC,0.875965615238464
2019-01-16 00:00:00 UTC,0.879414867868582
2019-01-17 00:00:00 UTC,0.879392049880117
2019-01-18 00:00:00 UTC,0.879772611737829
2019-01-19 00:00:00 UTC,0.881074930991398
2019-01-20 00:00:00 UTC,0.88211157000576
2019-01-21 00:00:00 UTC,0.88071540503087
2019-01-22 00:00:00 UTC,0.881102949271773
2019-01-23 00:00:00 UTC,0.881084938561772
2019-01-24 00:00:00 UTC,0.878899455758523
2019-01-25 00:00:00 UTC,0.883961548612737
2019-01-26 00:00:00 UTC,0.876924847952952
2019-01-27 00:00:00 UTC,0.876343234562738
2019-01-28 00:00:00 UTC,0.877917985315821
2019-01-29 00:00:00 UTC,0.874719690049091
2019-01-30 00:00:00 UTC,0.874337204301369
2019-01-31 00:00:00 UTC,0.870151637123924
2019-02-01 00:00:00 UTC,0.873413259731566
2019-02-02 00:00:00 UTC,0.871655848405483
2019-02-03 00:00:00 UTC,0.871442782127216
2019-02-04 00:00:00 UTC,0.872648766190754
2019-02-05 00:00:00 UTC,0.874012192226485
2019-02-06 00:00:00 UTC,0.876918203846496
2019-02-07 00:00:00 UTC,0.879484748862627
2019-02-08 00:00:00 UTC,0.881319272630075
2019-02-09 00:00:00 UTC,0.88531560059637
2019-02-10 00:00:00 UTC,0.883674832831642
2019-02-11 00:00:00 UTC,0.886042444812085
2019-02-12 00:00:00 UTC,0.886666119453978
2019-02-13 00:00:00 UTC,0.882907638187196
2019-02-14 00:00:00 UTC,0.888247820996262
2019-02-15 00:00:00 UTC,0.885461576727609
2019-02-16 00:00:00 UTC,0.884935887905395
2019-02-17 00:00:00 UTC,0.885283907555924
2019-02-18 00:00:00 UTC,0.883873615927822
2019-02-19 00:00:00 UTC,0.882659380756862
2019-02-20 00:00:00 UTC,0.881644332781529
2019-02-21 00:00:00 UTC,0.882018840576853
2019-02-22 00:00:00 UTC,0.882102344893316
2019-02-23 00:00:00 UTC,0.883629181518359
2019-02-24 00:00:00 UTC,0.882119037362524
2019-02-25 00:00:00 UTC,0.880463972051864
2019-02-26 00:00:00 UTC,0.878083802187501
2019-02-27 00:00:00 UTC,0.877522295319532
2019-02-28 00:00:00 UTC,0.878888055117239
2019-03-01 00:00:00 UTC,0.879236703510168
2019-03-02 00:00:00 UTC,0.877234466266967
2019-03-03 00:00:00 UTC,0.878701916734066
2019-03-04 00:00:00 UTC,0.879327544342833
2019-03-05 00:00:00 UTC,0.882020126061069
2019-03-06 00:00:00 UTC,0.885227609672923
2019-03-07 00:00:00 UTC,0.884258035861421
2019-03-08 00:00:00 UTC,0.892732375124656
2019-03-09 00:00:00 UTC,0.890051146586027
2019-03-10 00:00:00 UTC,0.891104476461152
2019-03-11 00:00:00 UTC,0.890930657444328
2019-03-12 00:00:00 UTC,0.886651358594229
2019-03-13 00:00:00 UTC,0.88648813949793
2019-03-14 00:00:00 UTC,0.881364798345352
2019-03-15 00:00:00 UTC,0.884636984630367
2019-03-16 00:00:00 UTC,0.882819936896413
2019-03-17 00:00:00 UTC,0.882686231065513
2019-03-18 00:00:00 UTC,0.882552076988746
2019-03-19 00:00:00 UTC,0.882704475562063
2019-03-20 00:00:00 UTC,0.880683509043746
2019-03-21 00:00:00 UTC,0.87543622644534
2019-03-22 00:00:00 UTC,0.878726892495678
2019-03-23 00:00:00 UTC,0.883800386866444
2019-03-24 00:00:00 UTC,0.884844800456267
2019-03-25 00:00:00 UTC,0.884997917913605
2019-03-26 00:00:00 UTC,0.880880817651338
2019-03-27 00:00:00 UTC,0.887791523968048
2019-03-28 00:00:00 UTC,0.887305781486575
2019-03-29 00:00:00 UTC,0.890822865780248
2019-03-30 00:00:00 UTC,0.891267822354705
2019-03-31 00:00:00 UTC,0.891052505652332
2019-04-01 00:00:00 UTC,0.890344756193878
2019-04-02 00:00:00 UTC,0.892362042319159
2019-04-03 00:00:00 UTC,0.895402843152108
2019-04-04 00:00:00 UTC,0.892051651392139
2019-04-05 00:00:00 UTC,0.892072938798294
2019-04-06 00:00:00 UTC,0.893364729110006
2019-04-07 00:00:00 UTC,0.88843087444561
2019-04-08 00:00:00 UTC,0.894417918483367
2019-04-09 00:00:00 UTC,0.89172919404685
2019-04-10 00:00:00 UTC,0.890611488440118
2019-04-11 00:00:00 UTC,0.887738368234414
2019-04-12 00:00:00 UTC,0.89004300153124
2019-04-13 00:00:00 UTC,0.887947926717552
2019-04-14 00:00:00 UTC,0.887615929254451
2019-04-15 00:00:00 UTC,0.889196423723146
2019-04-16 00:00:00 UTC,0.885433666492257
2019-04-17 00:00:00 UTC,0.889800019272186
2019-04-18 00:00:00 UTC,0.888067110059134
2019-04-19 00:00:00 UTC,0.89250570175355
2019-04-20 00:00:00 UTC,0.891748596883993
2019-04-21 00:00:00 UTC,0.892150019181058
2019-04-22 00:00:00 UTC,0.896742023670047
2019-04-23 00:00:00 UTC,0.891228342299875
2019-04-24 00:00:00 UTC,0.896130248176639
2019-04-25 00:00:00 UTC,0.9028945245348
2019-04-26 00:00:00 UTC,0.893877607140926
2019-04-27 00:00:00 UTC,0.895252410584863
2019-04-28 00:00:00 UTC,0.890714579630891
2019-04-29 00:00:00 UTC,0.888634501732669
2019-04-30 00:00:00 UTC,0.888023607069206
2019-05-01 00:00:00 UTC,0.887097948151139
2019-05-02 00:00:00 UTC,0.888780728946957
2019-05-03 00:00:00 UTC,0.887482557746981
2019-05-04 00:00:00 UTC,0.885272283253609
2019-05-05 00:00:00 UTC,0.88874029543981
2019-05-06 00:00:00 UTC,0.888833593502697
2019-05-07 00:00:00 UTC,0.887721495417515
2019-05-08 00:00:00 UTC,0.887465571878155
2019-05-09 00:00:00 UTC,0.890275964005946
2019-05-10 00:00:00 UTC,0.889806377396451
2019-05-11 00:00:00 UTC,0.889639047851567
2019-05-12 00:00:00 UTC,0.892331222270263
2019-05-13 00:00:00 UTC,0.889087553736391
2019-05-14 00:00:00 UTC,0.888894671372349
2019-05-15 00:00:00 UTC,0.891104093714689
2019-05-16 00:00:00 UTC,0.893315737964857
2019-05-17 00:00:00 UTC,0.895725322574061
2019-05-18 00:00:00 UTC,0.897448604545277
2019-05-19 00:00:00 UTC,0.898993870179312
2019-05-20 00:00:00 UTC,0.897566502577636
2019-05-21 00:00:00 UTC,0.899056285040001
2019-05-22 00:00:00 UTC,0.897944713541618
2019-05-23 00:00:00 UTC,0.896840198376749
2019-05-24 00:00:00 UTC,0.895379868205101
2019-05-25 00:00:00 UTC,0.894075830275077
2019-05-26 00:00:00 UTC,0.89344093528071
2019-05-27 00:00:00 UTC,0.898322447441381
2019-05-28 00:00:00 UTC,0.895360552262056
2019-05-30 00:00:00 UTC,0.899370394248671
2019-05-31 00:00:00 UTC,0.900089960171579
2019-06-01 00:00:00 UTC,0.89479336569428
2019-06-02 00:00:00 UTC,0.895224150163665
2019-06-03 00:00:00 UTC,0.895759005311326
2019-06-04 00:00:00 UTC,0.888972306656581
2019-06-05 00:00:00 UTC,0.888884947264811
2019-06-06 00:00:00 UTC,0.894228793234333
2019-06-07 00:00:00 UTC,0.891036503480687
2019-06-08 00:00:00 UTC,0.885130990813394
2019-06-09 00:00:00 UTC,0.886668091812361
2019-06-10 00:00:00 UTC,0.886165015205583
2019-06-11 00:00:00 UTC,0.888665447155536
2019-06-12 00:00:00 UTC,0.883888343856666
2019-06-13 00:00:00 UTC,0.88874354558397
2019-06-14 00:00:00 UTC,0.888840735476777
2019-06-15 00:00:00 UTC,0.890923942868796
2019-06-16 00:00:00 UTC,0.892958461897445
2019-06-17 00:00:00 UTC,0.891506681342333
2019-06-18 00:00:00 UTC,0.893074575553746
2019-06-19 00:00:00 UTC,0.896616330099821
2019-06-20 00:00:00 UTC,0.89285866958656
2019-06-21 00:00:00 UTC,0.887810846430596
2019-06-22 00:00:00 UTC,0.881606708504778
2019-06-23 00:00:00 UTC,0.876928976762471
2019-06-24 00:00:00 UTC,0.876714692855053
2019-06-25 00:00:00 UTC,0.878441846969394
2019-06-26 00:00:00 UTC,0.881054245670477
2019-06-27 00:00:00 UTC,0.875219668291109
2019-06-28 00:00:00 UTC,0.876974654469179
2019-06-29 00:00:00 UTC,0.877268360134681
2019-06-30 00:00:00 UTC,0.878703734384776
2019-07-01 00:00:00 UTC,0.878527909872816
2019-07-02 00:00:00 UTC,0.886854002185953
2019-07-03 00:00:00 UTC,0.887979679247363
2019-07-04 00:00:00 UTC,0.889453962401714
2019-07-05 00:00:00 UTC,0.890130266725997
2019-07-06 00:00:00 UTC,0.891632702447162
2019-07-07 00:00:00 UTC,0.894117187409473
2019-07-08 00:00:00 UTC,0.894663266754
2019-07-09 00:00:00 UTC,0.894237970507553
2019-07-10 00:00:00 UTC,0.89414850508471
2019-07-11 00:00:00 UTC,0.89115948308209
2019-07-12 00:00:00 UTC,0.892195968890172
2019-07-13 00:00:00 UTC,0.891108736158561
2019-07-14 00:00:00 UTC,0.890695683543079
2019-07-15 00:00:00 UTC,0.889534687990073
2019-07-16 00:00:00 UTC,0.890344547686406
2019-07-17 00:00:00 UTC,0.894880486905898
2019-07-18 00:00:00 UTC,0.891566611899948
2019-07-19 00:00:00 UTC,0.889095597903084
2019-07-20 00:00:00 UTC,0.893391707090439
2019-07-21 00:00:00 UTC,0.895785433218919
2019-07-22 00:00:00 UTC,0.892066676645457
2019-07-23 00:00:00 UTC,0.892585496866596
2019-07-24 00:00:00 UTC,0.898202982913885
2019-07-25 00:00:00 UTC,0.896307938774735
2019-07-26 00:00:00 UTC,0.895991175959338
2019-07-27 00:00:00 UTC,0.899756563917488
2019-07-28 00:00:00 UTC,0.898397315246649
2019-07-29 00:00:00 UTC,0.898513904874623
2019-07-30 00:00:00 UTC,0.896341659667263
2019-07-31 00:00:00 UTC,0.895875563416627
2019-08-01 00:00:00 UTC,0.906271592414183
2019-08-02 00:00:00 UTC,0.901050961417495
2019-08-03 00:00:00 UTC,0.90022513151268
2019-08-04 00:00:00 UTC,0.898300368245832
2019-08-05 00:00:00 UTC,0.900518790325744
2019-08-06 00:00:00 UTC,0.888573411434031
2019-08-07 00:00:00 UTC,0.894108534524536
2019-08-08 00:00:00 UTC,0.894545433786457
2019-08-09 00:00:00 UTC,0.897611959676162
2019-08-10 00:00:00 UTC,0.884761496000624
2019-08-11 00:00:00 UTC,0.885454821984269
2019-08-12 00:00:00 UTC,0.892184719595423
2019-08-13 00:00:00 UTC,0.890058214452251
2019-08-14 00:00:00 UTC,0.893987840792417
2019-08-15 00:00:00 UTC,0.896243388587984
2019-08-16 00:00:00 UTC,0.902390669205295
2019-08-17 00:00:00 UTC,0.901517203631167
2019-08-18 00:00:00 UTC,0.902180143267793
2019-08-19 00:00:00 UTC,0.901048752504469
2019-08-20 00:00:00 UTC,0.90424000294549
2019-08-21 00:00:00 UTC,0.899499470917956
2019-08-22 00:00:00 UTC,0.903348737061715
2019-08-23 00:00:00 UTC,0.904082071012366
2019-08-24 00:00:00 UTC,0.890661210164345
2019-08-25 00:00:00 UTC,0.889071012278294
2019-08-26 00:00:00 UTC,0.897441162288918
2019-08-27 00:00:00 UTC,0.898790944646429
2019-08-28 00:00:00 UTC,0.900889194904047
2019-08-29 00:00:00 UTC,0.90259634714052
2019-08-30 00:00:00 UTC,0.903756681945387
2019-08-31 00:00:00 UTC,0.909796388984418
2019-09-01 00:00:00 UTC,0.909603182846232
2019-09-02 00:00:00 UTC,0.909955975936557
2019-09-03 00:00:00 UTC,0.911887326927095
2019-09-04 00:00:00 UTC,0.91025282585777
2019-09-05 00:00:00 UTC,0.907131608441685
2019-09-06 00:00:00 UTC,0.906553149548011
2019-09-07 00:00:00 UTC,0.899243246612641
2019-09-08 00:00:00 UTC,0.898864919653221
2019-09-09 00:00:00 UTC,0.908633810106576
2019-09-10 00:00:00 UTC,0.90506091271283
2019-09-11 00:00:00 UTC,0.906112696846415
2019-09-12 00:00:00 UTC,0.908863021717442
2019-09-13 00:00:00 UTC,0.90519457964446
2019-09-14 00:00:00 UTC,0.899703991547969
2019-09-15 00:00:00 UTC,0.899695754686951
2019-09-16 00:00:00 UTC,0.902531524293657
2019-09-17 00:00:00 UTC,0.908427070664656
2019-09-18 00:00:00 UTC,0.903544068866607
2019-09-19 00:00:00 UTC,0.905594076116557
2019-09-20 00:00:00 UTC,0.907116123124399
2019-09-21 00:00:00 UTC,0.908005097908032
2019-09-22 00:00:00 UTC,0.90695773149227
2019-09-23 00:00:00 UTC,0.907251301074679
2019-09-24 00:00:00 UTC,0.908543512162809
2019-09-25 00:00:00 UTC,0.908470229297702
2019-09-26 00:00:00 UTC,0.913696726367342
2019-09-27 00:00:00 UTC,0.916936896579077
2019-09-28 00:00:00 UTC,0.915556003881741
2019-09-29 00:00:00 UTC,0.916475081008627
2019-09-30 00:00:00 UTC,0.914073823453717
2019-10-01 00:00:00 UTC,0.919113914250819
2019-10-02 00:00:00 UTC,0.915153130060192
2019-10-03 00:00:00 UTC,0.91492284624733
2019-10-04 00:00:00 UTC,0.912092569233761
2019-10-05 00:00:00 UTC,0.911417629558167
2019-10-06 00:00:00 UTC,0.912880489451275
2019-10-07 00:00:00 UTC,0.911433087616734
2019-10-08 00:00:00 UTC,0.911655115428334
2019-10-09 00:00:00 UTC,0.911668796544345
2019-10-10 00:00:00 UTC,0.911090246284587
2019-10-11 00:00:00 UTC,0.909280561622594
2019-10-12 00:00:00 UTC,0.903670188409854
2019-10-13 00:00:00 UTC,0.90624621808598
2019-10-14 00:00:00 UTC,0.908072359488586
2019-10-15 00:00:00 UTC,0.90729852443839
2019-10-16 00:00:00 UTC,0.906541487203661
2019-10-17 00:00:00 UTC,0.903277719687178
2019-10-18 00:00:00 UTC,0.899896306258661
2019-10-19 00:00:00 UTC,0.895522729010685
2019-10-20 00:00:00 UTC,0.895988707573322
2019-10-21 00:00:00 UTC,0.897636575308955
2019-10-22 00:00:00 UTC,0.8986202299482
2019-10-23 00:00:00 UTC,0.899788200359672
2019-10-24 00:00:00 UTC,0.89989400005699
2019-10-25 00:00:00 UTC,0.901603179643709
2019-10-26 00:00:00 UTC,0.903846642838652
2019-10-27 00:00:00 UTC,0.901348485325373
2019-10-28 00:00:00 UTC,0.900450802250062
2019-10-29 00:00:00 UTC,0.900227043441463
2019-10-30 00:00:00 UTC,0.899855966209497
2019-10-31 00:00:00 UTC,0.897001636003698
2019-11-01 00:00:00 UTC,0.896226311818009
2019-11-02 00:00:00 UTC,0.896221330696584
2019-11-03 00:00:00 UTC,0.89720083708806
2019-11-04 00:00:00 UTC,0.895963985245
2019-11-05 00:00:00 UTC,0.899940268743779
2019-11-06 00:00:00 UTC,0.902412752417726
2019-11-07 00:00:00 UTC,0.90367141412973
2019-11-08 00:00:00 UTC,0.904981528147532
2019-11-09 00:00:00 UTC,0.905857304269146
2019-11-10 00:00:00 UTC,0.90730516823177
2019-11-11 00:00:00 UTC,0.90729933733833
2019-11-12 00:00:00 UTC,0.90579649209657
2019-11-13 00:00:00 UTC,0.909140185506953
2019-11-14 00:00:00 UTC,0.907299889627287
2019-11-15 00:00:00 UTC,0.906627989766342
2019-11-16 00:00:00 UTC,0.904826608954199
2019-11-17 00:00:00 UTC,0.905925108717757
2019-11-18 00:00:00 UTC,0.905648664395243
2019-11-19 00:00:00 UTC,0.903147700183297
2019-11-20 00:00:00 UTC,0.902992363747304
2019-11-21 00:00:00 UTC,0.902868323307671
2019-11-22 00:00:00 UTC,0.904586325483231
2019-11-23 00:00:00 UTC,0.908211138886221
2019-11-24 00:00:00 UTC,0.907628598315215
2019-11-25 00:00:00 UTC,0.907266140418821
2019-11-26 00:00:00 UTC,0.908875032012983
2019-11-27 00:00:00 UTC,0.907208302386583
2019-11-28 00:00:00 UTC,0.907004880650783
2019-11-29 00:00:00 UTC,0.908793527283145
2019-11-30 00:00:00 UTC,0.907241305454121
2019-12-01 00:00:00 UTC,0.90784905304954
2019-12-02 00:00:00 UTC,0.907844972597525
2019-12-03 00:00:00 UTC,0.903105157189937
2019-12-04 00:00:00 UTC,0.901212795505576
2019-12-05 00:00:00 UTC,0.902123413571448
2019-12-06 00:00:00 UTC,0.900994213872165
2019-12-07 00:00:00 UTC,0.905311898476251
2019-12-08 00:00:00 UTC,0.903649526308234
2019-12-09 00:00:00 UTC,0.902891802875934
2019-12-10 00:00:00 UTC,0.903758688173988
2019-12-11 00:00:00 UTC,0.900919272654252
2019-12-12 00:00:00 UTC,0.897175304460845
2019-12-13 00:00:00 UTC,0.893216620285102
2019-12-14 00:00:00 UTC,0.898619391351097
2019-12-15 00:00:00 UTC,0.898995467969085
2019-12-16 00:00:00 UTC,0.898195063876357
2019-12-17 00:00:00 UTC,0.897853683209922
2019-12-18 00:00:00 UTC,0.896863165637608
2019-12-19 00:00:00 UTC,0.900405895969237
2019-12-20 00:00:00 UTC,0.899640706968136
2019-12-21 00:00:00 UTC,0.903327682938031
2019-12-22 00:00:00 UTC,0.903435064424962
2019-12-23 00:00:00 UTC,0.904254149022051
2019-12-24 00:00:00 UTC,0.900853148349453
2019-12-25 00:00:00 UTC,0.902773314350075
2019-12-26 00:00:00 UTC,0.90165808483147
2019-12-27 00:00:00 UTC,0.901004488063709
2019-12-28 00:00:00 UTC,0.894753258069004
2019-12-29 00:00:00 UTC,0.894247477506167
2019-12-30 00:00:00 UTC,0.893963971664706
2019-12-31 00:00:00 UTC,0.891057359196652
2020-01-01 00:00:00 UTC,0.890708332708336
2020-01-02 00:00:00 UTC,0.89095527488324
2020-01-03 00:00:00 UTC,0.8951999626335
2020-01-04 00:00:00 UTC,0.894898484056042
2020-01-05 00:00:00 UTC,0.895734806180133
2020-01-06 00:00:00 UTC,0.895100625943991
2020-01-07 00:00:00 UTC,0.891610803244244
2020-01-08 00:00:00 UTC,0.894798441889499
2020-01-09 00:00:00 UTC,0.896783359711934
2020-01-10 00:00:00 UTC,0.899743374918832
2020-01-11 00:00:00 UTC,0.899079078073057
2020-01-12 00:00:00 UTC,0.89689401714174
2020-01-13 00:00:00 UTC,0.899699242576112
2020-01-14 00:00:00 UTC,0.896729125681667
2020-01-15 00:00:00 UTC,0.897652478664387
2020-01-16 00:00:00 UTC,0.896248665359391
2020-01-17 00:00:00 UTC,0.896278471867942
2020-01-18 00:00:00 UTC,0.897866698658907
2020-01-19 00:00:00 UTC,0.89944165471563
2020-01-20 00:00:00 UTC,0.898620023993951
2020-01-21 00:00:00 UTC,0.899622774129476
2020-01-22 00:00:00 UTC,0.90003570107252
2020-01-23 00:00:00 UTC,0.900052474630369
2020-01-24 00:00:00 UTC,0.905495472970606
2020-01-25 00:00:00 UTC,0.906211267421203
2020-01-26 00:00:00 UTC,0.905862890139465
2020-01-27 00:00:00 UTC,0.906213961610798
2020-01-28 00:00:00 UTC,0.905046201957893
2020-01-29 00:00:00 UTC,0.905929497890782
2020-01-30 00:00:00 UTC,0.90425444386039
2020-01-31 00:00:00 UTC,0.906706143029725
2020-02-01 00:00:00 UTC,0.896767561404377
2020-02-02 00:00:00 UTC,0.899342225884043
2020-02-03 00:00:00 UTC,0.900561413648676
2020-02-04 00:00:00 UTC,0.904824364715986
2020-02-05 00:00:00 UTC,0.9035089992154
2020-02-06 00:00:00 UTC,0.90729612843077
2020-02-07 00:00:00 UTC,0.908810487521168
2020-02-08 00:00:00 UTC,0.912789038122605
2020-02-09 00:00:00 UTC,0.912385334130029
2020-02-10 00:00:00 UTC,0.916688260645094
2020-02-11 00:00:00 UTC,0.917603980939563
2020-02-12 00:00:00 UTC,0.915769458833593
2020-02-13 00:00:00 UTC,0.91929661669392
2020-02-14 00:00:00 UTC,0.92157216987887
2020-02-15 00:00:00 UTC,0.922165113970858
2020-02-16 00:00:00 UTC,0.923151421300265
2020-02-17 00:00:00 UTC,0.921243079087847
2020-02-18 00:00:00 UTC,0.925716094354121
2020-02-19 00:00:00 UTC,0.925248211901488
2020-02-20 00:00:00 UTC,0.923744063441743
2020-02-21 00:00:00 UTC,0.926946480019023
2020-02-22 00:00:00 UTC,0.920460568842689
2020-02-23 00:00:00 UTC,0.921757968605479
2020-02-24 00:00:00 UTC,0.923274335125956
2020-02-25 00:00:00 UTC,0.923416251667836
2020-02-26 00:00:00 UTC,0.91748490897182
2020-02-27 00:00:00 UTC,0.918041068804774
2020-02-28 00:00:00 UTC,0.908955553347498
2020-02-29 00:00:00 UTC,0.906885859841683
2020-03-01 00:00:00 UTC,0.905669740572209
2020-03-02 00:00:00 UTC,0.906145563583351
2020-03-03 00:00:00 UTC,0.897698741390877
2020-03-04 00:00:00 UTC,0.895512001170192
2020-03-05 00:00:00 UTC,0.899267074953857
2020-03-06 00:00:00 UTC,0.890171251945416
2020-03-07 00:00:00 UTC,0.88637816261148
2020-03-08 00:00:00 UTC,0.886962125035046
2020-03-09 00:00:00 UTC,0.874478987236743
2020-03-10 00:00:00 UTC,0.879978829561777
2020-03-11 00:00:00 UTC,0.884957694899939
2020-03-12 00:00:00 UTC,0.887367821605445
2020-03-13 00:00:00 UTC,0.883051107685419
2020-03-14 00:00:00 UTC,0.908332266626327
2020-03-15 00:00:00 UTC,0.890721017685291
2020-03-16 00:00:00 UTC,0.897107814617278
2020-03-17 00:00:00 UTC,0.900460226847346
2020-03-18 00:00:00 UTC,0.909140114343298
2020-03-19 00:00:00 UTC,0.912919181766072
2020-03-20 00:00:00 UTC,0.938706150828086
2020-03-21 00:00:00 UTC,0.933604229442106
2020-03-22 00:00:00 UTC,0.927574816004101
2020-03-23 00:00:00 UTC,0.934870338982261
2020-03-24 00:00:00 UTC,0.932616251436819
2020-03-25 00:00:00 UTC,0.924844490580752
2020-03-26 00:00:00 UTC,0.919742209998949
2020-03-27 00:00:00 UTC,0.909580499749394
2020-03-28 00:00:00 UTC,0.894611179102634
2020-03-29 00:00:00 UTC,0.895945633370302
2020-03-30 00:00:00 UTC,0.902472003272143
2020-03-31 00:00:00 UTC,0.908658451014089
2020-04-01 00:00:00 UTC,0.905313788240265
2020-04-02 00:00:00 UTC,0.913792120816357
2020-04-03 00:00:00 UTC,0.916829477150862
2020-04-04 00:00:00 UTC,0.925482102275582
2020-04-05 00:00:00 UTC,0.924333996108608
2020-04-06 00:00:00 UTC,0.924218689931053
2020-04-07 00:00:00 UTC,0.926921039985187
2020-04-08 00:00:00 UTC,0.917507592136173
2020-04-09 00:00:00 UTC,0.920056740910535
2020-04-10 00:00:00 UTC,0.914914505169062
2020-04-11 00:00:00 UTC,0.915971202486507
2020-04-12 00:00:00 UTC,0.915745788766875
2020-04-13 00:00:00 UTC,0.911189781781095
2020-04-14 00:00:00 UTC,0.915185981486008
2020-04-15 00:00:00 UTC,0.910957829962063
2020-04-16 00:00:00 UTC,0.915642942606914
2020-04-17 00:00:00 UTC,0.923454751629429
2020-04-18 00:00:00 UTC,0.920377502557756
2020-04-19 00:00:00 UTC,0.919412519064164
2020-04-20 00:00:00 UTC,0.920525947974359
2020-04-21 00:00:00 UTC,0.925725470370695
2020-04-22 00:00:00 UTC,0.922405216314734
2020-04-23 00:00:00 UTC,0.924497851836314
2020-04-24 00:00:00 UTC,0.924029595437153
2020-04-25 00:00:00 UTC,0.923812702650248
2020-04-26 00:00:00 UTC,0.923422423880336
2020-04-27 00:00:00 UTC,0.925734813697332
2020-04-28 00:00:00 UTC,0.925982363492518
2020-04-29 00:00:00 UTC,0.924217272432531
2020-04-30 00:00:00 UTC,0.917300340266404
2020-05-01 00:00:00 UTC,0.91338690909584
2020-05-02 00:00:00 UTC,0.90279386084772
2020-05-03 00:00:00 UTC,0.903830779688613
2020-05-04 00:00:00 UTC,0.913358170945005
2020-05-05 00:00:00 UTC,0.91543980232734
2020-05-06 00:00:00 UTC,0.923498725827655
2020-05-07 00:00:00 UTC,0.925462355854837
2020-05-08 00:00:00 UTC,0.923549090910532
2020-05-09 00:00:00 UTC,0.910247095390973
2020-05-10 00:00:00 UTC,0.911815361265331
2020-05-11 00:00:00 UTC,0.92434447273536
2020-05-12 00:00:00 UTC,0.924722875606582
2020-05-13 00:00:00 UTC,0.923154497156309
2020-05-14 00:00:00 UTC,0.924414994781024
2020-05-15 00:00:00 UTC,0.927577407690689
2020-05-16 00:00:00 UTC,0.923992115681882
2020-05-17 00:00:00 UTC,0.923018441443857
2020-05-18 00:00:00 UTC,0.926171941351258
2020-05-19 00:00:00 UTC,0.913960216926078
2020-05-20 00:00:00 UTC,0.913206629434342
2020-05-21 00:00:00 UTC,0.910121622379165
2020-05-22 00:00:00 UTC,0.911383437721713
2020-05-23 00:00:00 UTC,0.916940105115543
2020-05-24 00:00:00 UTC,0.915927134389844
2020-05-25 00:00:00 UTC,0.9113504379717
2020-05-26 00:00:00 UTC,0.918281808992412
2020-05-27 00:00:00 UTC,0.910820380942596
2020-05-28 00:00:00 UTC,0.907878838007086
2020-05-29 00:00:00 UTC,0.903068879696626
2020-05-30 00:00:00 UTC,0.899873203492247
2020-05-31 00:00:00 UTC,0.90195117490481
2020-06-01 00:00:00 UTC,0.899205596921468
2020-06-02 00:00:00 UTC,0.906978701724945
2020-06-03 00:00:00 UTC,0.892808791632078
2020-06-04 00:00:00 UTC,0.889571157329002
2020-06-05 00:00:00 UTC,0.880781183550913
2020-06-06 00:00:00 UTC,0.884320971060378
2020-06-07 00:00:00 UTC,0.884854619900449
2020-06-08 00:00:00 UTC,0.884578046085616
2020-06-09 00:00:00 UTC,0.885726670201348
2020-06-10 00:00:00 UTC,0.881239124607829
2020-06-11 00:00:00 UTC,0.879071903020785
2020-06-12 00:00:00 UTC,0.885012120605321
2020-06-13 00:00:00 UTC,0.888575353228583
2020-06-14 00:00:00 UTC,0.888303406021947
2020-06-15 00:00:00 UTC,0.888155339448457
2020-06-16 00:00:00 UTC,0.884291745004077
2020-06-17 00:00:00 UTC,0.887543229717751
2020-06-18 00:00:00 UTC,0.889342254720448
2020-06-19 00:00:00 UTC,0.891485013294403
2020-06-20 00:00:00 UTC,0.894393108537393
2020-06-21 00:00:00 UTC,0.894298251069101
2020-06-22 00:00:00 UTC,0.894825349124453
2020-06-23 00:00:00 UTC,0.88728806541234
2020-06-24 00:00:00 UTC,0.883878100795413
2020-06-25 00:00:00 UTC,0.889423908038171
2020-06-26 00:00:00 UTC,0.891535705509227
2020-06-27 00:00:00 UTC,0.890678861070879
2020-06-28 00:00:00 UTC,0.891163126475112
2020-06-29 00:00:00 UTC,0.8915428189443
2020-06-30 00:00:00 UTC,0.88940550794521
2020-07-01 00:00:00 UTC,0.89090596022345
2020-07-02 00:00:00 UTC,0.888965140762912
2020-07-03 00:00:00 UTC,0.889537669421182
2020-07-04 00:00:00 UTC,0.88868144846207
2020-07-05 00:00:00 UTC,0.889410703002744
2020-07-06 00:00:00 UTC,0.889641598900325
2020-07-07 00:00:00 UTC,0.884875702789871
2020-07-08 00:00:00 UTC,0.887700413142568
2020-07-09 00:00:00 UTC,0.881392251375308
2020-07-10 00:00:00 UTC,0.885903937207073
2020-07-11 00:00:00 UTC,0.884782855989029
2020-07-12 00:00:00 UTC,0.884853017920438
2020-07-13 00:00:00 UTC,0.88344989857714
2020-07-14 00:00:00 UTC,0.881259255274387
2020-07-15 00:00:00 UTC,0.876216342203851
2020-07-16 00:00:00 UTC,0.874919949327461
2020-07-17 00:00:00 UTC,0.878236691283301
2020-07-18 00:00:00 UTC,0.87483914003462
2020-07-19 00:00:00 UTC,0.875136306920059
2020-07-20 00:00:00 UTC,0.874457251651311
2020-07-21 00:00:00 UTC,0.873628661876384
2020-07-22 00:00:00 UTC,0.867269720887165
2020-07-23 00:00:00 UTC,0.86518770589818
2020-07-24 00:00:00 UTC,0.861389635047631
2020-07-25 00:00:00 UTC,0.858266001820565
2020-07-26 00:00:00 UTC,0.857743195324146
2020-07-27 00:00:00 UTC,0.858699462526512
2020-07-28 00:00:00 UTC,0.846004748482458
2020-07-29 00:00:00 UTC,0.853276617282563
2020-07-30 00:00:00 UTC,0.846534951735632
2020-07-31 00:00:00 UTC,0.84482130400958
2020-08-01 00:00:00 UTC,0.848835133432951
2020-08-02 00:00:00 UTC,0.849307599449301
2020-08-03 00:00:00 UTC,0.847513182079091
2020-08-04 00:00:00 UTC,0.850034217797082
2020-08-05 00:00:00 UTC,0.847534606756801
2020-08-06 00:00:00 UTC,0.844174678591919
2020-08-07 00:00:00 UTC,0.841999036320958
2020-08-08 00:00:00 UTC,0.850105841778297
2020-08-09 00:00:00 UTC,0.848553563003686
2020-08-10 00:00:00 UTC,0.848797754807653
2020-08-11 00:00:00 UTC,0.851945222798807
2020-08-12 00:00:00 UTC,0.853495916961691
2020-08-13 00:00:00 UTC,0.849043812439899
2020-08-14 00:00:00 UTC,0.847144573294038
2020-08-15 00:00:00 UTC,0.845820580589908
2020-08-16 00:00:00 UTC,0.842553118532981
2020-08-17 00:00:00 UTC,0.844919093013632
2020-08-18 00:00:00 UTC,0.842337027168863
2020-08-19 00:00:00 UTC,0.837452498440169
2020-08-20 00:00:00 UTC,0.843366891610429
2020-08-21 00:00:00 UTC,0.843794956019624
2020-08-22 00:00:00 UTC,0.847926455803503
2020-08-23 00:00:00 UTC,0.847668511719497
2020-08-24 00:00:00 UTC,0.847527791242401
2020-08-25 00:00:00 UTC,0.848431732148233
2020-08-26 00:00:00 UTC,0.8450027883528
2020-08-27 00:00:00 UTC,0.845020602786353
2020-08-28 00:00:00 UTC,0.846745364818627
2020-08-29 00:00:00 UTC,0.840880242316154
2020-08-30 00:00:00 UTC,0.840152282242347
2020-08-31 00:00:00 UTC,0.839597884424845
2020-09-01 00:00:00 UTC,0.837275190710205
2020-09-02 00:00:00 UTC,0.839318927525994
2020-09-03 00:00:00 UTC,0.84336291167516
2020-09-04 00:00:00 UTC,0.83946793056614
2020-09-05 00:00:00 UTC,0.845180450456519
2020-09-06 00:00:00 UTC,0.848814054911271
2020-09-07 00:00:00 UTC,0.845118043352499
2020-09-08 00:00:00 UTC,0.846378097776036
2020-09-09 00:00:00 UTC,0.85276625817995
2020-09-10 00:00:00 UTC,0.846670531928206
2020-09-11 00:00:00 UTC,0.84557698366366
2020-09-12 00:00:00 UTC,0.844489994710442
2020-09-13 00:00:00 UTC,0.844348289618062
2020-09-14 00:00:00 UTC,0.844852996292358
2020-09-15 00:00:00 UTC,0.843414629502037
2020-09-16 00:00:00 UTC,0.844132130791193
2020-09-17 00:00:00 UTC,0.846641753948607
2020-09-18 00:00:00 UTC,0.844478501444288
2020-09-19 00:00:00 UTC,0.845056748085134
2020-09-20 00:00:00 UTC,0.844763467506989
2020-09-21 00:00:00 UTC,0.846170160354517
2020-09-22 00:00:00 UTC,0.849996238284798
2020-09-23 00:00:00 UTC,0.85465524922006
2020-09-24 00:00:00 UTC,0.857103215688913
2020-09-25 00:00:00 UTC,0.856482706464817
2020-09-26 00:00:00 UTC,0.859529202728712
2020-09-27 00:00:00 UTC,0.859863889821191
2020-09-28 00:00:00 UTC,0.859300704718252
2020-09-29 00:00:00 UTC,0.857011031616828
2020-09-30 00:00:00 UTC,0.85243785437363
2020-10-01 00:00:00 UTC,0.85308459455971
2020-10-02 00:00:00 UTC,0.851457569269629
2020-10-03 00:00:00 UTC,0.85443855906415
2020-10-04 00:00:00 UTC,0.853880702753474
2020-10-05 00:00:00 UTC,0.853617782102958
2020-10-06 00:00:00 UTC,0.848384432443979
2020-10-07 00:00:00 UTC,0.852845427768456
2020-10-08 00:00:00 UTC,0.849881096608601
2020-10-09 00:00:00 UTC,0.850077008394461
2020-10-10 00:00:00 UTC,0.846185675156153
2020-10-11 00:00:00 UTC,0.844727430998746
2020-10-12 00:00:00 UTC,0.846215260404228
2020-10-13 00:00:00 UTC,0.845962549912155
2020-10-14 00:00:00 UTC,0.851591693759597
2020-10-15 00:00:00 UTC,0.85199009606644
2020-10-16 00:00:00 UTC,0.853271760053925
2020-10-17 00:00:00 UTC,0.853984725427491
2020-10-18 00:00:00 UTC,0.853908001983076
2020-10-19 00:00:00 UTC,0.854714681166885
2020-10-20 00:00:00 UTC,0.849633967679114
2020-10-21 00:00:00 UTC,0.846599186227803
2020-10-22 00:00:00 UTC,0.827872589582808
2020-10-23 00:00:00 UTC,0.844302654223959
2020-10-24 00:00:00 UTC,0.843452892576107
2020-10-25 00:00:00 UTC,0.843040327720411
2020-10-26 00:00:00 UTC,0.8442655822989
2020-10-27 00:00:00 UTC,0.84708257079359
2020-10-28 00:00:00 UTC,0.84986890074243
2020-10-29 00:00:00 UTC,0.850952196696962
2020-10-30 00:00:00 UTC,0.857554222067084
2020-10-31 00:00:00 UTC,0.856017767323277
2020-11-01 00:00:00 UTC,0.854454258775283
2020-11-02 00:00:00 UTC,0.856545735234721
2020-11-03 00:00:00 UTC,0.858207976636471
2020-11-04 00:00:00 UTC,0.852606198436896
2020-11-05 00:00:00 UTC,0.853046203546191
2020-11-06 00:00:00 UTC,0.84783383187734
2020-11-07 00:00:00 UTC,0.842430599246565
2020-11-08 00:00:00 UTC,0.843969693848475
2020-11-09 00:00:00 UTC,0.841486656692663
2020-11-10 00:00:00 UTC,0.847185894884336
2020-11-11 00:00:00 UTC,0.843580626696315
2020-11-12 00:00:00 UTC,0.847886212356122
2020-11-13 00:00:00 UTC,0.847112513741853
2020-11-14 00:00:00 UTC,0.845954572281503
2020-11-15 00:00:00 UTC,0.846397945412689
2020-11-16 00:00:00 UTC,0.847115445440371
2020-11-17 00:00:00 UTC,0.843642197626987
2020-11-18 00:00:00 UTC,0.844528495132381
2020-11-19 00:00:00 UTC,0.84392326792243
2020-11-20 00:00:00 UTC,0.842811594296258
2020-11-21 00:00:00 UTC,0.843273394416121
2020-11-22 00:00:00 UTC,0.841566776204233
2020-11-23 00:00:00 UTC,0.840905336491015
2020-11-24 00:00:00 UTC,0.842629840475162
2020-11-25 00:00:00 UTC,0.839281916805211
2020-11-26 00:00:00 UTC,0.836910623496335
2020-11-27 00:00:00 UTC,0.839851486507687
2020-11-28 00:00:00 UTC,0.838145006211447
2020-11-29 00:00:00 UTC,0.835174597862476
2020-11-30 00:00:00 UTC,0.83627097091327
2020-12-01 00:00:00 UTC,0.83669142752379
2020-12-02 00:00:00 UTC,0.824160619062085
2020-12-03 00:00:00 UTC,0.824706282102425
2020-12-04 00:00:00 UTC,0.824400766145851
2020-12-05 00:00:00 UTC,0.828338303483226
2020-12-06 00:00:00 UTC,0.826263527579493
2020-12-07 00:00:00 UTC,0.825683336939892
2020-12-08 00:00:00 UTC,0.825911535715621
2020-12-09 00:00:00 UTC,0.824445738105292
2020-12-10 00:00:00 UTC,0.828485340455922
2020-12-11 00:00:00 UTC,0.824311919132659
2020-12-12 00:00:00 UTC,0.825620002149962
2020-12-13 00:00:00 UTC,0.824658973464876
2020-12-14 00:00:00 UTC,0.823287156545044
2020-12-15 00:00:00 UTC,0.823001270314005
2020-12-16 00:00:00 UTC,0.82258740212813
2020-12-17 00:00:00 UTC,0.818658400555178
2020-12-18 00:00:00 UTC,0.813135754777509
2020-12-19 00:00:00 UTC,0.814956407262483
2020-12-20 00:00:00 UTC,0.814436543267097
2020-12-21 00:00:00 UTC,0.819982530120821
2020-12-22 00:00:00 UTC,0.818452925515245
2020-12-23 00:00:00 UTC,0.823457163005899
2020-12-24 00:00:00 UTC,0.823727112907075
2020-12-25 00:00:00 UTC,0.822648402141475
2020-12-26 00:00:00 UTC,0.822607878379844
2020-12-27 00:00:00 UTC,0.821907006192401
2020-12-28 00:00:00 UTC,0.82148273878237
2020-12-29 00:00:00 UTC,0.820339395612291
2020-12-30 00:00:00 UTC,0.816849382026895
2020-12-31 00:00:00 UTC,0.814259909745627
2021-01-01 00:00:00 UTC,0.818774626981753
2021-01-02 00:00:00 UTC,0.824320279935519
2021-01-03 00:00:00 UTC,0.826634496268669
2021-01-04 00:00:00 UTC,0.818000505749688
2021-01-05 00:00:00 UTC,0.816134090138973
2021-01-06 00:00:00 UTC,0.815467096327345
2021-01-07 00:00:00 UTC,0.817487426963201
2021-01-08 00:00:00 UTC,0.815915225774405
2021-01-09 00:00:00 UTC,0.820454508442639
2021-01-10 00:00:00 UTC,0.822272622788273
2021-01-11 00:00:00 UTC,0.820368488105219
2021-01-12 00:00:00 UTC,0.829800914829541
2021-01-13 00:00:00 UTC,0.821004634819805
2021-01-14 00:00:00 UTC,0.825509376573039
2021-01-15 00:00:00 UTC,0.821020733961164
2021-01-16 00:00:00 UTC,0.828569255200014
2021-01-17 00:00:00 UTC,0.829621472542789
2021-01-18 00:00:00 UTC,0.826342264465028
2021-01-19 00:00:00 UTC,0.828267112606696
2021-01-20 00:00:00 UTC,0.822372287169542
2021-01-21 00:00:00 UTC,0.823752597073862
2021-01-22 00:00:00 UTC,0.827482363300896
2021-01-23 00:00:00 UTC,0.82189632993804
2021-01-24 00:00:00 UTC,0.820224000000492
2021-01-25 00:00:00 UTC,0.821432905865596
2021-01-26 00:00:00 UTC,0.824148416592334
2021-01-27 00:00:00 UTC,0.824805987430087
2021-01-28 00:00:00 UTC,0.827543392791007
2021-01-29 00:00:00 UTC,0.824019996623023
2021-01-30 00:00:00 UTC,0.819799778358849
2021-01-31 00:00:00 UTC,0.821013676697876
2021-02-01 00:00:00 UTC,0.825534476268587
2021-02-02 00:00:00 UTC,0.826907367096281
2021-02-03 00:00:00 UTC,0.83107455387456
2021-02-04 00:00:00 UTC,0.830669941677449
2021-02-05 00:00:00 UTC,0.836868730787662
2021-02-06 00:00:00 UTC,0.831653292733029
2021-02-07 00:00:00 UTC,0.829424313671242
2021-02-08 00:00:00 UTC,0.828779003210708
2021-02-09 00:00:00 UTC,0.83222483207918
2021-02-10 00:00:00 UTC,0.821537191867602
2021-02-11 00:00:00 UTC,0.823482313293094
2021-02-12 00:00:00 UTC,0.822341043842039
2021-02-13 00:00:00 UTC,0.822733798453151
2021-02-14 00:00:00 UTC,0.824037811174681
2021-02-15 00:00:00 UTC,0.821717368992331
2021-02-16 00:00:00 UTC,0.824665877498389
2021-02-17 00:00:00 UTC,0.827443617307232
2021-02-18 00:00:00 UTC,0.830940502184206
2021-02-19 00:00:00 UTC,0.827109162550405
2021-02-20 00:00:00 UTC,0.830441554178677
2021-02-21 00:00:00 UTC,0.829374601834681
2021-02-22 00:00:00 UTC,0.827784789371365
2021-02-23 00:00:00 UTC,0.826715244378227
2021-02-24 00:00:00 UTC,0.826111786210865
2021-02-25 00:00:00 UTC,0.830412747906264
2021-02-26 00:00:00 UTC,0.824051466631979
2021-02-27 00:00:00 UTC,0.835022189978922
2021-02-28 00:00:00 UTC,0.823382521085603
2021-03-01 00:00:00 UTC,0.837388215743865
2021-03-02 00:00:00 UTC,0.836717425095851
2021-03-03 00:00:00 UTC,0.834377803739891
2021-03-04 00:00:00 UTC,0.828325135052046
2021-03-05 00:00:00 UTC,0.838030972358257
2021-03-06 00:00:00 UTC,0.83793313532179
2021-03-07 00:00:00 UTC,0.840752677469806
2021-03-08 00:00:00 UTC,0.841320819896294
2021-03-09 00:00:00 UTC,0.84407019593381
2021-03-10 00:00:00 UTC,0.842338025347009
2021-03-11 00:00:00 UTC,0.835939564347779
2021-03-12 00:00:00 UTC,0.836274652945557
2021-03-13 00:00:00 UTC,0.838277861146512
2021-03-14 00:00:00 UTC,0.838226610065367
2021-03-15 00:00:00 UTC,0.839970328761929
2021-03-16 00:00:00 UTC,0.840944074414182
2021-03-17 00:00:00 UTC,0.841481683221196
2021-03-18 00:00:00 UTC,0.837965490757537
2021-03-19 00:00:00 UTC,0.842365220667587
2021-03-20 00:00:00 UTC,0.840736486739323
2021-03-21 00:00:00 UTC,0.840710813278263
2021-03-22 00:00:00 UTC,0.843921787359716
2021-03-23 00:00:00 UTC,0.840734153591356
2021-03-24 00:00:00 UTC,0.842743591086922
2021-03-25 00:00:00 UTC,0.845505699636527
2021-03-26 00:00:00 UTC,0.848435641403704
2021-03-27 00:00:00 UTC,0.847499105328924
2021-03-28 00:00:00 UTC,0.847877044237254
2021-03-29 00:00:00 UTC,0.851069765312814
2021-03-30 00:00:00 UTC,0.849188186262562
2021-03-31 00:00:00 UTC,0.853198369664522
2021-04-01 00:00:00 UTC,0.853198502526516
2021-04-02 00:00:00 UTC,0.849412420799186
2021-04-03 00:00:00 UTC,0.850781064809939
2021-04-04 00:00:00 UTC,0.850932943495759
2021-04-05 00:00:00 UTC,0.850714638476719
2021-04-06 00:00:00 UTC,0.845856373003156
2021-04-07 00:00:00 UTC,0.842467279350579
2021-04-08 00:00:00 UTC,0.841927018571059
2021-04-09 00:00:00 UTC,0.840874710257829
2021-04-10 00:00:00 UTC,0.839862130997747
2021-04-11 00:00:00 UTC,0.839642608712121
2021-04-12 00:00:00 UTC,0.841127451374229
2021-04-13 00:00:00 UTC,0.840170955194357
2021-04-14 00:00:00 UTC,0.837828054817236
2021-04-15 00:00:00 UTC,0.834371143265704
2021-04-16 00:00:00 UTC,0.835573288013213
2021-04-17 00:00:00 UTC,0.833665139447975
2021-04-18 00:00:00 UTC,0.835714854518273
2021-04-19 00:00:00 UTC,0.835734676030744
2021-04-20 00:00:00 UTC,0.830548526452533
2021-04-21 00:00:00 UTC,0.831123398670619
2021-04-22 00:00:00 UTC,0.82854959164242
2021-04-23 00:00:00 UTC,0.833071703679648
2021-04-24 00:00:00 UTC,0.828011609867088
2021-04-25 00:00:00 UTC,0.825438746626725
2021-04-26 00:00:00 UTC,0.830085325127102
2021-04-27 00:00:00 UTC,0.828146210972802
2021-04-28 00:00:00 UTC,0.824490413029712
2021-04-29 00:00:00 UTC,0.825596210735933
2021-04-30 00:00:00 UTC,0.825505698065937
2021-05-01 00:00:00 UTC,0.833123328115018
2021-05-02 00:00:00 UTC,0.832405281633319
2021-05-03 00:00:00 UTC,0.831817904372361
2021-05-04 00:00:00 UTC,0.830178257170003
2021-05-05 00:00:00 UTC,0.835128046387475
2021-05-06 00:00:00 UTC,0.831592428306977
2021-05-07 00:00:00 UTC,0.829229120819042
2021-05-08 00:00:00 UTC,0.823649671853783
2021-05-09 00:00:00 UTC,0.821198602404118
2021-05-10 00:00:00 UTC,0.82260576603287
2021-05-11 00:00:00 UTC,0.829804405992254
2021-05-12 00:00:00 UTC,0.823872951496348
2021-05-13 00:00:00 UTC,0.830943896065269
2021-05-14 00:00:00 UTC,0.822118064184687
2021-05-15 00:00:00 UTC,0.822296057967665
2021-05-16 00:00:00 UTC,0.81931654838277
2021-05-17 00:00:00 UTC,0.821338467655809
2021-05-18 00:00:00 UTC,0.827639858445539
2021-05-19 00:00:00 UTC,0.815797096190009
2021-05-20 00:00:00 UTC,0.816550572310611
2021-05-21 00:00:00 UTC,0.821603268685669
2021-05-22 00:00:00 UTC,0.820112811144633
2021-05-23 00:00:00 UTC,0.823374026662236
2021-05-24 00:00:00 UTC,0.822137558263482
2021-05-25 00:00:00 UTC,0.821220270559435
2021-05-26 00:00:00 UTC,0.817103710940928
2021-05-27 00:00:00 UTC,0.819534443107532
2021-05-28 00:00:00 UTC,0.819509022473763
2021-05-29 00:00:00 UTC,0.820693323122516
2021-05-30 00:00:00 UTC,0.819485366867759
2021-05-31 00:00:00 UTC,0.818336054951529
2021-06-01 00:00:00 UTC,0.815766769786861
2021-06-02 00:00:00 UTC,0.820512198541084
2021-06-03 00:00:00 UTC,0.818482218252886
2021-06-04 00:00:00 UTC,0.824700219653412
2021-06-05 00:00:00 UTC,0.82240838176091
2021-06-06 00:00:00 UTC,0.82275508191368
2021-06-07 00:00:00 UTC,0.824231596704871
2021-06-08 00:00:00 UTC,0.820381580132526
2021-06-09 00:00:00 UTC,0.823536300735081
2021-06-10 00:00:00 UTC,0.822632346624531
2021-06-11 00:00:00 UTC,0.824770384673811
2021-06-12 00:00:00 UTC,0.826415152911341
2021-06-13 00:00:00 UTC,0.829360295641496
2021-06-14 00:00:00 UTC,0.825311288144785
2021-06-15 00:00:00 UTC,0.825904119942344
2021-06-16 00:00:00 UTC,0.827025536988641
2021-06-17 00:00:00 UTC,0.832223766464185
2021-06-18 00:00:00 UTC,0.841904712922912
2021-06-19 00:00:00 UTC,0.843661342702994
2021-06-20 00:00:00 UTC,0.846410681087077
2021-06-21 00:00:00 UTC,0.843303852027218
2021-06-22 00:00:00 UTC,0.837020628725988
2021-06-23 00:00:00 UTC,0.841320672829547
2021-06-24 00:00:00 UTC,0.840458439892804
2021-06-25 00:00:00 UTC,0.839915940983885
2021-06-26 00:00:00 UTC,0.838285292654712
2021-06-27 00:00:00 UTC,0.840443010057388
2021-06-28 00:00:00 UTC,0.839156498181377
2021-06-29 00:00:00 UTC,0.841799658742161
2021-06-30 00:00:00 UTC,0.840717896686711
2021-07-01 00:00:00 UTC,0.847089887174823
2021-07-02 00:00:00 UTC,0.845521598255365
2021-07-03 00:00:00 UTC,0.846470176928169
2021-07-04 00:00:00 UTC,0.845544292088643
2021-07-05 00:00:00 UTC,0.839161081204839
2021-07-06 00:00:00 UTC,0.846097182718257
2021-07-07 00:00:00 UTC,0.848132456346704
2021-07-08 00:00:00 UTC,0.847463465792786
2021-07-09 00:00:00 UTC,0.846484484425497
2021-07-10 00:00:00 UTC,0.844723124948894
2021-07-11 00:00:00 UTC,0.845605413768919
2021-07-12 00:00:00 UTC,0.842876699471151
2021-07-13 00:00:00 UTC,0.844967036563584
2021-07-14 00:00:00 UTC,0.852512456515335
2021-07-15 00:00:00 UTC,0.847082143668844
2021-07-16 00:00:00 UTC,0.849025887064358
2021-07-17 00:00:00 UTC,0.846731916592391
2021-07-18 00:00:00 UTC,0.848573705134114
2021-07-19 00:00:00 UTC,0.848990566030115
2021-07-20 00:00:00 UTC,0.849495363889311
2021-07-21 00:00:00 UTC,0.850343765550328
2021-07-22 00:00:00 UTC,0.850102968857611
2021-07-23 00:00:00 UTC,0.850579713639649
2021-07-24 00:00:00 UTC,0.851592947485315
2021-07-25 00:00:00 UTC,0.8514822253227
2021-07-26 00:00:00 UTC,0.85177383173702
2021-07-27 00:00:00 UTC,0.852900716601712
2021-07-28 00:00:00 UTC,0.849915720807456
2021-07-29 00:00:00 UTC,0.842208335594254
2021-07-30 00:00:00 UTC,0.843748039513747
2021-07-31 00:00:00 UTC,0.844480852985495
2021-08-01 00:00:00 UTC,0.842801521941249
2021-08-02 00:00:00 UTC,0.845354097921339
2021-08-03 00:00:00 UTC,0.843033607800049
2021-08-04 00:00:00 UTC,0.848138769255495
2021-08-05 00:00:00 UTC,0.839345206850156
2021-08-06 00:00:00 UTC,0.845272853231016
2021-08-07 00:00:00 UTC,0.851245940931976
2021-08-08 00:00:00 UTC,0.850837943852515
2021-08-09 00:00:00 UTC,0.85206603893157
2021-08-10 00:00:00 UTC,0.856339181793901
2021-08-11 00:00:00 UTC,0.85210794241319
2021-08-12 00:00:00 UTC,0.853298712509074
2021-08-13 00:00:00 UTC,0.853022864522343
2021-08-14 00:00:00 UTC,0.847352799193073
2021-08-15 00:00:00 UTC,0.847817231050146
2021-08-16 00:00:00 UTC,0.848933279707515
2021-08-17 00:00:00 UTC,0.848822109483183
2021-08-18 00:00:00 UTC,0.855521892474004
2021-08-19 00:00:00 UTC,0.855179488878251
2021-08-20 00:00:00 UTC,0.863526917112182
2021-08-21 00:00:00 UTC,0.855656588708977
2021-08-22 00:00:00 UTC,0.855331458864938
2021-08-23 00:00:00 UTC,0.859984525053416
2021-08-24 00:00:00 UTC,0.851449937231015
2021-08-25 00:00:00 UTC,0.852270481961264
2021-08-26 00:00:00 UTC,0.849928880185288
2021-08-27 00:00:00 UTC,0.847912428437156
2021-08-28 00:00:00 UTC,0.848968693606244
2021-08-29 00:00:00 UTC,0.848524622453272
2021-08-30 00:00:00 UTC,0.849492921949652
2021-08-31 00:00:00 UTC,0.847101832590734
2021-09-01 00:00:00 UTC,0.848595435104679
2021-09-02 00:00:00 UTC,0.845466044565649
2021-09-03 00:00:00 UTC,0.841729026746481
2021-09-04 00:00:00 UTC,0.840862485850871
2021-09-05 00:00:00 UTC,0.839064490957986
2021-09-06 00:00:00 UTC,0.842126964517468
2021-09-07 00:00:00 UTC,0.842307948666008
2021-09-08 00:00:00 UTC,0.845587427731577
2021-09-09 00:00:00 UTC,0.849110099745048
2021-09-10 00:00:00 UTC,0.848925200298941
2021-09-11 00:00:00 UTC,0.845830186013574
2021-09-12 00:00:00 UTC,0.848421010429286
2021-09-13 00:00:00 UTC,0.855654872108291
2021-09-14 00:00:00 UTC,0.848787926705044
2021-09-15 00:00:00 UTC,0.849963923863417
2021-09-16 00:00:00 UTC,0.847002378142537
2021-09-17 00:00:00 UTC,0.851484299554223
2021-09-18 00:00:00 UTC,0.856760403273779
2021-09-19 00:00:00 UTC,0.854770839346378
2021-09-20 00:00:00 UTC,0.855815191687799
2021-09-21 00:00:00 UTC,0.853007553417499
2021-09-22 00:00:00 UTC,0.846099530839231
2021-09-23 00:00:00 UTC,0.856166224129044
2021-09-24 00:00:00 UTC,0.85261786431908
2021-09-25 00:00:00 UTC,0.853237198741087
2021-09-26 00:00:00 UTC,0.855677161745854
2021-09-27 00:00:00 UTC,0.856263876092209
2021-09-28 00:00:00 UTC,0.850526328094363
2021-09-29 00:00:00 UTC,0.853027373969819
2021-09-30 00:00:00 UTC,0.864977675993681
2021-10-01 00:00:00 UTC,0.865664770392964
2021-10-02 00:00:00 UTC,0.864497719622164
2021-10-03 00:00:00 UTC,0.865081053823494
2021-10-04 00:00:00 UTC,0.86335199101565
2021-10-05 00:00:00 UTC,0.862421290336094
2021-10-06 00:00:00 UTC,0.864395300715099
2021-10-07 00:00:00 UTC,0.865498702075663
2021-10-08 00:00:00 UTC,0.866917542702032
2021-10-09 00:00:00 UTC,0.866058614877678
2021-10-10 00:00:00 UTC,0.865882810623483
2021-10-11 00:00:00 UTC,0.865796240610299
2021-10-12 00:00:00 UTC,0.868770517060119
2021-10-13 00:00:00 UTC,0.868713196454311
2021-10-14 00:00:00 UTC,0.864708463040416
2021-10-15 00:00:00 UTC,0.863547645332111
2021-10-16 00:00:00 UTC,0.862867367492373
2021-10-17 00:00:00 UTC,0.864487175644185
2021-10-18 00:00:00 UTC,0.864531876680985
2021-10-19 00:00:00 UTC,0.861324376079164
2021-10-20 00:00:00 UTC,0.863133613497471
2021-10-21 00:00:00 UTC,0.857859519774756
2021-10-22 00:00:00 UTC,0.858783639824958
2021-10-23 00:00:00 UTC,0.862275788352702
2021-10-24 00:00:00 UTC,0.863376674550148
2021-10-25 00:00:00 UTC,0.863301422303414
2021-10-26 00:00:00 UTC,0.864838095352456
2021-10-27 00:00:00 UTC,0.862790162125636
2021-10-28 00:00:00 UTC,0.863460375780087
2021-10-29 00:00:00 UTC,0.85789074793416
2021-10-30 00:00:00 UTC,0.866646876284835
2021-10-31 00:00:00 UTC,0.867030837253667
2021-11-01 00:00:00 UTC,0.865184764677985
2021-11-02 00:00:00 UTC,0.863213750602907
2021-11-03 00:00:00 UTC,0.867551188611766
2021-11-04 00:00:00 UTC,0.862827459369233
2021-11-05 00:00:00 UTC,0.869266561007843
2021-11-06 00:00:00 UTC,0.869380154367449
2021-11-07 00:00:00 UTC,0.86890377777734
2021-11-08 00:00:00 UTC,0.86903796556909
2021-11-09 00:00:00 UTC,0.863465434911719
2021-11-10 00:00:00 UTC,0.863511946761486
2021-11-11 00:00:00 UTC,0.874860145296796
2021-11-12 00:00:00 UTC,0.874159038660625
2021-11-13 00:00:00 UTC,0.878635952035884
2021-11-14 00:00:00 UTC,0.877472277075248
2021-11-15 00:00:00 UTC,0.880459080107596
2021-11-16 00:00:00 UTC,0.881577853249029
2021-11-17 00:00:00 UTC,0.885682428819651
2021-11-18 00:00:00 UTC,0.889604602713148
2021-11-19 00:00:00 UTC,0.881694165512415
2021-11-20 00:00:00 UTC,0.893177791689969
2021-11-21 00:00:00 UTC,0.891009681881664
2021-11-22 00:00:00 UTC,0.889423678507895
2021-11-23 00:00:00 UTC,0.889602096137199
2021-11-24 00:00:00 UTC,0.890647180046326
2021-11-25 00:00:00 UTC,0.893075784397335
2021-11-26 00:00:00 UTC,0.890495973572358
2021-11-27 00:00:00 UTC,0.883598026573681
2021-11-28 00:00:00 UTC,0.884325343279084
2021-11-29 00:00:00 UTC,0.88499934482336
2021-11-30 00:00:00 UTC,0.885189895325098
2021-12-01 00:00:00 UTC,0.881133513635919
2021-12-02 00:00:00 UTC,0.883672315373006
2021-12-03 00:00:00 UTC,0.882373327870531
2021-12-04 00:00:00 UTC,0.884278431817323
2021-12-05 00:00:00 UTC,0.884520772790164
2021-12-06 00:00:00 UTC,0.885835358688814
2021-12-07 00:00:00 UTC,0.886094697110353
2021-12-08 00:00:00 UTC,0.888377849520213
2021-12-09 00:00:00 UTC,0.88131696334634
2021-12-10 00:00:00 UTC,0.883840082016385
2021-12-11 00:00:00 UTC,0.880369924455122
2021-12-12 00:00:00 UTC,0.883741632596999
2021-12-13 00:00:00 UTC,0.883629194750173
2021-12-14 00:00:00 UTC,0.884104512276142
2021-12-15 00:00:00 UTC,0.890029685657072
2021-12-16 00:00:00 UTC,0.885869310564173
2021-12-17 00:00:00 UTC,0.881847141416927
2021-12-18 00:00:00 UTC,0.888233190551394
2021-12-19 00:00:00 UTC,0.889595403598614
2021-12-20 00:00:00 UTC,0.888285292912414
2021-12-21 00:00:00 UTC,0.88956276798367
2021-12-22 00:00:00 UTC,0.888019687861962
2021-12-23 00:00:00 UTC,0.884085386197648
2021-12-24 00:00:00 UTC,0.885528323004138
2021-12-25 00:00:00 UTC,0.885902949681276
2021-12-26 00:00:00 UTC,0.884226631423212
2021-12-27 00:00:00 UTC,0.884755597991279
2021-12-28 00:00:00 UTC,0.883199252538949
2021-12-29 00:00:00 UTC,0.884247697884743
2021-12-30 00:00:00 UTC,0.882556625576314
2021-12-31 00:00:00 UTC,0.88422107162792
2022-01-01 00:00:00 UTC,0.877955473361344
2022-01-02 00:00:00 UTC,0.884146275512508
2022-01-03 00:00:00 UTC,0.879859154470519
2022-01-04 00:00:00 UTC,0.885902271497859
2022-01-05 00:00:00 UTC,0.885071221651415
2022-01-06 00:00:00 UTC,0.886670557629798
2022-01-07 00:00:00 UTC,0.886276005751298
2022-01-08 00:00:00 UTC,0.881962676959256
2022-01-09 00:00:00 UTC,0.878173448137428
2022-01-10 00:00:00 UTC,0.880457106125243
2022-01-11 00:00:00 UTC,0.883467588713254
2022-01-12 00:00:00 UTC,0.880139107984435
2022-01-13 00:00:00 UTC,0.874914979450587
2022-01-14 00:00:00 UTC,0.872259890708653
2022-01-15 00:00:00 UTC,0.876800042295577
2022-01-16 00:00:00 UTC,0.875810577076757
2022-01-17 00:00:00 UTC,0.876736019412258
2022-01-18 00:00:00 UTC,0.878364929025758
2022-01-19 00:00:00 UTC,0.88269439588028
2022-01-20 00:00:00 UTC,0.88072412812859
2022-01-21 00:00:00 UTC,0.884106083569403
2022-01-22 00:00:00 UTC,0.880816004448201
2022-01-23 00:00:00 UTC,0.883679266187775
2022-01-24 00:00:00 UTC,0.881649174716115
2022-01-25 00:00:00 UTC,0.887717309462968
2022-01-26 00:00:00 UTC,0.885953307163577
2022-01-27 00:00:00 UTC,0.891248506359345
2022-01-28 00:00:00 UTC,0.903699727474511
2022-01-29 00:00:00 UTC,0.89855444241129
2022-01-30 00:00:00 UTC,0.89973949674256
2022-01-31 00:00:00 UTC,0.89871869593036
2022-02-01 00:00:00 UTC,0.891888227181154
2022-02-02 00:00:00 UTC,0.888333423582889
2022-02-03 00:00:00 UTC,0.88656321919417
2022-02-04 00:00:00 UTC,0.875665149641315
2022-02-05 00:00:00 UTC,0.878256617031785
2022-02-06 00:00:00 UTC,0.873824925817277
2022-02-07 00:00:00 UTC,0.873508656695233
2022-02-08 00:00:00 UTC,0.875135118207307
2022-02-09 00:00:00 UTC,0.876815764946525
2022-02-10 00:00:00 UTC,0.8764930647386
2022-02-11 00:00:00 UTC,0.877683537434287
2022-02-12 00:00:00 UTC,0.882781571159226
2022-02-13 00:00:00 UTC,0.882796828992506
2022-02-14 00:00:00 UTC,0.880855604069195
2022-02-15 00:00:00 UTC,0.885422336888167
2022-02-16 00:00:00 UTC,0.880079664703853
2022-02-17 00:00:00 UTC,0.879902279421324
2022-02-18 00:00:00 UTC,0.880664401386818
2022-02-19 00:00:00 UTC,0.883600575112892
2022-02-20 00:00:00 UTC,0.885302256579583
2022-02-21 00:00:00 UTC,0.884545302428658
2022-02-22 00:00:00 UTC,0.88621883885372
2022-02-23 00:00:00 UTC,0.882196143243734
2022-02-24 00:00:00 UTC,0.88633652260188
2022-02-25 00:00:00 UTC,0.894607904866328
2022-02-26 00:00:00 UTC,0.889202218467638
2022-02-27 00:00:00 UTC,0.889346603710057
2022-02-28 00:00:00 UTC,0.896569987986323
2022-03-01 00:00:00 UTC,0.891598716257918
2022-03-02 00:00:00 UTC,0.898032183171231
2022-03-03 00:00:00 UTC,0.900714030270615
2022-03-04 00:00:00 UTC,0.904495704764001
2022-03-05 00:00:00 UTC,0.916303760028699
2022-03-06 00:00:00 UTC,0.916642315365156
2022-03-07 00:00:00 UTC,0.9211829812753
2022-03-08 00:00:00 UTC,0.92043770085375
2022-03-09 00:00:00 UTC,0.917917157971314
2022-03-10 00:00:00 UTC,0.90324018677189
2022-03-11 00:00:00 UTC,0.909124479873126
2022-03-12 00:00:00 UTC,0.91586151789857
2022-03-13 00:00:00 UTC,0.916223310632827
2022-03-14 00:00:00 UTC,0.915038768601998
2022-03-15 00:00:00 UTC,0.91355143259146
2022-03-16 00:00:00 UTC,0.912046357616171
2022-03-17 00:00:00 UTC,0.908167962428435
2022-03-18 00:00:00 UTC,0.902224967297615
2022-03-19 00:00:00 UTC,0.904930376963368
2022-03-20 00:00:00 UTC,0.903945224622968
2022-03-21 00:00:00 UTC,0.905318454213342
2022-03-22 00:00:00 UTC,0.907734170493572
2022-03-23 00:00:00 UTC,0.906321167819734
2022-03-24 00:00:00 UTC,0.907223810438493
2022-03-25 00:00:00 UTC,0.908078513621589
2022-03-26 00:00:00 UTC,0.910206887200091
2022-03-27 00:00:00 UTC,0.909933097550248
2022-03-28 00:00:00 UTC,0.909443218908666
2022-03-29 00:00:00 UTC,0.90731764702002
2022-03-30 00:00:00 UTC,0.90137395445469
2022-03-31 00:00:00 UTC,0.895512041431588
2022-04-01 00:00:00 UTC,0.903794491618907
2022-04-02 00:00:00 UTC,0.90535307033202
2022-04-03 00:00:00 UTC,0.90506520262126
2022-04-04 00:00:00 UTC,0.906216141804223
2022-04-05 00:00:00 UTC,0.91181720272147
2022-04-06 00:00:00 UTC,0.917601760551069
2022-04-07 00:00:00 UTC,0.917404104273716
2022-04-08 00:00:00 UTC,0.920760857780025
2022-04-09 00:00:00 UTC,0.920198580333084
2022-04-10 00:00:00 UTC,0.919991456704911
2022-04-11 00:00:00 UTC,0.919500409549538
2022-04-12 00:00:00 UTC,0.920189293031465
2022-04-13 00:00:00 UTC,0.925107661548416
2022-04-14 00:00:00 UTC,0.919270238462791
2022-04-15 00:00:00 UTC,0.925433534245307
2022-04-16 00:00:00 UTC,0.92538634278989
2022-04-17 00:00:00 UTC,0.925793474976178
2022-04-18 00:00:00 UTC,0.925538787167825
2022-04-19 00:00:00 UTC,0.928271431956038
2022-04-20 00:00:00 UTC,0.926242395726718
2022-04-21 00:00:00 UTC,0.921845041565702
2022-04-22 00:00:00 UTC,0.923484815505469
2022-04-23 00:00:00 UTC,0.927198965657052
2022-04-24 00:00:00 UTC,0.928008295809869
2022-04-25 00:00:00 UTC,0.925464255750427
2022-04-26 00:00:00 UTC,0.933604459115606
2022-04-27 00:00:00 UTC,0.939878941295652
2022-04-28 00:00:00 UTC,0.947199273596142
2022-04-29 00:00:00 UTC,0.951772368944979
2022-04-30 00:00:00 UTC,0.949592622993587
2022-05-01 00:00:00 UTC,0.951534351839068
2022-05-02 00:00:00 UTC,0.950090429190228
2022-05-03 00:00:00 UTC,0.95192682668722
2022-05-04 00:00:00 UTC,0.951199822404128
2022-05-05 00:00:00 UTC,0.941090694608423
2022-05-06 00:00:00 UTC,0.948925354876481
2022-05-07 00:00:00 UTC,0.948743743362298
2022-05-08 00:00:00 UTC,0.949566076047375
2022-05-09 00:00:00 UTC,0.950890254259846
2022-05-10 00:00:00 UTC,0.946850300960339
2022-05-11 00:00:00 UTC,0.950831854656018
2022-05-12 00:00:00 UTC,0.947486015033395
2022-05-13 00:00:00 UTC,0.961243334057269
2022-05-14 00:00:00 UTC,0.961025686424167
2022-05-15 00:00:00 UTC,0.963421986989983
2022-05-16 00:00:00 UTC,0.962035673373812
2022-05-17 00:00:00 UTC,0.95938173754451
2022-05-18 00:00:00 UTC,0.948624324429852
2022-05-19 00:00:00 UTC,0.955167879483332
2022-05-20 00:00:00 UTC,0.946080390422287
2022-05-21 00:00:00 UTC,0.947645437273363
2022-05-22 00:00:00 UTC,0.947243313983517
2022-05-23 00:00:00 UTC,0.946251006418697
2022-05-24 00:00:00 UTC,0.936288012953991
2022-05-25 00:00:00 UTC,0.931754130515878
2022-05-26 00:00:00 UTC,0.936030886885748
2022-05-27 00:00:00 UTC,0.932555034735978
2022-05-28 00:00:00 UTC,0.93231302710682
2022-05-29 00:00:00 UTC,0.933154755812301
2022-05-30 00:00:00 UTC,0.93232955199536
2022-05-31 00:00:00 UTC,0.928533673228331
2022-06-01 00:00:00 UTC,0.930694645609471
2022-06-02 00:00:00 UTC,0.938295597022666
2022-06-03 00:00:00 UTC,0.930534174838691
2022-06-04 00:00:00 UTC,0.933219109301159
2022-06-05 00:00:00 UTC,0.933875519119446
2022-06-06 00:00:00 UTC,0.932431583511534
2022-06-07 00:00:00 UTC,0.935735017418862
2022-06-08 00:00:00 UTC,0.936021589320974
2022-06-09 00:00:00 UTC,0.93376781844296
2022-06-10 00:00:00 UTC,0.941528475008962
2022-06-11 00:00:00 UTC,0.950969924591231
2022-06-12 00:00:00 UTC,0.950577072170055
2022-06-13 00:00:00 UTC,0.951676808990304
2022-06-14 00:00:00 UTC,0.963993437282884
2022-06-15 00:00:00 UTC,0.959050200867579
2022-06-16 00:00:00 UTC,0.95909149676045
2022-06-17 00:00:00 UTC,0.950390230884476
2022-06-18 00:00:00 UTC,0.953128687286953
2022-06-19 00:00:00 UTC,0.953634721389903
2022-06-20 00:00:00 UTC,0.953451337526674
2022-06-21 00:00:00 UTC,0.950476887243682
2022-06-22 00:00:00 UTC,0.948727717033999
2022-06-23 00:00:00 UTC,0.947665840397309
2022-06-24 00:00:00 UTC,0.950400512049181
2022-06-25 00:00:00 UTC,0.944777188734066
2022-06-26 00:00:00 UTC,0.94788160499604
2022-06-27 00:00:00 UTC,0.948443894940612
2022-06-28 00:00:00 UTC,0.945798378715061
2022-06-29 00:00:00 UTC,0.950571692384521
2022-06-30 00:00:00 UTC,0.958330656572285
2022-07-01 00:00:00 UTC,0.951567058102509
2022-07-02 00:00:00 UTC,0.960927698389218
2022-07-03 00:00:00 UTC,0.960280768870615
2022-07-04 00:00:00 UTC,0.959261450352004
2022-07-05 00:00:00 UTC,0.958195158228628
2022-07-06 00:00:00 UTC,0.973588088407146
2022-07-07 00:00:00 UTC,0.981258774368427
2022-07-08 00:00:00 UTC,0.984429791378096
2022-07-09 00:00:00 UTC,0.984490034673597
2022-07-10 00:00:00 UTC,0.982583548425806
2022-07-11 00:00:00 UTC,0.983537779044075
2022-07-12 00:00:00 UTC,0.995479991005023
2022-07-13 00:00:00 UTC,0.997256343782016
2022-07-14 00:00:00 UTC,0.997530023339571
2022-07-15 00:00:00 UTC,0.997546699060949
2022-07-16 00:00:00 UTC,0.990147793716482
2022-07-17 00:00:00 UTC,0.991591918452765
2022-07-18 00:00:00 UTC,0.990273912773557
2022-07-19 00:00:00 UTC,0.987467120567654
2022-07-20 00:00:00 UTC,0.977387741672067
2022-07-21 00:00:00 UTC,0.982240678380848
2022-07-22 00:00:00 UTC,0.978039940411982
2022-07-23 00:00:00 UTC,0.979484448393842
2022-07-24 00:00:00 UTC,0.980902841336661
2022-07-25 00:00:00 UTC,0.980179129021735
2022-07-26 00:00:00 UTC,0.980208023568457
2022-07-27 00:00:00 UTC,0.988274455621458
2022-07-28 00:00:00 UTC,0.979470628558469
2022-07-29 00:00:00 UTC,0.980349452511076
2022-07-30 00:00:00 UTC,0.978356716097924
2022-07-31 00:00:00 UTC,0.978386312629144
2022-08-01 00:00:00 UTC,0.980882164404666
2022-08-02 00:00:00 UTC,0.976944802042395
2022-08-03 00:00:00 UTC,0.987199051645146
2022-08-04 00:00:00 UTC,0.98590813741621
2022-08-05 00:00:00 UTC,0.97731992933175
2022-08-06 00:00:00 UTC,0.982468512991361
2022-08-07 00:00:00 UTC,0.982502822916907
2022-08-08 00:00:00 UTC,0.983090889538348
2022-08-09 00:00:00 UTC,0.98225485858773
2022-08-10 00:00:00 UTC,0.981595261833315
2022-08-11 00:00:00 UTC,0.971319926811993
2022-08-12 00:00:00 UTC,0.969045134602112
2022-08-13 00:00:00 UTC,0.976364580985447
2022-08-14 00:00:00 UTC,0.974989948039816
2022-08-15 00:00:00 UTC,0.974320921665742
2022-08-16 00:00:00 UTC,0.985836243448482
2022-08-17 00:00:00 UTC,0.983821521751706
2022-08-18 00:00:00 UTC,0.983309943610661
2022-08-19 00:00:00 UTC,0.992238359550841
2022-08-20 00:00:00 UTC,0.999736271484391
2022-08-21 00:00:00 UTC,0.997127484465153
2022-08-22 00:00:00 UTC,0.999072133661516
2022-08-23 00:00:00 UTC,1.00694227829065
2022-08-24 00:00:00 UTC,1.00468512873413
2022-08-25 00:00:00 UTC,1.00419425743192
2022-08-26 00:00:00 UTC,1.00387805915474
2022-08-27 00:00:00 UTC,1.00730525135396
2022-08-28 00:00:00 UTC,1.00413273373766
2022-08-29 00:00:00 UTC,1.00964199741516
2022-08-30 00:00:00 UTC,1.00065269304231
2022-08-31 00:00:00 UTC,0.997105554467325
2022-09-01 00:00:00 UTC,0.996041181166967
2022-09-02 00:00:00 UTC,1.00574789949242
2022-09-03 00:00:00 UTC,1.0051905333663
2022-09-04 00:00:00 UTC,1.00604243352221
2022-09-05 00:00:00 UTC,1.00887248688796
2022-09-06 00:00:00 UTC,1.00267208656273
2022-09-07 00:00:00 UTC,1.01082661655853
2022-09-08 00:00:00 UTC,1.000553129454
2022-09-09 00:00:00 UTC,0.999325887370225
2022-09-10 00:00:00 UTC,0.985930773445881
2022-09-11 00:00:00 UTC,0.986186027539621
2022-09-12 00:00:00 UTC,0.991355626117935
2022-09-13 00:00:00 UTC,0.985819737161588
2022-09-14 00:00:00 UTC,1.00184164951844
2022-09-15 00:00:00 UTC,1.00238359376601
2022-09-16 00:00:00 UTC,1.0012852691451
2022-09-17 00:00:00 UTC,0.998137482263992
2022-09-18 00:00:00 UTC,0.998647157193569
2022-09-19 00:00:00 UTC,0.999582020130722
2022-09-20 00:00:00 UTC,0.997198952233875
2022-09-21 00:00:00 UTC,1.0028902333766
2022-09-22 00:00:00 UTC,1.01789068307518
2022-09-23 00:00:00 UTC,1.01672082463075
2022-09-24 00:00:00 UTC,1.03270123327565
2022-09-25 00:00:00 UTC,1.0325227257761
2022-09-26 00:00:00 UTC,1.03299279661513
2022-09-27 00:00:00 UTC,1.04127398580999
2022-09-28 00:00:00 UTC,1.04305290292304
2022-09-29 00:00:00 UTC,1.03168705104016
2022-09-30 00:00:00 UTC,1.01701444163838
2022-10-01 00:00:00 UTC,1.02108578772362
2022-10-02 00:00:00 UTC,1.02059136540328
2022-10-03 00:00:00 UTC,1.02329791545289
2022-10-04 00:00:00 UTC,1.01697845579341
2022-10-05 00:00:00 UTC,1.0019267301362
2022-10-06 00:00:00 UTC,1.00945130156076
2022-10-07 00:00:00 UTC,1.02197444379128
2022-10-08 00:00:00 UTC,1.02754314986398
2022-10-09 00:00:00 UTC,1.02641594106929
2022-10-10 00:00:00 UTC,1.02780648992152
2022-10-11 00:00:00 UTC,1.02992915100389
2022-10-12 00:00:00 UTC,1.03128943835006
2022-10-13 00:00:00 UTC,1.0300994973029
2022-10-14 00:00:00 UTC,1.02397502634125
2022-10-15 00:00:00 UTC,1.02945037265019
2022-10-16 00:00:00 UTC,1.0288180619846
2022-10-17 00:00:00 UTC,1.02658380063901
2022-10-18 00:00:00 UTC,1.01565812387042
2022-10-19 00:00:00 UTC,1.01369446047893
2022-10-20 00:00:00 UTC,1.02472168466587
2022-10-21 00:00:00 UTC,1.02257143805517
2022-10-22 00:00:00 UTC,1.01422061907901
2022-10-23 00:00:00 UTC,1.01438788874911
2022-10-24 00:00:00 UTC,1.01284560624659
2022-10-25 00:00:00 UTC,1.01023440363038
2022-10-26 00:00:00 UTC,1.00372939672012
2022-10-27 00:00:00 UTC,0.991056762092958
2022-10-28 00:00:00 UTC,1.00281414963603
2022-10-29 00:00:00 UTC,1.00312844530483
2022-10-30 00:00:00 UTC,1.00345700547985
2022-10-31 00:00:00 UTC,1.00432711832295
2022-11-01 00:00:00 UTC,1.01116983481365
2022-11-02 00:00:00 UTC,1.01269395534175
2022-11-03 00:00:00 UTC,1.01908834365261
2022-11-04 00:00:00 UTC,1.02612376763595
2022-11-05 00:00:00 UTC,1.00167066416432
2022-11-06 00:00:00 UTC,1.00138589663942
2022-11-07 00:00:00 UTC,1.0066447357742
2022-11-08 00:00:00 UTC,0.998643463467831
2022-11-09 00:00:00 UTC,0.992215507552396
2022-11-10 00:00:00 UTC,0.991802670251014
2022-11-11 00:00:00 UTC,0.981378213365605
2022-11-12 00:00:00 UTC,0.967646330261397
2022-11-13 00:00:00 UTC,0.964976505693126
2022-11-14 00:00:00 UTC,0.968378471908641
2022-11-15 00:00:00 UTC,0.969958168764574
2022-11-16 00:00:00 UTC,0.966693096846859
2022-11-17 00:00:00 UTC,0.96335041878648
2022-11-18 00:00:00 UTC,0.96665219547553
2022-11-19 00:00:00 UTC,0.967027671498457
2022-11-20 00:00:00 UTC,0.966801785035834
2022-11-21 00:00:00 UTC,0.969193184957626
2022-11-22 00:00:00 UTC,0.977245834331663
2022-11-23 00:00:00 UTC,0.969242668522425
2022-11-24 00:00:00 UTC,0.960635713671141
2022-11-25 00:00:00 UTC,0.961327876182816
2022-11-26 00:00:00 UTC,0.959980144873037
2022-11-27 00:00:00 UTC,0.959966159277901
2022-11-28 00:00:00 UTC,0.965206524821474
2022-11-29 00:00:00 UTC,0.967150048718084
2022-11-30 00:00:00 UTC,0.968741315137458
2022-12-01 00:00:00 UTC,0.960140020578354
2022-12-02 00:00:00 UTC,0.950450271006124
2022-12-03 00:00:00 UTC,0.949507094990528
2022-12-04 00:00:00 UTC,0.949957609191117
2022-12-05 00:00:00 UTC,0.949752734655525
2022-12-06 00:00:00 UTC,0.953311284974415
2022-12-07 00:00:00 UTC,0.955974439598815
2022-12-08 00:00:00 UTC,0.951462408192591
2022-12-09 00:00:00 UTC,0.947166303464375
2022-12-10 00:00:00 UTC,0.949177084120716
2022-12-11 00:00:00 UTC,0.948321268171059
2022-12-12 00:00:00 UTC,0.950844669861247
2022-12-13 00:00:00 UTC,0.948061875851499
2022-12-14 00:00:00 UTC,0.940657726075022
2022-12-15 00:00:00 UTC,0.936853300806013
2022-12-16 00:00:00 UTC,0.938896732175578
2022-12-17 00:00:00 UTC,0.94241586478147
2022-12-18 00:00:00 UTC,0.945117811241185
2022-12-19 00:00:00 UTC,0.945254491852411
2022-12-20 00:00:00 UTC,0.941752740336625
2022-12-21 00:00:00 UTC,0.941292363557969
2022-12-22 00:00:00 UTC,0.943203792741748
2022-12-23 00:00:00 UTC,0.943687886424503
2022-12-24 00:00:00 UTC,0.937926017359875
2022-12-25 00:00:00 UTC,0.937919514482289
2022-12-26 00:00:00 UTC,0.942792187134599
2022-12-27 00:00:00 UTC,0.939763526734048
2022-12-28 00:00:00 UTC,0.940081693326523
2022-12-29 00:00:00 UTC,0.940705258766801
2022-12-30 00:00:00 UTC,0.938352549434976
2022-12-31 00:00:00 UTC,0.932345426271386
2023-01-01 00:00:00 UTC,0.932388631183333
2023-01-02 00:00:00 UTC,0.926877216496182
2023-01-03 00:00:00 UTC,0.937159584618897
2023-01-04 00:00:00 UTC,0.948381222478256
2023-01-05 00:00:00 UTC,0.942532876842287
2023-01-06 00:00:00 UTC,0.950444615736156
2023-01-07 00:00:00 UTC,0.937752210729827
2023-01-08 00:00:00 UTC,0.938238063679991
2023-01-09 00:00:00 UTC,0.938889881591786
2023-01-10 00:00:00 UTC,0.93236380555123
2023-01-11 00:00:00 UTC,0.931411432159206
2023-01-12 00:00:00 UTC,0.929854162986338
2023-01-13 00:00:00 UTC,0.921195333350134
2023-01-14 00:00:00 UTC,0.922510068055566
2023-01-15 00:00:00 UTC,0.922673787708035
2023-01-16 00:00:00 UTC,0.924020985220358
2023-01-17 00:00:00 UTC,0.923529567928402
2023-01-18 00:00:00 UTC,0.926630353149529
2023-01-19 00:00:00 UTC,0.927339640697538
2023-01-20 00:00:00 UTC,0.923245925858122
2023-01-21 00:00:00 UTC,0.920072157728113
2023-01-22 00:00:00 UTC,0.919359774874599
2023-01-23 00:00:00 UTC,0.921220403086675
2023-01-24 00:00:00 UTC,0.921516926142774
2023-01-25 00:00:00 UTC,0.918127300798626
2023-01-26 00:00:00 UTC,0.917373254209779
2023-01-27 00:00:00 UTC,0.918234017710435
2023-01-28 00:00:00 UTC,0.920969647584029
2023-01-29 00:00:00 UTC,0.92057478707861
2023-01-30 00:00:00 UTC,0.921033962394913
2023-01-31 00:00:00 UTC,0.922998937593705
2023-02-01 00:00:00 UTC,0.921381537329524
2023-02-02 00:00:00 UTC,0.909215795176178
2023-02-03 00:00:00 UTC,0.918933676754332
2023-02-04 00:00:00 UTC,0.925785938249049
2023-02-05 00:00:00 UTC,0.926056410706602
2023-02-06 00:00:00 UTC,0.927398430638456
2023-02-07 00:00:00 UTC,0.932390916866646
2023-02-08 00:00:00 UTC,0.932723515911688
2023-02-09 00:00:00 UTC,0.933360248618128
2023-02-10 00:00:00 UTC,0.931703338158249
2023-02-11 00:00:00 UTC,0.935469947139756
2023-02-12 00:00:00 UTC,0.936725966546523
2023-02-13 00:00:00 UTC,0.937171684914068
2023-02-14 00:00:00 UTC,0.932370442804628
2023-02-15 00:00:00 UTC,0.931976426743612
2023-02-16 00:00:00 UTC,0.935344315396827
2023-02-17 00:00:00 UTC,0.942680357705779
2023-02-18 00:00:00 UTC,0.933270310992188
2023-02-19 00:00:00 UTC,0.93362441991427
2023-02-20 00:00:00 UTC,0.935058013515003
2023-02-21 00:00:00 UTC,0.935194296574584
2023-02-22 00:00:00 UTC,0.939203847642164
2023-02-23 00:00:00 UTC,0.942357457356631
2023-02-24 00:00:00 UTC,0.944195322828284
2023-02-25 00:00:00 UTC,0.944591892014754
2023-02-26 00:00:00 UTC,0.946048675805581
2023-02-27 00:00:00 UTC,0.947468850660908
2023-02-28 00:00:00 UTC,0.943097226793494
2023-03-01 00:00:00 UTC,0.943966185859287
2023-03-02 00:00:00 UTC,0.937155187262353
2023-03-03 00:00:00 UTC,0.943404771671107
2023-03-04 00:00:00 UTC,0.940420942696604
2023-03-05 00:00:00 UTC,0.941047166493844
2023-03-06 00:00:00 UTC,0.941076158187568
2023-03-07 00:00:00 UTC,0.936139055614869
2023-03-08 00:00:00 UTC,0.948798334490457
2023-03-09 00:00:00 UTC,0.947938551765951
2023-03-10 00:00:00 UTC,0.946449826443741
2023-03-11 00:00:00 UTC,0.939304283748188
2023-03-12 00:00:00 UTC,0.942023410703515
2023-03-13 00:00:00 UTC,0.94239999387611
2023-03-14 00:00:00 UTC,0.935861461708081
2023-03-15 00:00:00 UTC,0.935918969299452
2023-03-16 00:00:00 UTC,0.950913724495897
2023-03-17 00:00:00 UTC,0.948601966986017
2023-03-18 00:00:00 UTC,0.930050000000003
2023-03-19 00:00:00 UTC,0.928031000000007
2023-03-20 00:00:00 UTC,0.942469184301621
2023-03-21 00:00:00 UTC,0.941586787275388
2023-03-22 00:00:00 UTC,0.934891787287179
2023-03-23 00:00:00 UTC,0.927207426257499
2023-03-24 00:00:00 UTC,0.92742761498348
2023-03-25 00:00:00 UTC,0.929730817782389
2023-03-26 00:00:00 UTC,0.9350056890132
2023-03-27 00:00:00 UTC,0.929107265732536
2023-03-28 00:00:00 UTC,0.927243711531251
2023-03-29 00:00:00 UTC,0.923434057816453
2023-03-30 00:00:00 UTC,0.922707856938662
2023-03-31 00:00:00 UTC,0.917709798599105
2023-04-01 00:00:00 UTC,0.920993889703763
2023-04-02 00:00:00 UTC,0.921267559080207
2023-04-03 00:00:00 UTC,0.927312204652049
2023-04-04 00:00:00 UTC,0.91694796521556
2023-04-05 00:00:00 UTC,0.913434826371703
2023-04-06 00:00:00 UTC,0.917241529644545
2023-04-07 00:00:00 UTC,0.916429146003409
2023-04-08 00:00:00 UTC,0.910405666408286
2023-04-09 00:00:00 UTC,0.910475023638323
2023-04-10 00:00:00 UTC,0.917692179518524
2023-04-11 00:00:00 UTC,0.921108232354389
2023-04-12 00:00:00 UTC,0.917030124509887
2023-04-13 00:00:00 UTC,0.909772210301048
2023-04-14 00:00:00 UTC,0.906547090970893
2023-04-15 00:00:00 UTC,0.901621441274532
2023-04-16 00:00:00 UTC,0.901328192450718
2023-04-17 00:00:00 UTC,0.911156548275026
2023-04-18 00:00:00 UTC,0.916664444419991
2023-04-19 00:00:00 UTC,0.911622081294296
2023-04-20 00:00:00 UTC,0.914442077956662
2023-04-21 00:00:00 UTC,0.912052280983549
2023-04-22 00:00:00 UTC,0.902240022699988
2023-04-23 00:00:00 UTC,0.902988215179496
2023-04-24 00:00:00 UTC,0.910686586709544
2023-04-25 00:00:00 UTC,0.905224395683007
2023-04-26 00:00:00 UTC,0.912197338507381
2023-04-27 00:00:00 UTC,0.905626743700509
2023-04-28 00:00:00 UTC,0.907649488851107
2023-04-29 00:00:00 UTC,0.899413420323413
2023-04-30 00:00:00 UTC,0.899529976909252
2023-05-01 00:00:00 UTC,0.909461553224124
2023-05-02 00:00:00 UTC,0.912749487672588
2023-05-03 00:00:00 UTC,0.909306323337168
2023-05-04 00:00:00 UTC,0.903586046629646
2023-05-05 00:00:00 UTC,0.907679334478972
2023-05-06 00:00:00 UTC,0.893846934911852
2023-05-07 00:00:00 UTC,0.893563379827739
2023-05-08 00:00:00 UTC,0.908748032326132
2023-05-09 00:00:00 UTC,0.910122372718527
2023-05-10 00:00:00 UTC,0.910888500404648
2023-05-11 00:00:00 UTC,0.910322393222453
2023-05-12 00:00:00 UTC,0.916262260149803
2023-05-13 00:00:00 UTC,0.915068699845942
2023-05-14 00:00:00 UTC,0.914927446921821
2023-05-15 00:00:00 UTC,0.921598989174545
2023-05-16 00:00:00 UTC,0.921090543593785
2023-05-17 00:00:00 UTC,0.920592629366975
2023-05-18 00:00:00 UTC,0.922078248720662
2023-05-19 00:00:00 UTC,0.927458804372129
2023-05-20 00:00:00 UTC,0.924872925276285
2023-05-21 00:00:00 UTC,0.924536886687816
2023-05-22 00:00:00 UTC,0.924577724069714
2023-05-23 00:00:00 UTC,0.925290943354646
2023-05-24 00:00:00 UTC,0.928627564112051
2023-05-25 00:00:00 UTC,0.929377988039468
2023-05-26 00:00:00 UTC,0.932422430777466
2023-05-27 00:00:00 UTC,0.93247385912355
2023-05-28 00:00:00 UTC,0.931987409852511
2023-05-29 00:00:00 UTC,0.932743033410228
2023-05-30 00:00:00 UTC,0.934261816553886
2023-05-31 00:00:00 UTC,0.932072002742303
2023-06-01 00:00:00 UTC,0.935498608132045
2023-06-02 00:00:00 UTC,0.929531435180746
2023-06-03 00:00:00 UTC,0.933751491791935
2023-06-04 00:00:00 UTC,0.933748455836177
2023-06-05 00:00:00 UTC,0.937185275442033
2023-06-06 00:00:00 UTC,0.935037080771761
2023-06-07 00:00:00 UTC,0.935324971960766
2023-06-08 00:00:00 UTC,0.933827505435928
2023-06-09 00:00:00 UTC,0.927112481685044
2023-06-10 00:00:00 UTC,0.930258870437944
2023-06-11 00:00:00 UTC,0.930434549412753
2023-06-12 00:00:00 UTC,0.93061347602671
2023-06-13 00:00:00 UTC,0.929471209260123
2023-06-14 00:00:00 UTC,0.925964019163605
2023-06-15 00:00:00 UTC,0.921549660246385
2023-06-16 00:00:00 UTC,0.912673237861733
2023-06-17 00:00:00 UTC,0.912120909006942
2023-06-18 00:00:00 UTC,0.911702462274481
2023-06-19 00:00:00 UTC,0.913676137038697
2023-06-20 00:00:00 UTC,0.915558724549305
2023-06-21 00:00:00 UTC,0.914911655991375
2023-06-22 00:00:00 UTC,0.910439473204311
2023-06-23 00:00:00 UTC,0.91339817245128
2023-06-24 00:00:00 UTC,0.916690251296347
2023-06-25 00:00:00 UTC,0.916849412126713
2023-06-26 00:00:00 UTC,0.916693828588131
2023-06-27 00:00:00 UTC,0.91683023457169
2023-06-28 00:00:00 UTC,0.912494911056289
2023-06-29 00:00:00 UTC,0.915385832202973
2023-06-30 00:00:00 UTC,0.920527722977738
2023-07-01 00:00:00 UTC,0.915680330827176
2023-07-02 00:00:00 UTC,0.916218049933474
2023-07-03 00:00:00 UTC,0.915732900149971
2023-07-04 00:00:00 UTC,0.916122698955077
2023-07-05 00:00:00 UTC,0.918765513340786
2023-07-06 00:00:00 UTC,0.920516885932437
2023-07-07 00:00:00 UTC,0.918197212998456
2023-07-08 00:00:00 UTC,0.911771456578831
2023-07-09 00:00:00 UTC,0.911797862667552
2023-07-10 00:00:00 UTC,0.911635310032896
2023-07-11 00:00:00 UTC,0.908862315867792
2023-07-12 00:00:00 UTC,0.908094657429541
2023-07-13 00:00:00 UTC,0.898157540293912
2023-07-14 00:00:00 UTC,0.891256881500873
2023-07-15 00:00:00 UTC,0.890028484982563
2023-07-16 00:00:00 UTC,0.890538220635514
2023-07-17 00:00:00 UTC,0.891103312513635
2023-07-18 00:00:00 UTC,0.889596441288964
2023-07-19 00:00:00 UTC,0.89111137575565
2023-07-20 00:00:00 UTC,0.892743386777468
2023-07-21 00:00:00 UTC,0.898045913762347
2023-07-22 00:00:00 UTC,0.898295255892185
2023-07-23 00:00:00 UTC,0.898368500209968
2023-07-24 00:00:00 UTC,0.8987596890976
2023-07-25 00:00:00 UTC,0.904058983120764
2023-07-26 00:00:00 UTC,0.904573702446989
2023-07-27 00:00:00 UTC,0.903367522061229
2023-07-28 00:00:00 UTC,0.91044383365473
2023-07-29 00:00:00 UTC,0.906450491462219
2023-07-30 00:00:00 UTC,0.906476915782096
2023-07-31 00:00:00 UTC,0.907190720181477
2023-08-01 00:00:00 UTC,0.909176909291578
2023-08-02 00:00:00 UTC,0.90792297065591
2023-08-03 00:00:00 UTC,0.913048304723783
2023-08-04 00:00:00 UTC,0.911893575832211
2023-08-05 00:00:00 UTC,0.905966684504872
2023-08-06 00:00:00 UTC,0.906034189509067
2023-08-07 00:00:00 UTC,0.907393868818126
2023-08-08 00:00:00 UTC,0.907705001726
2023-08-09 00:00:00 UTC,0.912455266843704
2023-08-10 00:00:00 UTC,0.9107086478585
2023-08-11 00:00:00 UTC,0.909288752705744
2023-08-12 00:00:00 UTC,0.9117306406804
2023-08-13 00:00:00 UTC,0.912131568964336
2023-08-14 00:00:00 UTC,0.913191797353282
2023-08-15 00:00:00 UTC,0.915641728519618
2023-08-16 00:00:00 UTC,0.91608816160288
2023-08-17 00:00:00 UTC,0.919183256628005
2023-08-18 00:00:00 UTC,0.916085991183787
2023-08-19 00:00:00 UTC,0.917747397988786
2023-08-20 00:00:00 UTC,0.918539368809743
2023-08-21 00:00:00 UTC,0.918921491133883
2023-08-22 00:00:00 UTC,0.917200021268273
2023-08-23 00:00:00 UTC,0.922022931527529
2023-08-24 00:00:00 UTC,0.921444112237952
2023-08-25 00:00:00 UTC,0.925206862251589
2023-08-26 00:00:00 UTC,0.925893888106633
2023-08-27 00:00:00 UTC,0.926037484693863
2023-08-28 00:00:00 UTC,0.925832391393267
2023-08-29 00:00:00 UTC,0.923375242435639
2023-08-30 00:00:00 UTC,0.919765066020169
2023-08-31 00:00:00 UTC,0.914714335437323
2023-09-01 00:00:00 UTC,0.921867956414353
2023-09-02 00:00:00 UTC,0.926450059917012
2023-09-03 00:00:00 UTC,0.926702731994762
2023-09-04 00:00:00 UTC,0.926552135010144
2023-09-05 00:00:00 UTC,0.926054137060331
2023-09-06 00:00:00 UTC,0.931872025860481
2023-09-07 00:00:00 UTC,0.931893968547674
2023-09-08 00:00:00 UTC,0.934828384074773
2023-09-09 00:00:00 UTC,0.933948356200892
2023-09-10 00:00:00 UTC,0.933594544753987
2023-09-11 00:00:00 UTC,0.93259721430876
2023-09-12 00:00:00 UTC,0.930078876177887
2023-09-13 00:00:00 UTC,0.930425496764534
2023-09-14 00:00:00 UTC,0.931716434527753
2023-09-15 00:00:00 UTC,0.940305960333894
2023-09-16 00:00:00 UTC,0.937058249600337
2023-09-17 00:00:00 UTC,0.937317227189162
2023-09-18 00:00:00 UTC,0.937685132401652
2023-09-19 00:00:00 UTC,0.935166968227674
2023-09-20 00:00:00 UTC,0.936056244428775
2023-09-21 00:00:00 UTC,0.938367235825186
2023-09-22 00:00:00 UTC,0.937846441141297
2023-09-23 00:00:00 UTC,0.937858229613892
2023-09-24 00:00:00 UTC,0.937792601698607
2023-09-25 00:00:00 UTC,0.939157714168419
2023-09-26 00:00:00 UTC,0.943769029831589
2023-09-27 00:00:00 UTC,0.945686360292052
2023-09-28 00:00:00 UTC,0.951487365097189
2023-09-29 00:00:00 UTC,0.946393168417895
2023-09-30 00:00:00 UTC,0.945019292120569
2023-10-01 00:00:00 UTC,0.945227080408599
2023-10-02 00:00:00 UTC,0.946490210351204
2023-10-03 00:00:00 UTC,0.954247752590589
2023-10-04 00:00:00 UTC,0.955436523340479
2023-10-05 00:00:00 UTC,0.951806237024018
2023-10-06 00:00:00 UTC,0.94784662726621
2023-10-07 00:00:00 UTC,0.94485172659735
2023-10-08 00:00:00 UTC,0.94466138566125
2023-10-09 00:00:00 UTC,0.947070693001587
2023-10-10 00:00:00 UTC,0.945476642880546
2023-10-11 00:00:00 UTC,0.942888263943187
2023-10-12 00:00:00 UTC,0.940835456892841
2023-10-13 00:00:00 UTC,0.948605809400443
2023-10-14 00:00:00 UTC,0.950983223542036
2023-10-15 00:00:00 UTC,0.951432709876549
2023-10-16 00:00:00 UTC,0.950180873883309
2023-10-17 00:00:00 UTC,0.948152552104974
2023-10-18 00:00:00 UTC,0.946216479036265
2023-10-19 00:00:00 UTC,0.949189618846088
2023-10-20 00:00:00 UTC,0.945511350811901
2023-10-21 00:00:00 UTC,0.943794976619326
2023-10-22 00:00:00 UTC,0.943900314665992
2023-10-23 00:00:00 UTC,0.945000815212074
2023-10-24 00:00:00 UTC,0.938658952290281
2023-10-25 00:00:00 UTC,0.944001502400452
2023-10-26 00:00:00 UTC,0.947130490087281
2023-10-27 00:00:00 UTC,0.947153650012247
2023-10-28 00:00:00 UTC,0.945676476273176
2023-10-29 00:00:00 UTC,0.946096200043517
2023-10-30 00:00:00 UTC,0.947250664668439
2023-10-31 00:00:00 UTC,0.942707837069501
2023-11-01 00:00:00 UTC,0.946071169851742
2023-11-02 00:00:00 UTC,0.945192155952858
2023-11-03 00:00:00 UTC,0.941890993758506
2023-11-04 00:00:00 UTC,0.931840282996416
2023-11-05 00:00:00 UTC,0.931774562658484
2023-11-06 00:00:00 UTC,0.932328738873582
2023-11-07 00:00:00 UTC,0.933416887534689
2023-11-08 00:00:00 UTC,0.935511454594922
2023-11-09 00:00:00 UTC,0.933387366840417
2023-11-10 00:00:00 UTC,0.937941363720334
2023-11-11 00:00:00 UTC,0.935118351713435
2023-11-12 00:00:00 UTC,0.93580350209134
2023-11-13 00:00:00 UTC,0.935885972559405
2023-11-14 00:00:00 UTC,0.934642850054386
2023-11-15 00:00:00 UTC,0.919090480595121
2023-11-16 00:00:00 UTC,0.922199329442282
2023-11-17 00:00:00 UTC,0.921214593591017
2023-11-18 00:00:00 UTC,0.916155970773034
2023-11-19 00:00:00 UTC,0.916692520470253
2023-11-20 00:00:00 UTC,0.916423978388208
2023-11-21 00:00:00 UTC,0.914107684189869
2023-11-22 00:00:00 UTC,0.916603491431921
2023-11-23 00:00:00 UTC,0.918925477637379
2023-11-24 00:00:00 UTC,0.9168642618963
2023-11-25 00:00:00 UTC,0.91449880684192
2023-11-26 00:00:00 UTC,0.914021814222731
2023-11-27 00:00:00 UTC,0.914278788748168
2023-11-28 00:00:00 UTC,0.913174957607368
2023-11-29 00:00:00 UTC,0.909411292248592
2023-11-30 00:00:00 UTC,0.911296864561054
2023-12-01 00:00:00 UTC,0.917448737838453
2023-12-02 00:00:00 UTC,0.918569608372472
2023-12-03 00:00:00 UTC,0.919183954018925
2023-12-04 00:00:00 UTC,0.918151289575387
2023-12-05 00:00:00 UTC,0.923018464427221
2023-12-06 00:00:00 UTC,0.92666776952257
2023-12-07 00:00:00 UTC,0.928543183399668
2023-12-08 00:00:00 UTC,0.92659351378526
2023-12-09 00:00:00 UTC,0.929172534169178
2023-12-10 00:00:00 UTC,0.929157116038549
2023-12-11 00:00:00 UTC,0.929138520572496
2023-12-12 00:00:00 UTC,0.928614857539138
2023-12-13 00:00:00 UTC,0.925204066051667
2023-12-14 00:00:00 UTC,0.919010176017771
2023-12-15 00:00:00 UTC,0.909855232555398
2023-12-16 00:00:00 UTC,0.917075691580197
2023-12-17 00:00:00 UTC,0.916570984979599
2023-12-18 00:00:00 UTC,0.917365115806764
2023-12-19 00:00:00 UTC,0.915313761647241
2023-12-20 00:00:00 UTC,0.91057522060586
2023-12-21 00:00:00 UTC,0.913601686957682
2023-12-22 00:00:00 UTC,0.908624030401848
2023-12-23 00:00:00 UTC,0.907586531986034
2023-12-24 00:00:00 UTC,0.907182380727083
2023-12-25 00:00:00 UTC,0.90733269330176
2023-12-26 00:00:00 UTC,0.907617559616756
2023-12-27 00:00:00 UTC,0.90591016955256
2023-12-28 00:00:00 UTC,0.900353521790195
2023-12-29 00:00:00 UTC,0.903707215890147
2023-12-30 00:00:00 UTC,0.904745985800777
2023-12-31 00:00:00 UTC,0.904736479002639
2024-01-01 00:00:00 UTC,0.905503462868946
2024-01-02 00:00:00 UTC,0.906953703180526
2024-01-03 00:00:00 UTC,0.915767482894721
2024-01-04 00:00:00 UTC,0.91613180098488
2024-01-05 00:00:00 UTC,0.914318444615906
2024-01-06 00:00:00 UTC,0.913488905360923
2024-01-07 00:00:00 UTC,0.913345014974857
2024-01-08 00:00:00 UTC,0.915863946672583
2024-01-09 00:00:00 UTC,0.913561996037027
2024-01-10 00:00:00 UTC,0.915061145782529
2024-01-11 00:00:00 UTC,0.911276281506011
2024-01-12 00:00:00 UTC,0.909444943685144
2024-01-13 00:00:00 UTC,0.913125061111977
2024-01-14 00:00:00 UTC,0.912701141590086
2024-01-15 00:00:00 UTC,0.910071743954775
2024-01-16 00:00:00 UTC,0.913531775076816
2024-01-17 00:00:00 UTC,0.91925894968336
2024-01-18 00:00:00 UTC,0.918291600569565
2024-01-19 00:00:00 UTC,0.918566506410872
2024-01-20 00:00:00 UTC,0.916433701534478
2024-01-21 00:00:00 UTC,0.915963658514733
2024-01-22 00:00:00 UTC,0.917319757111457
2024-01-23 00:00:00 UTC,0.916606431867914
2024-01-24 00:00:00 UTC,0.921596462550534
2024-01-25 00:00:00 UTC,0.918237821399947
2024-01-26 00:00:00 UTC,0.921803453427425
2024-01-27 00:00:00 UTC,0.920202887867641
2024-01-28 00:00:00 UTC,0.920379003982995
2024-01-29 00:00:00 UTC,0.921963131653008
2024-01-30 00:00:00 UTC,0.922811792538032
2024-01-31 00:00:00 UTC,0.922888898535578
2024-02-01 00:00:00 UTC,0.924175741503295
2024-02-02 00:00:00 UTC,0.919650489170632
2024-02-03 00:00:00 UTC,0.925823422857529
2024-02-04 00:00:00 UTC,0.926041333068847
2024-02-05 00:00:00 UTC,0.927897295082568
2024-02-06 00:00:00 UTC,0.929778225379075
2024-02-07 00:00:00 UTC,0.929096996500994
2024-02-08 00:00:00 UTC,0.928486686173914
2024-02-09 00:00:00 UTC,0.928033313766144
2024-02-10 00:00:00 UTC,0.927564328260707
2024-02-11 00:00:00 UTC,0.927325998131108
2024-02-12 00:00:00 UTC,0.926829126690618
2024-02-13 00:00:00 UTC,0.929012388038533
2024-02-14 00:00:00 UTC,0.934484313927639
2024-02-15 00:00:00 UTC,0.931928258653808
2024-02-16 00:00:00 UTC,0.929249012413382
2024-02-17 00:00:00 UTC,0.928929747033246
2024-02-18 00:00:00 UTC,0.928472748961612
2024-02-19 00:00:00 UTC,0.928398981977001
2024-02-20 00:00:00 UTC,0.927888567351025
2024-02-21 00:00:00 UTC,0.925531651232234
2024-02-22 00:00:00 UTC,0.925282571476356
2024-02-23 00:00:00 UTC,0.923577158055493
2024-02-24 00:00:00 UTC,0.922909800230843
2024-02-25 00:00:00 UTC,0.922630057497452
2024-02-26 00:00:00 UTC,0.924274072286861
2024-02-27 00:00:00 UTC,0.921779664287264
2024-02-28 00:00:00 UTC,0.922719307635177
2024-02-29 00:00:00 UTC,0.921450803017788
2024-03-01 00:00:00 UTC,0.924477882469027
2024-03-02 00:00:00 UTC,0.922355067943088
2024-03-03 00:00:00 UTC,0.922743490100854
2024-03-04 00:00:00 UTC,0.923682944071513
2024-03-05 00:00:00 UTC,0.923419888807232
2024-03-06 00:00:00 UTC,0.922532640250145
2024-03-07 00:00:00 UTC,0.91883796025687
2024-03-08 00:00:00 UTC,0.913363402659121
2024-03-09 00:00:00 UTC,0.916131970277764
2024-03-10 00:00:00 UTC,0.915776615000578
2024-03-11 00:00:00 UTC,0.915365090824227
2024-03-12 00:00:00 UTC,0.914936583755462
2024-03-13 00:00:00 UTC,0.91497652521494
2024-03-14 00:00:00 UTC,0.913589083055644
2024-03-15 00:00:00 UTC,0.918055128647986
2024-03-16 00:00:00 UTC,0.917406276346243
2024-03-17 00:00:00 UTC,0.915733269837144
2024-03-18 00:00:00 UTC,0.918681146874585
2024-03-19 00:00:00 UTC,0.918922814152091
2024-03-20 00:00:00 UTC,0.920337998102352
2024-03-21 00:00:00 UTC,0.914003757134322
2024-03-22 00:00:00 UTC,0.920889321031158
2024-03-23 00:00:00 UTC,0.921431408020959
2024-03-24 00:00:00 UTC,0.920100617643365
2024-03-25 00:00:00 UTC,0.925520895828937
2024-03-26 00:00:00 UTC,0.922635438467708
2024-03-27 00:00:00 UTC,0.924422846456588
2024-03-28 00:00:00 UTC,0.926184636865432
2024-03-29 00:00:00 UTC,0.926125951598546
2024-03-30 00:00:00 UTC,0.926080627055875
2024-03-31 00:00:00 UTC,0.926453582694544
2024-04-01 00:00:00 UTC,0.926570303640059
2024-04-02 00:00:00 UTC,0.931448491846835
2024-04-03 00:00:00 UTC,0.929257886455029
2024-04-04 00:00:00 UTC,0.922760397097821
2024-04-05 00:00:00 UTC,0.92318312624393
2024-04-06 00:00:00 UTC,0.922579352292053
2024-04-07 00:00:00 UTC,0.921125978752035
2024-04-08 00:00:00 UTC,0.923333609134838
2024-04-09 00:00:00 UTC,0.920562979902902
2024-04-10 00:00:00 UTC,0.920708772178191
2024-04-11 00:00:00 UTC,0.930945120326238
2024-04-12 00:00:00 UTC,0.932386691443912
2024-04-13 00:00:00 UTC,0.938714647330332
2024-04-14 00:00:00 UTC,0.938437130011722
2024-04-15 00:00:00 UTC,0.940111380988778
2024-04-16 00:00:00 UTC,0.94085161842799
2024-04-17 00:00:00 UTC,0.941366101281509
2024-04-18 00:00:00 UTC,0.937099657108665
2024-04-19 00:00:00 UTC,0.939725933006841
2024-04-20 00:00:00 UTC,0.938112916125825
2024-04-21 00:00:00 UTC,0.938278341357791
2024-04-22 00:00:00 UTC,0.938175065657936
2024-04-23 00:00:00 UTC,0.938574026099176
2024-04-24 00:00:00 UTC,0.934765127831043
2024-04-25 00:00:00 UTC,0.934534822999886
2024-04-26 00:00:00 UTC,0.931986471433293
2024-04-27 00:00:00 UTC,0.934775492725539
2024-04-28 00:00:00 UTC,0.934538579080142
2024-04-29 00:00:00 UTC,0.933992642244022
2024-04-30 00:00:00 UTC,0.932537556764813
2024-05-01 00:00:00 UTC,0.936276510259677
2024-05-02 00:00:00 UTC,0.93185461130614
2024-05-03 00:00:00 UTC,0.931897330139319
2024-05-04 00:00:00 UTC,0.928604243434216
2024-05-05 00:00:00 UTC,0.928781544962085
2024-05-06 00:00:00 UTC,0.928969518246547
2024-05-07 00:00:00 UTC,0.928289155480662
2024-05-08 00:00:00 UTC,0.930415976051771
2024-05-09 00:00:00 UTC,0.930320020033495
2024-05-10 00:00:00 UTC,0.927686021519782
2024-05-11 00:00:00 UTC,0.927596122468397
2024-05-12 00:00:00 UTC,0.927418410103796
2024-05-13 00:00:00 UTC,0.927696824227275
2024-05-14 00:00:00 UTC,0.92657595980218
2024-05-15 00:00:00 UTC,0.924236130985875
2024-05-16 00:00:00 UTC,0.917943761327026
2024-05-17 00:00:00 UTC,0.920144143836911
2024-05-18 00:00:00 UTC,0.920168578349843
2024-05-19 00:00:00 UTC,0.918838982646427
2024-05-20 00:00:00 UTC,0.919560773818615
2024-05-21 00:00:00 UTC,0.921133653270131
2024-05-22 00:00:00 UTC,0.920104123764525
2024-05-23 00:00:00 UTC,0.923584573246566
2024-05-24 00:00:00 UTC,0.924536904621599
2024-05-25 00:00:00 UTC,0.920932241336957
2024-05-26 00:00:00 UTC,0.921672742802698
2024-05-27 00:00:00 UTC,0.921656950434845
2024-05-28 00:00:00 UTC,0.920084679191239
2024-05-29 00:00:00 UTC,0.920326590728503
2024-05-30 00:00:00 UTC,0.924714922377853
2024-05-31 00:00:00 UTC,0.922746823685494
2024-06-01 00:00:00 UTC,0.920294566190042
2024-06-02 00:00:00 UTC,0.920533048209476
2024-06-03 00:00:00 UTC,0.920928049878315
2024-06-04 00:00:00 UTC,0.916733275587107
2024-06-05 00:00:00 UTC,0.91914995406854
2024-06-06 00:00:00 UTC,0.920313875091873
2024-06-07 00:00:00 UTC,0.917705175663228
2024-06-08 00:00:00 UTC,0.924924089961988
2024-06-09 00:00:00 UTC,0.925242929689539
2024-06-10 00:00:00 UTC,0.927971840735686
2024-06-11 00:00:00 UTC,0.928748395802969
2024-06-12 00:00:00 UTC,0.930823047741751
2024-06-13 00:00:00 UTC,0.924341573510082
2024-06-14 00:00:00 UTC,0.930362009170148
2024-06-15 00:00:00 UTC,0.932018329135964
2024-06-16 00:00:00 UTC,0.932466679584761
2024-06-17 00:00:00 UTC,0.933498865782345
2024-06-18 00:00:00 UTC,0.930695774243314
2024-06-19 00:00:00 UTC,0.93100200177625
2024-06-20 00:00:00 UTC,0.930478203222419
2024-06-21 00:00:00 UTC,0.933224991300314
2024-06-22 00:00:00 UTC,0.934863008594816
2024-06-23 00:00:00 UTC,0.934772617575473
2024-06-24 00:00:00 UTC,0.934574197073547
2024-06-25 00:00:00 UTC,0.931598266636116
2024-06-26 00:00:00 UTC,0.93364798032651
2024-06-27 00:00:00 UTC,0.935419358756884
2024-06-28 00:00:00 UTC,0.932573628098898
2024-06-29 00:00:00 UTC,0.931077307755
2024-06-30 00:00:00 UTC,0.931296851049376
2024-07-01 00:00:00 UTC,0.930008572796041
2024-07-02 00:00:00 UTC,0.930483225465642
2024-07-03 00:00:00 UTC,0.929078907399879
2024-07-04 00:00:00 UTC,0.925985809236177
2024-07-05 00:00:00 UTC,0.924305015831
2024-07-06 00:00:00 UTC,0.922221198589244
2024-07-07 00:00:00 UTC,0.922953207702898
2024-07-08 00:00:00 UTC,0.923519694227015
2024-07-09 00:00:00 UTC,0.923078853967003
2024-07-10 00:00:00 UTC,0.924133199243527
2024-07-11 00:00:00 UTC,0.92294169883251
2024-07-12 00:00:00 UTC,0.92029058402028
2024-07-13 00:00:00 UTC,0.91571322915543
2024-07-14 00:00:00 UTC,0.915496990018747
2024-07-15 00:00:00 UTC,0.918561316711037
2024-07-16 00:00:00 UTC,0.918586787699586
2024-07-17 00:00:00 UTC,0.917763260205544
2024-07-18 00:00:00 UTC,0.913935434214801
2024-07-19 00:00:00 UTC,0.916891381873786
2024-07-20 00:00:00 UTC,0.918464085028683
2024-07-21 00:00:00 UTC,0.918481415413447
2024-07-22 00:00:00 UTC,0.918071254447883
2024-07-23 00:00:00 UTC,0.918681955758678
2024-07-24 00:00:00 UTC,0.921655799203531
2024-07-25 00:00:00 UTC,0.922678640499014
2024-07-26 00:00:00 UTC,0.921524087727556
2024-07-27 00:00:00 UTC,0.919887222332645
2024-07-28 00:00:00 UTC,0.919856834386556
2024-07-29 00:00:00 UTC,0.921446269231928
2024-07-30 00:00:00 UTC,0.924092385878992
2024-07-31 00:00:00 UTC,0.924169445035958
2024-08-01 00:00:00 UTC,0.923963734589144
2024-08-02 00:00:00 UTC,0.926101955812481
2024-08-03 00:00:00 UTC,0.914472559841849
2024-08-04 00:00:00 UTC,0.915613489719522
2024-08-05 00:00:00 UTC,0.915396564107283
2024-08-06 00:00:00 UTC,0.911655699056311
2024-08-07 00:00:00 UTC,0.914987829417938
2024-08-08 00:00:00 UTC,0.914880999684661
2024-08-09 00:00:00 UTC,0.917001456845383
2024-08-10 00:00:00 UTC,0.917658652653268
2024-08-11 00:00:00 UTC,0.915446601697456
2024-08-12 00:00:00 UTC,0.916907506522349
2024-08-13 00:00:00 UTC,0.914534445430423
2024-08-14 00:00:00 UTC,0.910254284121696
2024-08-15 00:00:00 UTC,0.908187084530233
2024-08-16 00:00:00 UTC,0.911285515764208
2024-08-17 00:00:00 UTC,0.90631659183854
2024-08-18 00:00:00 UTC,0.906677388671008
2024-08-19 00:00:00 UTC,0.90576971687992
2024-08-20 00:00:00 UTC,0.902996255373565
2024-08-21 00:00:00 UTC,0.898544190079745
2024-08-22 00:00:00 UTC,0.896781977765401
2024-08-23 00:00:00 UTC,0.899555357232934
2024-08-24 00:00:00 UTC,0.894040499175093
2024-08-25 00:00:00 UTC,0.894657875706374
2024-08-26 00:00:00 UTC,0.893654557982158
2024-08-27 00:00:00 UTC,0.895581935596203
2024-08-28 00:00:00 UTC,0.893868774538157
2024-08-29 00:00:00 UTC,0.898111808913081
2024-08-30 00:00:00 UTC,0.902353175386118
2024-08-31 00:00:00 UTC,0.904219860355366
2024-09-01 00:00:00 UTC,0.90398139889073
2024-09-02 00:00:00 UTC,0.905843281364434
2024-09-03 00:00:00 UTC,0.903605091590682
2024-09-04 00:00:00 UTC,0.903360662800823
2024-09-05 00:00:00 UTC,0.902480790811734
2024-09-06 00:00:00 UTC,0.899576180333027
2024-09-07 00:00:00 UTC,0.901715096757171
2024-09-08 00:00:00 UTC,0.901884266117222
2024-09-09 00:00:00 UTC,0.901210375291116
2024-09-10 00:00:00 UTC,0.905725162906494
2024-09-11 00:00:00 UTC,0.907676101821305
2024-09-12 00:00:00 UTC,0.908027173004423
2024-09-13 00:00:00 UTC,0.902516274047559
2024-09-14 00:00:00 UTC,0.902593384851086
2024-09-15 00:00:00 UTC,0.902632481186523
2024-09-16 00:00:00 UTC,0.902412419005798
2024-09-17 00:00:00 UTC,0.897981107379641
2024-09-18 00:00:00 UTC,0.899194744232023
2024-09-19 00:00:00 UTC,0.901248035092042
2024-09-20 00:00:00 UTC,0.896220271133796
2024-09-21 00:00:00 UTC,0.895058916209194
2024-09-22 00:00:00 UTC,0.895077976958998
2024-09-23 00:00:00 UTC,0.896089729429859
2024-09-24 00:00:00 UTC,0.8998508800811
2024-09-25 00:00:00 UTC,0.893723736879626
2024-09-26 00:00:00 UTC,0.898978056195801
2024-09-27 00:00:00 UTC,0.894802470082357
2024-09-28 00:00:00 UTC,0.895529056548647
2024-09-29 00:00:00 UTC,0.895708011812524
2024-09-30 00:00:00 UTC,0.895281141957425
2024-10-01 00:00:00 UTC,0.898030092763543
2024-10-02 00:00:00 UTC,0.903122583143863
2024-10-03 00:00:00 UTC,0.905164695839458
2024-10-04 00:00:00 UTC,0.905838951839897
2024-10-05 00:00:00 UTC,0.910995911203978
2024-10-06 00:00:00 UTC,0.910871602373282
2024-10-07 00:00:00 UTC,0.911242522661169
2024-10-08 00:00:00 UTC,0.910059054435759
2024-10-09 00:00:00 UTC,0.910418786652252
2024-10-10 00:00:00 UTC,0.912764878188438
2024-10-11 00:00:00 UTC,0.914035782404067
2024-10-12 00:00:00 UTC,0.913804929931498
2024-10-13 00:00:00 UTC,0.91381164105663
2024-10-14 00:00:00 UTC,0.913970774748262
2024-10-15 00:00:00 UTC,0.916226676197941
2024-10-16 00:00:00 UTC,0.918134810995977
2024-10-17 00:00:00 UTC,0.920787301250021
2024-10-18 00:00:00 UTC,0.923250407704881
2024-10-19 00:00:00 UTC,0.919989503916568
2024-10-20 00:00:00 UTC,0.919811847538597
2024-10-21 00:00:00 UTC,0.92013505728162
2024-10-22 00:00:00 UTC,0.924082600490571
2024-10-23 00:00:00 UTC,0.925718510168623
2024-10-24 00:00:00 UTC,0.926801565347828
2024-10-25 00:00:00 UTC,0.923646705951601
2024-10-26 00:00:00 UTC,0.925886875076653
2024-10-27 00:00:00 UTC,0.924681383673925
2024-10-28 00:00:00 UTC,0.924915503789613
2024-10-29 00:00:00 UTC,0.924006089951195
2024-10-30 00:00:00 UTC,0.924762246806302
2024-10-31 00:00:00 UTC,0.920026787379227
2024-11-01 00:00:00 UTC,0.917029828325628
2024-11-02 00:00:00 UTC,0.919674614786029
2024-11-03 00:00:00 UTC,0.919534139127494
2024-11-04 00:00:00 UTC,0.919271088414981
2024-11-05 00:00:00 UTC,0.919325329976776
2024-11-06 00:00:00 UTC,0.914581960017159
2024-11-07 00:00:00 UTC,0.932256112260725
2024-11-08 00:00:00 UTC,0.926695920363316
2024-11-09 00:00:00 UTC,0.933537845304507
2024-11-10 00:00:00 UTC,0.932175901802371
2024-11-11 00:00:00 UTC,0.934376146182779
2024-11-12 00:00:00 UTC,0.938101084673403
2024-11-13 00:00:00 UTC,0.943994996953413
2024-11-14 00:00:00 UTC,0.947257546266716
2024-11-15 00:00:00 UTC,0.951742443174296
2024-11-16 00:00:00 UTC,0.948189918481928
2024-11-17 00:00:00 UTC,0.949316733981111
2024-11-18 00:00:00 UTC,0.949710166274647
2024-11-19 00:00:00 UTC,0.944341751834636
2024-11-20 00:00:00 UTC,0.943771846351924
2024-11-21 00:00:00 UTC,0.94955899033183
2024-11-22 00:00:00 UTC,0.956299445605653
2024-11-23 00:00:00 UTC,0.960765482274082
2024-11-24 00:00:00 UTC,0.961283337173217
2024-11-25 00:00:00 UTC,0.955746262529421
2024-11-26 00:00:00 UTC,0.956848833951541
2024-11-27 00:00:00 UTC,0.952425158297125
2024-11-28 00:00:00 UTC,0.947889165439475
2024-11-29 00:00:00 UTC,0.947243949178533
2024-11-30 00:00:00 UTC,0.946087733828719
2024-12-01 00:00:00 UTC,0.94595398205526
2024-12-02 00:00:00 UTC,0.94928917633446
2024-12-03 00:00:00 UTC,0.952943937130596
2024-12-04 00:00:00 UTC,0.952384749144213
2024-12-05 00:00:00 UTC,0.952273158619712
2024-12-06 00:00:00 UTC,0.94648435772111
2024-12-07 00:00:00 UTC,0.947238158996114
2024-12-08 00:00:00 UTC,0.945394015156798
2024-12-09 00:00:00 UTC,0.948402665898493
2024-12-10 00:00:00 UTC,0.948395136865099
2024-12-11 00:00:00 UTC,0.950117428534472
2024-12-12 00:00:00 UTC,0.951852300302208
2024-12-13 00:00:00 UTC,0.954674520608103
2024-12-14 00:00:00 UTC,0.952034446990578
2024-12-15 00:00:00 UTC,0.951918614126472
2024-12-16 00:00:00 UTC,0.950888154245948
2024-12-17 00:00:00 UTC,0.950929935808563
2024-12-18 00:00:00 UTC,0.952377141007539
2024-12-19 00:00:00 UTC,0.964416672398522
2024-12-20 00:00:00 UTC,0.963868202135671
2024-12-21 00:00:00 UTC,0.959077139884931
2024-12-22 00:00:00 UTC,0.95891857558407
2024-12-23 00:00:00 UTC,0.957075277113605
2024-12-24 00:00:00 UTC,0.959682432777636
2024-12-25 00:00:00 UTC,0.962100706111651
2024-12-26 00:00:00 UTC,0.961073835640231
2024-12-27 00:00:00 UTC,0.958370840904275
2024-12-28 00:00:00 UTC,0.957788584543854
2024-12-29 00:00:00 UTC,0.957407994840955
2024-12-30 00:00:00 UTC,0.957193804469537
2024-12-31 00:00:00 UTC,0.959638864881692
2025-01-01 00:00:00 UTC,0.964375340286254
2025-01-02 00:00:00 UTC,0.963553724405948
2025-01-03 00:00:00 UTC,0.972767036677272
2025-01-04 00:00:00 UTC,0.969211943149376
2025-01-05 00:00:00 UTC,0.969722998305184
2025-01-06 00:00:00 UTC,0.970164910250193
2025-01-07 00:00:00 UTC,0.963652488726819
2025-01-08 00:00:00 UTC,0.966581578355603
2025-01-09 00:00:00 UTC,0.968945502445605
2025-01-10 00:00:00 UTC,0.971299825500189
2025-01-11 00:00:00 UTC,0.974876034624159
2025-01-12 00:00:00 UTC,0.974823340901934
2025-01-13 00:00:00 UTC,0.976038419470959
2025-01-14 00:00:00 UTC,0.974155219835208
2025-01-15 00:00:00 UTC,0.970188847971929
2025-01-16 00:00:00 UTC,0.971713434365836
2025-01-17 00:00:00 UTC,0.970847993171489
2025-01-18 00:00:00 UTC,0.970708821288275
2025-01-19 00:00:00 UTC,0.97277580673768
2025-01-20 00:00:00 UTC,0.969600274190974
2025-01-21 00:00:00 UTC,0.956241271866835
2025-01-22 00:00:00 UTC,0.961564566521892
2025-01-23 00:00:00 UTC,0.959676447655515
2025-01-24 00:00:00 UTC,0.960319416100797
2025-01-25 00:00:00 UTC,0.952511809322498
2025-01-26 00:00:00 UTC,0.951557658647123
2025-01-27 00:00:00 UTC,0.953895234330581
2025-01-28 00:00:00 UTC,0.958134109417965
2025-01-29 00:00:00 UTC,0.958728904006283
2025-01-30 00:00:00 UTC,0.95911698788979
2025-01-31 00:00:00 UTC,0.961241903302489
2025-02-01 00:00:00 UTC,0.965047523891246
2025-02-02 00:00:00 UTC,0.965198406056489
2025-02-03 00:00:00 UTC,0.976260913692795
2025-02-04 00:00:00 UTC,0.969166679617267
2025-02-05 00:00:00 UTC,0.96552180912837
2025-02-06 00:00:00 UTC,0.962122829619012
2025-02-07 00:00:00 UTC,0.963567328571461
2025-02-08 00:00:00 UTC,0.968497980158313
2025-02-09 00:00:00 UTC,0.968174677993161
2025-02-10 00:00:00 UTC,0.970235871366869
2025-02-11 00:00:00 UTC,0.970815497575397
2025-02-12 00:00:00 UTC,0.964311290564217
2025-02-13 00:00:00 UTC,0.962446768758351
2025-02-14 00:00:00 UTC,0.956070037075276
2025-02-15 00:00:00 UTC,0.952755836376146
2025-02-16 00:00:00 UTC,0.953299418033273
2025-02-17 00:00:00 UTC,0.953365473894937
2025-02-18 00:00:00 UTC,0.953762418905115
2025-02-19 00:00:00 UTC,0.95658407420445
2025-02-20 00:00:00 UTC,0.959597102673999
2025-02-21 00:00:00 UTC,0.952453039704647
2025-02-22 00:00:00 UTC,0.955037260713718
2025-02-23 00:00:00 UTC,0.956175098024065
2025-02-24 00:00:00 UTC,0.954394721030902
2025-02-25 00:00:00 UTC,0.955604025043565
2025-02-26 00:00:00 UTC,0.949581643028385
2025-02-27 00:00:00 UTC,0.951901552302271
2025-02-28 00:00:00 UTC,0.960951308606887
2025-03-01 00:00:00 UTC,0.963015317172065
2025-03-02 00:00:00 UTC,0.963165390179838
2025-03-03 00:00:00 UTC,0.960206369852949
2025-03-04 00:00:00 UTC,0.953117522401406
2025-03-05 00:00:00 UTC,0.940864992420354
2025-03-06 00:00:00 UTC,0.92631448928697
2025-03-07 00:00:00 UTC,0.926946401960459
2025-03-08 00:00:00 UTC,0.922534755912568
2025-03-09 00:00:00 UTC,0.922892514516257
2025-03-10 00:00:00 UTC,0.920527885604188
2025-03-11 00:00:00 UTC,0.921759950153246
2025-03-12 00:00:00 UTC,0.915907910613498
2025-03-13 00:00:00 UTC,0.918475602810209
2025-03-14 00:00:00 UTC,0.920898015946176
2025-03-15 00:00:00 UTC,0.915558600758202
2025-03-16 00:00:00 UTC,0.916062317729357
2025-03-17 00:00:00 UTC,0.918805222161942
2025-03-18 00:00:00 UTC,0.915770516635131
2025-03-19 00:00:00 UTC,0.913855776981992
2025-03-20 00:00:00 UTC,0.916694256569767
2025-03-21 00:00:00 UTC,0.920484367541071
2025-03-22 00:00:00 UTC,0.919062225752222
2025-03-23 00:00:00 UTC,0.919427856955796
2025-03-24 00:00:00 UTC,0.922862844195996
2025-03-25 00:00:00 UTC,0.925818368980025
2025-03-26 00:00:00 UTC,0.927201986397521
2025-03-27 00:00:00 UTC,0.930811516732145
2025-03-28 00:00:00 UTC,0.925647693488794
2025-03-29 00:00:00 UTC,0.919052518574742
2025-03-30 00:00:00 UTC,0.919195898527895
2025-03-31 00:00:00 UTC,0.923648488739811
2025-04-01 00:00:00 UTC,0.92423894668326
2025-04-02 00:00:00 UTC,0.92603886381799
2025-04-03 00:00:00 UTC,0.917011055954693
2025-04-04 00:00:00 UTC,0.905069203711509
2025-04-05 00:00:00 UTC,0.912113431248192
2025-04-06 00:00:00 UTC,0.912075308674673
2025-04-07 00:00:00 UTC,0.908793851405579
2025-04-08 00:00:00 UTC,0.91566228845201
2025-04-09 00:00:00 UTC,0.909550701996425
2025-04-10 00:00:00 UTC,0.913050779111469
2025-04-11 00:00:00 UTC,0.889490532873963
2025-04-12 00:00:00 UTC,0.88054014496401
2025-04-13 00:00:00 UTC,0.880344490599229
2025-04-14 00:00:00 UTC,0.881509156151753
2025-04-15 00:00:00 UTC,0.882047273629865
2025-04-16 00:00:00 UTC,0.885292524369695
2025-04-17 00:00:00 UTC,0.877168290894501
2025-04-18 00:00:00 UTC,0.879326158402735
2025-04-19 00:00:00 UTC,0.87918518413395
2025-04-20 00:00:00 UTC,0.879240422479301
2025-04-21 00:00:00 UTC,0.87337912120111
2025-04-22 00:00:00 UTC,0.868687388233022
2025-04-23 00:00:00 UTC,0.881837856688907
2025-04-24 00:00:00 UTC,0.882780976813709
2025-04-25 00:00:00 UTC,0.879631045285247
2025-04-26 00:00:00 UTC,0.877335758741161
2025-04-27 00:00:00 UTC,0.877985187773129
2025-04-28 00:00:00 UTC,0.881562127536444
2025-04-29 00:00:00 UTC,0.876725038179696
2025-04-30 00:00:00 UTC,0.878434333377037
2025-05-01 00:00:00 UTC,0.883089406268471
2025-05-02 00:00:00 UTC,0.885490977464562
2025-05-03 00:00:00 UTC,0.885079160681538
2025-05-04 00:00:00 UTC,0.884952710728319
2025-05-05 00:00:00 UTC,0.883150282407507
2025-05-06 00:00:00 UTC,0.88372680932498
2025-05-07 00:00:00 UTC,0.881577399131541
2025-05-08 00:00:00 UTC,0.88459534810262
2025-05-09 00:00:00 UTC,0.890740001202022
2025-05-10 00:00:00 UTC,0.888909925126472
2025-05-11 00:00:00 UTC,0.888924964217073
2025-05-12 00:00:00 UTC,0.890681271366162
2025-05-13 00:00:00 UTC,0.901309690709391
2025-05-14 00:00:00 UTC,0.894065017089826
2025-05-15 00:00:00 UTC,0.894294278940488
2025-05-16 00:00:00 UTC,0.893597362993198
2025-05-17 00:00:00 UTC,0.896084049994937
2025-05-18 00:00:00 UTC,0.896162843701351
2025-05-19 00:00:00 UTC,0.894376195368754
2025-05-20 00:00:00 UTC,0.890503730389044
2025-05-21 00:00:00 UTC,0.886176612167716
2025-05-22 00:00:00 UTC,0.882883387498113
2025-05-23 00:00:00 UTC,0.886427953087859
2025-05-24 00:00:00 UTC,0.879603982985041
2025-05-25 00:00:00 UTC,0.879700906923322
2025-05-26 00:00:00 UTC,0.879619540081674
2025-05-27 00:00:00 UTC,0.878079832194035
2025-05-28 00:00:00 UTC,0.882321439107075
2025-05-29 00:00:00 UTC,0.889741422014372
2025-05-30 00:00:00 UTC,0.878803665768116
2025-05-31 00:00:00 UTC,0.881458296481176
2025-06-01 00:00:00 UTC,0.881527689109701
2025-06-02 00:00:00 UTC,0.8809593151408
2025-06-03 00:00:00 UTC,0.873535100930008
2025-06-04 00:00:00 UTC,0.878987812224993
2025-06-05 00:00:00 UTC,0.876051838494601
2025-06-06 00:00:00 UTC,0.873581629544666
2025-06-07 00:00:00 UTC,0.877726159792936
2025-06-08 00:00:00 UTC,0.87753279133327
2025-06-09 00:00:00 UTC,0.876997554368308
2025-06-10 00:00:00 UTC,0.875264950038124
2025-06-11 00:00:00 UTC,0.874379425797053
2025-06-12 00:00:00 UTC,0.869203105216666
2025-06-13 00:00:00 UTC,0.86239861736528
2025-06-14 00:00:00 UTC,0.866113156327512
2025-06-15 00:00:00 UTC,0.866098628162137
2025-06-16 00:00:00 UTC,0.865865349442486
2025-06-17 00:00:00 UTC,0.865887458992139
2025-06-18 00:00:00 UTC,0.871118565136605
2025-06-19 00:00:00 UTC,0.871628587206809
2025-06-20 00:00:00 UTC,0.868810030525577
2025-06-21 00:00:00 UTC,0.867731559754645
2025-06-22 00:00:00 UTC,0.867870748013257
2025-06-23 00:00:00 UTC,0.869547016401149
2025-06-24 00:00:00 UTC,0.862645778597698
2025-06-25 00:00:00 UTC,0.861427000752228
2025-06-26 00:00:00 UTC,0.856294123674154
2025-06-27 00:00:00 UTC,0.855512769306605
2025-06-28 00:00:00 UTC,0.853487441310763
2025-06-29 00:00:00 UTC,0.853434641125624
2025-06-30 00:00:00 UTC,0.85268029846789
2025-07-01 00:00:00 UTC,0.848707740710331
2025-07-02 00:00:00 UTC,0.847205123343845
2025-07-03 00:00:00 UTC,0.847725389260973
2025-07-04 00:00:00 UTC,0.849961920685286
2025-07-05 00:00:00 UTC,0.849170350163073
2025-07-06 00:00:00 UTC,0.849128100459951
2025-07-07 00:00:00 UTC,0.849119122645498
2025-07-08 00:00:00 UTC,0.852035937225825
2025-07-09 00:00:00 UTC,0.853136564758738
2025-07-10 00:00:00 UTC,0.852758783880423
2025-07-11 00:00:00 UTC,0.854642396060932
2025-07-12 00:00:00 UTC,0.855703547142932
2025-07-13 00:00:00 UTC,0.85568697891088
2025-07-14 00:00:00 UTC,0.856309196111072
2025-07-15 00:00:00 UTC,0.857248034167776
2025-07-16 00:00:00 UTC,0.861539953929597
2025-07-17 00:00:00 UTC,0.859864006456187
2025-07-18 00:00:00 UTC,0.861431116614663
2025-07-19 00:00:00 UTC,0.860390460858998
2025-07-20 00:00:00 UTC,0.86033089085591
2025-07-21 00:00:00 UTC,0.860068424691935
2025-07-22 00:00:00 UTC,0.85531917992064
2025-07-23 00:00:00 UTC,0.852252837921052
2025-07-24 00:00:00 UTC,0.849519309828746
2025-07-25 00:00:00 UTC,0.850961844029271
2025-07-26 00:00:00 UTC,0.851332811843319
2025-07-27 00:00:00 UTC,0.851513213234763
2025-07-28 00:00:00 UTC,0.85072382172013
2025-07-29 00:00:00 UTC,0.862411588064461
2025-07-30 00:00:00 UTC,0.865427960156669
2025-07-31 00:00:00 UTC,0.874834106205952
2025-08-01 00:00:00 UTC,0.875125185349602
2025-08-02 00:00:00 UTC,0.862167747897629
2025-08-03 00:00:00 UTC,0.862599299199952
2025-08-04 00:00:00 UTC,0.862942997885093
2025-08-05 00:00:00 UTC,0.863248300502397
2025-08-06 00:00:00 UTC,0.863299402809283
2025-08-07 00:00:00 UTC,0.857586141732532
2025-08-08 00:00:00 UTC,0.856498987097234
2025-08-09 00:00:00 UTC,0.858626609942224
2025-08-10 00:00:00 UTC,0.858550893923473
2025-08-11 00:00:00 UTC,0.858531731219962
2025-08-12 00:00:00 UTC,0.860885353463211
2025-08-13 00:00:00 UTC,0.856166434320098
2025-08-14 00:00:00 UTC,0.85401639918124
2025-08-15 00:00:00 UTC,0.858952780015955
2025-08-16 00:00:00 UTC,0.85490622582448
2025-08-17 00:00:00 UTC,0.854853821270391
2025-08-18 00:00:00 UTC,0.85477357016244
2025-08-19 00:00:00 UTC,0.857439549978544
2025-08-20 00:00:00 UTC,0.858794418498212
2025-08-21 00:00:00 UTC,0.858399674730995
2025-08-22 00:00:00 UTC,0.860832276218325
2025-08-23 00:00:00 UTC,0.852649952114955
2025-08-24 00:00:00 UTC,0.852790011600425
2025-08-25 00:00:00 UTC,0.85384797031573
2025-08-26 00:00:00 UTC,0.861172136013193
2025-08-27 00:00:00 UTC,0.85927252658661
2025-08-28 00:00:00 UTC,0.858700563108429
2025-08-29 00:00:00 UTC,0.856149755832624
2025-08-30 00:00:00 UTC,0.855947634581869
2025-08-31 00:00:00 UTC,0.855832291887172
2025-09-01 00:00:00 UTC,0.855572657324364
2025-09-02 00:00:00 UTC,0.853590824666571
2025-09-03 00:00:00 UTC,0.859483502075304
2025-09-04 00:00:00 UTC,0.85798891095788
2025-09-05 00:00:00 UTC,0.857976686965154
2025-09-06 00:00:00 UTC,0.853273440592613
2025-09-07 00:00:00 UTC,0.85381958129906
2025-09-08 00:00:00 UTC,0.853880771591086
2025-09-09 00:00:00 UTC,0.849760223174888
2025-09-10 00:00:00 UTC,0.854687856862751
2025-09-11 00:00:00 UTC,0.854747882037108
2025-09-12 00:00:00 UTC,0.852520985840634
2025-09-13 00:00:00 UTC,0.852658328616515
2025-09-14 00:00:00 UTC,0.852710106793605
2025-09-15 00:00:00 UTC,0.853333200259228
2025-09-16 00:00:00 UTC,0.850291666623675
2025-09-17 00:00:00 UTC,0.842680506947561
2025-09-18 00:00:00 UTC,0.845874299632173
2025-09-19 00:00:00 UTC,0.848477320173752
2025-09-20 00:00:00 UTC,0.851758711694257
2025-09-21 00:00:00 UTC,0.851593681200253
2025-09-22 00:00:00 UTC,0.852349547876309
2025-09-23 00:00:00 UTC,0.847998502561046
2025-09-24 00:00:00 UTC,0.846640565907699
2025-09-25 00:00:00 UTC,0.85171419324107
2025-09-26 00:00:00 UTC,0.857832086128988
2025-09-27 00:00:00 UTC,0.854845596665932
2025-09-28 00:00:00 UTC,0.854938855984257
2025-09-29 00:00:00 UTC,0.85440617039757
2025-09-30 00:00:00 UTC,0.852863114771371
2025-10-01 00:00:00 UTC,0.852051910478589
2025-10-02 00:00:00 UTC,0.852509059324083
2025-10-03 00:00:00 UTC,0.853342444608778
2025-10-04 00:00:00 UTC,0.852070274902762
2025-10-05 00:00:00 UTC,0.85226509188437
2025-10-06 00:00:00 UTC,0.854086197926078
2025-10-07 00:00:00 UTC,0.854232810695235
2025-10-08 00:00:00 UTC,0.858274581765773
2025-10-09 00:00:00 UTC,0.860091397073566
2025-10-10 00:00:00 UTC,0.865127552245518
2025-10-11 00:00:00 UTC,0.862048286577779
2025-10-12 00:00:00 UTC,0.861880154802823
2025-10-13 00:00:00 UTC,0.863023926841835
2025-10-14 00:00:00 UTC,0.865482325678457
2025-10-15 00:00:00 UTC,0.862442454098904
2025-10-16 00:00:00 UTC,0.859302477505325
2025-10-17 00:00:00 UTC,0.855177941783431
2025-10-18 00:00:00 UTC,0.858234694659799
2025-10-19 00:00:00 UTC,0.858382040638696
2025-10-20 00:00:00 UTC,0.858250358773855
2025-10-21 00:00:00 UTC,0.859314430433446
2025-10-22 00:00:00 UTC,0.862512546015922
2025-10-23 00:00:00 UTC,0.861832769137396
2025-10-24 00:00:00 UTC,0.861098430321812
2025-10-25 00:00:00 UTC,0.860544067522763
2025-10-26 00:00:00 UTC,0.860525209007327
2025-10-27 00:00:00 UTC,0.859919336810302
2025-10-28 00:00:00 UTC,0.858337920780958
2025-10-29 00:00:00 UTC,0.858453476151526
2025-10-30 00:00:00 UTC,0.862203460912358
2025-10-31 00:00:00 UTC,0.864323409899463
2025-11-01 00:00:00 UTC,0.861934241349542
2025-11-02 00:00:00 UTC,0.862450101519633
2025-11-03 00:00:00 UTC,0.867283274252374
2025-11-04 00:00:00 UTC,0.86807495245208
2025-11-05 00:00:00 UTC,0.870677069062567
2025-11-06 00:00:00 UTC,0.869967163140004
2025-11-07 00:00:00 UTC,0.865577547237818
2025-11-08 00:00:00 UTC,0.864090058362085
2025-11-09 00:00:00 UTC,0.86417781315684
2025-11-10 00:00:00 UTC,0.86613705933808
2025-11-11 00:00:00 UTC,0.86481159533638
2025-11-12 00:00:00 UTC,0.862527403001914
2025-11-13 00:00:00 UTC,0.862543700664258
2025-11-14 00:00:00 UTC,0.85939119010221
2025-11-15 00:00:00 UTC,0.859977544453854
2025-11-16 00:00:00 UTC,0.860040028485721
2025-11-17 00:00:00 UTC,0.860622545044568
2025-11-18 00:00:00 UTC,0.861885357878757
2025-11-19 00:00:00 UTC,0.863193762804783
2025-11-20 00:00:00 UTC,0.865940860396834
2025-11-21 00:00:00 UTC,0.866043637945859
2025-11-22 00:00:00 UTC,0.8680237754455
2025-11-23 00:00:00 UTC,0.867746749031803
2025-11-24 00:00:00 UTC,0.868786509255681
2025-11-25 00:00:00 UTC,0.867862852994365
2025-11-26 00:00:00 UTC,0.864386060150648
2025-11-27 00:00:00 UTC,0.861877490703778
2025-11-28 00:00:00 UTC,0.861964236301265
2025-11-29 00:00:00 UTC,0.862526920664902
2025-11-30 00:00:00 UTC,0.862620974082741
2025-12-01 00:00:00 UTC,0.862258304818378
2025-12-02 00:00:00 UTC,0.861527113360555
2025-12-03 00:00:00 UTC,0.860177843973318
2025-12-04 00:00:00 UTC,0.857427535151735
2025-12-05 00:00:00 UTC,0.859156448590027
2025-12-06 00:00:00 UTC,0.858907020510764
2025-12-07 00:00:00 UTC,0.859061593202152
2025-12-08 00:00:00 UTC,0.859202627150041
2025-12-09 00:00:00 UTC,0.859235147568356
2025-12-10 00:00:00 UTC,0.860059995685269
2025-12-11 00:00:00 UTC,0.854729950743052
2025-12-12 00:00:00 UTC,0.851943750733773
2025-12-13 00:00:00 UTC,0.851692948081876
2025-12-14 00:00:00 UTC,0.852142814157339
2025-12-15 00:00:00 UTC,0.851953669161329
2025-12-16 00:00:00 UTC,0.850818423353848
2025-12-17 00:00:00 UTC,0.850997527263651
2025-12-18 00:00:00 UTC,0.851449607482425
2025-12-19 00:00:00 UTC,0.852411887084114
2025-12-20 00:00:00 UTC,0.853338228260153
2025-12-21 00:00:00 UTC,0.853632708480629
2025-12-22 00:00:00 UTC,0.853943854106882
2025-12-23 00:00:00 UTC,0.849587654393357
2025-12-24 00:00:00 UTC,0.847428487107152
2025-12-25 00:00:00 UTC,0.848885239108114
2025-12-26 00:00:00 UTC,0.848241048499656
2025-12-27 00:00:00 UTC,0.848827549259546
2025-12-28 00:00:00 UTC,0.848842644775076
2025-12-29 00:00:00 UTC,0.848719665279667
2025-12-30 00:00:00 UTC,0.848471526937581
2025-12-31 00:00:00 UTC,0.85049244374061
2026-01-01 00:00:00 UTC,0.851192197464399
2026-01-02 00:00:00 UTC,0.850108571048035
2026-01-03 00:00:00 UTC,0.852457458646268
2026-01-04 00:00:00 UTC,0.852403366666143
2026-01-05 00:00:00 UTC,0.854013290760965
2026-01-06 00:00:00 UTC,0.853707715619521
2026-01-07 00:00:00 UTC,0.855338409850713
2026-01-08 00:00:00 UTC,0.855521503512376
2026-01-09 00:00:00 UTC,0.857107813624326
2026-01-10 00:00:00 UTC,0.858375476404436
2026-01-11 00:00:00 UTC,0.858394613580169
2026-01-12 00:00:00 UTC,0.859168750749595
2026-01-13 00:00:00 UTC,0.85606257457529
2026-01-14 00:00:00 UTC,0.858349532660729
2026-01-15 00:00:00 UTC,0.858607878232946
2026-01-16 00:00:00 UTC,0.861197710549668
2026-01-17 00:00:00 UTC,0.861557165157304
2026-01-18 00:00:00 UTC,0.861294715521666
2026-01-19 00:00:00 UTC,0.860122860133094
2026-01-20 00:00:00 UTC,0.85863363586597
2026-01-21 00:00:00 UTC,0.851671343220786
2026-01-22 00:00:00 UTC,0.856025045451339
2026-01-23 00:00:00 UTC,0.849997455628718
2026-01-24 00:00:00 UTC,0.844529478313707
2026-01-25 00:00:00 UTC,0.844160040690399
2026-01-26 00:00:00 UTC,0.842569242875424
2026-01-27 00:00:00 UTC,0.841212805247625
2026-01-28 00:00:00 UTC,0.830616222581857
2026-01-29 00:00:00 UTC,0.834356521657708
2026-01-30 00:00:00 UTC,0.834447801371687
2026-01-31 00:00:00 UTC,0.842370019427638
2026-02-01 00:00:00 UTC,0.842730002025345
2026-02-02 00:00:00 UTC,0.842915960262664
2026-02-03 00:00:00 UTC,0.847079879230985
2026-02-04 00:00:00 UTC,0.845245954025965
2026-02-05 00:00:00 UTC,0.845553621203865
2026-02-06 00:00:00 UTC,0.847578908715153
2026-02-07 00:00:00 UTC,0.845682838266327
2026-02-08 00:00:00 UTC,0.845718099058198
2026-02-09 00:00:00 UTC,0.845401663369294
2026-02-10 00:00:00 UTC,0.839659121053305
2026-02-11 00:00:00 UTC,0.840722079832883
2026-02-12 00:00:00 UTC,0.841654477370714
2026-02-13 00:00:00 UTC,0.842004346288816
2026-02-14 00:00:00 UTC,0.842096251789186
2026-02-15 00:00:00 UTC,0.842037652656429
2026-02-16 00:00:00 UTC,0.84254504001696
2026-02-17 00:00:00 UTC,0.843622736080429
2026-02-18 00:00:00 UTC,0.843534758644901
2026-02-19 00:00:00 UTC,0.84804165986449
2026-02-20 00:00:00 UTC,0.849332982469503
2026-02-21 00:00:00 UTC,0.847919823547337
2026-02-22 00:00:00 UTC,0.848594212746489
2026-02-23 00:00:00 UTC,0.845231386828183
2026-02-24 00:00:00 UTC,0.84765369674016
2026-02-25 00:00:00 UTC,0.849288586447758
2026-02-26 00:00:00 UTC,0.846636344835393
2026-02-27 00:00:00 UTC,0.847402092625357
2026-02-28 00:00:00 UTC,0.846184151587528
2026-03-01 00:00:00 UTC,0.846467207950217
2026-03-02 00:00:00 UTC,0.85043460592909
2026-03-03 00:00:00 UTC,0.854983436306301
2026-03-04 00:00:00 UTC,0.86123794976212
2026-03-05 00:00:00 UTC,0.859523933656906
2026-03-06 00:00:00 UTC,0.861452617196965
2026-03-07 00:00:00 UTC,0.860365290887914
2026-03-08 00:00:00 UTC,0.86078926292552
2026-03-09 00:00:00 UTC,0.867547244070405
2026-03-10 00:00:00 UTC,0.860771920580372
2026-03-11 00:00:00 UTC,0.861266511247959
2026-03-12 00:00:00 UTC,0.866314837031108
2026-03-13 00:00:00 UTC,0.868017653999608
2026-03-14 00:00:00 UTC,0.8720324793667
2026-03-15 00:00:00 UTC,0.872457512066991
2026-03-16 00:00:00 UTC,0.874675985847347
2026-03-17 00:00:00 UTC,0.869632193685705
2026-03-18 00:00:00 UTC,0.866639410459301
